feature,fscore
total_price_by_orderID,512
customer_std_price,463
customer_mean_rrp,424
customer_mean_price,409
customer_std_rrp,379
total_rrp0_by_orderID,376
total_price_by_customerID,350
unit_price_min_avg,323
llr_articleID_x_sizeCode,316
totalPrice_minus_voucher,308
llr_colorCode_x_week,301
llr_articleID_x_paymentMethod,300
llr_articleID_x_colorCode,297
llr_sizeCode_x_week,294
llr_articleID_x_month,286
total_rrp0_by_customerID,279
llr_sizeCode_x_customerID,270
llr_colorCode_x_sizeCode,268
total_voucherAmt_per_day,267
llr_articleID_x_week,266
mean_time_between,260
llr_articleID_x_dow,255
mean_price_per_article,252
customer_size_quantity,243
llr_articleID_x_sameProductDiffSize,242
llr_articleID_x_deviceID,241
time_between2,240
orders_per_meanTime,239
runningTotalItems,232
llr_customerID_x_deviceID,231
time_between,228
totalPrice_per_meanTime,227
llr_customerID_x_repeat_color,224
llr_customerID_x_paymentMethod,220
llr_sizeCode_x_dow,218
llr_customerID_x_repeat_size,216
avg_price_per_day,213
llr_colorCode_x_dow,213
customer_per_day,211
total_voucherAmount_by_articleID,210
llr_customerID_x_sameProductDiffSize,209
customer_color_counts,199
llr_customerID_x_sameArticleDiffColor,197
llr_articleID_x_repeat_product,196
llr_dow_x_week,192
customer_median_price,191
llr_articleID_x_repeat_size,190
quantity_per_article,189
customer_std_voucherAmount,188
llr_articleID_x_sameArticleDiffSize,187
llr_customerID_x_repeat_product,187
llr_paymentMethod_x_week,185
llr_customerID_x_repeat_article,184
avg_voucherAmt_per_day,183
llr_productGroup_x_customerID,181
llr_articleID_x_any_holiday,179
llr_articleID_x_repeat_color,179
customer_mean_voucherAmount,178
llr_articleID_x_general_holiday,177
total_rrp0_by_articleID,176
runningTotalOrders,176
llr_articleID_x_sameArticleDiffColor,176
llr_customerID_x_general_holiday,175
discountProp,175
llr_customerID_x_legal_holiday,171
llr_colorCode_x_month,169
llr_articleID,168
total_price_per_day,165
avg_rrp_per_day,163
llr_colorCode_x_sameArticleDiffColor,163
customer_order_product_prop,162
llr_sizeCode_x_month,160
quantity_per_customer,159
llr_sizeCode_x_voucherID,159
customer_order_size_prop,157
total_voucherAmount_by_articleID.1,156
llr_voucherID_x_week,155
llr_customerID_x_dow,153
llr_sizeCode_x_productGroup,152
total_price_by_articleID.1,152
llr_customerID,151
articles_per_day,151
llr_colorCode_x_sameProductDiffSize,151
unit_price,151
llr_colorCode_x_productGroup,150
freqArticleID,150
customer_product_quantity,148
llr_articleID_x_repeat_article,148
llr_articleID_x_voucherID,147
llr_articleID_x_repeatOrderSameSize,144
llr_customerID_x_businessCustomer2,143
total_price_by_articleID,142
llr_paymentMethod_x_dow,140
total_rrp_per_day,140
llr_colorCode_x_repeat_product,138
llr_colorCode_x_deviceID,137
customer_art_counts,136
total_voucherAmount_by_colorCode,135
max_price_per_article,135
price_minus_voucher,133
total_voucherAmount_by_customerID.1,133
totalVoucher_per_meanTime,133
llr_sizeCode_x_paymentMethod,133
llr_customerID_x_businessCustomer,132
llr_sizeCode_x_sameArticleDiffSize,132
articleVsProduct_per_order,131
llr_colorCode_x_paymentMethod,131
llr_customerID_x_any_holiday,131
llr_voucherID_x_dow,130
llr_week_x_repeat_article,130
llr_colorCode_x_repeat_article,130
llr_deviceID_x_week,128
llr_week_x_repeat_size,128
llr_colorCode_x_voucherID,127
price,126
llr_deviceID_x_dow,125
llr_week_x_repeat_color,125
customer_order_color_prop,125
llr_week_x_repeatOrderSameSize,123
total_quantity_per_order,123
uniqueArticles_per_order,122
llr_customerID_x_repeatOrderSameSize,120
llr_articleID_x_legal_holiday,120
llr_sizeCode_x_deviceID,119
customer_visits,119
vouchers_per_day,118
total_voucherAmount_by_customerID,116
llr_productGroup_x_week,116
customer_size_counts,116
llr_sizeCode_x_sameProductDiffSize,115
llr_productGroup_x_dow,114
llr_week_x_any_holiday,112
llr_week_x_sameArticleDiffColor,112
llr_colorCode_x_sameArticleDiffSize,111
llr_articleID_x_businessCustomer,111
mean_price_per_color,111
uniqueColors_per_order,111
total_price_by_colorCode,111
sizeVsColor_per_order,109
customer_median_rrp,109
median_price_per_article,107
llr_articleID_x_productGroup,107
llr_colorCode,104
llr_voucherID_x_paymentMethod,102
llr_week_x_sameArticleDiffSize,101
llr_voucherID_x_customerID,101
llr_dow_x_repeat_color,100
llr_articleID_x_businessCustomer2,99
freqSizeCode,99
n_orders,99
max_price_per_color,98
llr_customerID_x_sameArticleDiffSize,98
quantity_per_size,98
freqColorCode,96
llr_week_x_sameProductDiffSize,96
llr_colorCode_x_legal_holiday,95
llr_colorCode_x_general_holiday,94
discountProp.1,94
llr_month_x_dow,92
size_num_train,92
productVsColor_per_order,90
llr_deviceID_x_month,89
llr_week_x_repeat_product,88
articleVsColor_per_order,88
llr_sizeCode_x_repeat_color,87
llr_colorCode_x_businessCustomer,87
total_rrp0_by_colorCode,86
llr_sizeCode_x_repeat_size,86
customer_prod_counts,85
quantity_per_color,84
llr_sizeCode_x_repeat_product,83
llr_dow_x_sameArticleDiffColor,83
llr_deviceID_x_paymentMethod,83
llr_colorCode_x_customerID,83
llr_voucherID_x_deviceID,82
llr_dow_x_sameArticleDiffSize,80
articleVsSize_per_order,79
llr_colorCode_x_repeat_color,79
llr_productGroup_x_sameProductDiffSize,78
uniqueProducts_per_order,78
llr_productGroup_x_paymentMethod,78
llr_colorCode_x_any_holiday,78
llr_week_x_businessCustomer,77
llr_productGroup_x_voucherID,76
llr_week_x_general_holiday,75
llr_colorCode_x_repeat_size,75
llr_dow_x_repeat_product,74
llr_week_x_legal_holiday,72
llr_customerID_x_month,72
llr_month_x_week,71
runningTotalVoucherAmount,71
llr_voucherID_x_month,70
llr_week,70
uniqueSizes_per_order,69
llr_dow_x_sameProductDiffSize,69
customer_color_quantity,69
llr_voucherID_x_repeat_color,68
llr_voucherID_x_sameProductDiffSize,68
llr_sizeCode_x_any_holiday,67
llr_sizeCode_x_general_holiday,67
mean_price_per_size,65
llr_dow_x_repeatOrderSameSize,64
median_price_per_color,63
customer_order_article_prop,63
rrp,62
llr_paymentMethod_x_month,62
llr_productGroup_x_month,62
llr_voucherID_x_repeat_size,61
llr_dow_x_repeat_article,60
llr_sizeCode_x_sameArticleDiffColor,60
llr_dow_x_repeat_size,60
productVsSize_per_order,60
total_voucherAmount_by_orderID,58
llr_paymentMethod_x_sameProductDiffSize,57
llr_voucherID_x_sameArticleDiffSize,57
llr_colorCode_x_businessCustomer2,56
llr_productGroup_x_deviceID,56
llr_dow_x_general_holiday,56
llr_sizeCode_x_repeat_article,55
total_price_by_productGroup0,53
llr_dow_x_any_holiday,53
paymentMethod_per_customer_train,53
size_num_train.1,53
llr_voucherID_x_sameArticleDiffColor,51
llr_paymentMethod_x_repeat_article,51
llr_voucherID_x_repeat_article,50
llr_customerID_x_week,50
customer_article_quantity,50
llr_sizeCode_x_businessCustomer,50
llr_productGroup_x_sameArticleDiffColor,49
llr_deviceID_x_repeat_color,48
llr_productGroup_x_sameArticleDiffSize,48
llr_colorCode_x_repeatOrderSameSize,47
llr_month_x_repeat_color,45
llr_productGroup_x_repeat_color,45
llr_dow_x_businessCustomer,45
llr_deviceID_x_sameArticleDiffSize,45
llr_paymentMethod_x_repeat_size,44
llr_month_x_repeat_product,44
llr_voucherID_x_repeatOrderSameSize,43
max_price_per_size,43
llr_voucherID_x_any_holiday,42
total_voucherAmount_by_orderID.1,42
llr_paymentMethod_x_sameArticleDiffColor,42
llr_paymentMethod_x_repeat_product,42
llr_sizeCode,41
total_rrp0_by_productGroup0,41
total_voucherAmount_by_productGroup0,41
llr_dow_x_businessCustomer2,40
llr_month_x_repeat_size,40
llr_deviceID_x_sameArticleDiffColor,40
llr_month_x_sameArticleDiffColor,39
quantity_per_product,39
freqProductGroup,39
llr_deviceID_x_any_holiday,39
quantity,39
llr_sizeCode_x_legal_holiday,39
llr_week_x_businessCustomer2,39
llr_deviceID_x_repeat_article,39
llr_productGroup_x_repeat_size,38
llr_month_x_sameProductDiffSize,37
llr_voucherID_x_repeat_product,37
llr_paymentMethod_x_businessCustomer,37
llr_month_x_repeatOrderSameSize,37
llr_voucherID_x_legal_holiday,36
llr_repeat_size_x_repeat_product,35
llr_articleID_x_customerID,35
llr_paymentMethod_x_sameArticleDiffSize,34
llr_deviceID_x_repeatOrderSameSize,34
llr_productGroup_x_businessCustomer,34
llr_sizeCode_x_repeatOrderSameSize,34
llr_deviceID_x_businessCustomer,33
llr_deviceID_x_general_holiday,33
llr_month_x_sameArticleDiffSize,31
llr_productGroup_x_repeat_product,31
llr_dow,31
llr_dow_x_legal_holiday,30
llr_voucherID,30
llr_paymentMethod_x_any_holiday,30
llr_sizeCode_x_businessCustomer2,29
llr_paymentMethod_x_repeatOrderSameSize,29
customer_median_voucherAmount,29
llr_paymentMethod_x_repeat_color,29
llr_month_x_businessCustomer,29
llr_repeat_color_x_repeat_article,29
llr_voucherID_x_general_holiday,28
llr_deviceID_x_repeat_product,28
max_price_per_product,28
llr_voucherID_x_businessCustomer,28
llr_productGroup_x_general_holiday,28
llr_deviceID_x_legal_holiday,27
llr_deviceID_x_sameProductDiffSize,27
extreme_size_train,27
llr_productGroup_x_legal_holiday,27
llr_repeat_size_x_repeat_article,27
voucherAmount,26
llr_productGroup_x_repeat_article,25
llr_sameArticleDiffSize_x_sameArticleDiffColor,25
llr_month_x_any_holiday,24
llr_month_x_repeat_article,24
llr_deviceID_x_repeat_size,24
llr_sameArticleDiffColor_x_legal_holiday,24
mean_price_per_product,23
llr_sameArticleDiffSize_x_repeat_color,22
llr_productGroup_x_any_holiday,22
llr_voucherID_x_businessCustomer2,22
llr_month_x_legal_holiday,22
llr_sameArticleDiffColor_x_repeat_color,21
llr_sameProductDiffSize_x_repeat_color,21
llr_any_holiday_x_repeat_size,21
llr_sameProductDiffSize_x_repeat_article,21
llr_productGroup_x_repeatOrderSameSize,21
llr_sameArticleDiffColor_x_repeat_size,20
llr_sameProductDiffSize_x_repeat_size,20
llr_paymentMethod_x_general_holiday,19
llr_legal_holiday_x_repeat_color,19
llr_any_holiday_x_repeat_product,19
llr_paymentMethod,18
llr_month_x_general_holiday,18
llr_paymentMethod_x_legal_holiday,18
llr_businessCustomer_x_sameProductDiffSize,18
llr_sameArticleDiffColor_x_any_holiday,18
llr_businessCustomer_x_repeat_color,18
llr_any_holiday_x_repeat_article,17
llr_productGroup,17
llr_month,16
median_price_per_product,16
llr_repeatOrderSameSize_x_repeat_size,15
llr_repeat_color_x_repeat_product,15
llr_legal_holiday_x_repeat_size,15
llr_sameArticleDiffColor_x_repeat_product,15
llr_productGroup_x_businessCustomer2,15
llr_general_holiday_x_repeat_size,15
llr_repeatOrderSameSize_x_repeat_color,15
llr_sameArticleDiffColor_x_repeat_article,15
llr_legal_holiday_x_repeat_article,15
llr_sameArticleDiffSize_x_any_holiday,14
llr_deviceID,14
llr_any_holiday_x_repeat_color,14
end_price,14
llr_sameProductDiffSize_x_any_holiday,14
llr_legal_holiday_x_repeat_product,14
llr_deviceID_x_businessCustomer2,14
llr_sameProductDiffSize_x_repeat_product,13
llr_sameArticleDiffSize_x_repeat_product,13
llr_sameArticleDiffColor_x_general_holiday,13
llr_businessCustomer_x_repeat_article,13
llr_repeatOrderSameSize_x_any_holiday,12
clustCustomer2,12
llr_general_holiday_x_repeat_product,12
llr_general_holiday_x_repeat_color,12
llr_general_holiday_x_repeat_article,12
repeatOrderSameSize,11
repeat_color,11
llr_paymentMethod_x_businessCustomer2,11
llr_businessCustomer2_x_repeatOrderSameSize,11
llr_businessCustomer_x_repeatOrderSameSize,11
llr_repeatOrderSameSize_x_sameArticleDiffColor,11
llr_sameProductDiffSize_x_general_holiday,11
llr_sameProductDiffSize_x_legal_holiday,11
median_price_per_size,10
llr_businessCustomer_x_sameArticleDiffSize,10
llr_sameArticleDiffColor_x_sameProductDiffSize,10
llr_sameArticleDiffSize_x_repeat_size,10
llr_repeatOrderSameSize_x_repeat_article,10
min_price_per_article,9
repeat_size,9
repeat_article,9
llr_businessCustomer_x_repeat_size,9
llr_sameArticleDiffSize_x_repeat_article,9
llr_businessCustomer_x_general_holiday,9
llr_repeat_color_x_repeat_size,9
llr_businessCustomer_x_sameArticleDiffColor,8
sameArticleDiffColor,8
llr_month_x_businessCustomer2,7
llr_businessCustomer2_x_sameProductDiffSize,7
llr_businessCustomer2_x_any_holiday,7
llr_repeatOrderSameSize_x_sameProductDiffSize,7
llr_businessCustomer_x_any_holiday,6
llr_repeatOrderSameSize_x_repeat_product,6
extreme_size_train.1,6
llr_sameArticleDiffSize_x_general_holiday,6
llr_sameArticleDiffSize_x_legal_holiday,6
llr_repeatOrderSameSize_x_general_holiday,5
llr_businessCustomer2_x_sameArticleDiffColor,5
llr_repeatOrderSameSize_x_sameArticleDiffSize,4
llr_businessCustomer_x_legal_holiday,4
llr_businessCustomer_x_repeat_product,4
llr_businessCustomer2_x_sameArticleDiffSize,4
sameProductDiffSize,4
llr_legal_holiday_x_general_holiday,4
any_holiday,4
llr_repeat_product_x_repeat_article,3
repeat_product,3
llr_repeatOrderSameSize_x_legal_holiday,3
llr_sameArticleDiffSize_x_sameProductDiffSize,3
sameArticleDiffSize,2
llr_businessCustomer2_x_general_holiday,2
businessCustomer,2
llr_businessCustomer2_x_repeat_size,2
llr_businessCustomer2_x_repeat_product,2
llr_businessCustomer2_x_legal_holiday,1
llr_legal_holiday_x_any_holiday,1
llr_businessCustomer2_x_repeat_color,1
llr_businessCustomer2_x_repeat_article,1
legal_holiday,1
llr_general_holiday_x_any_holiday,1
llr_businessCustomer_x_businessCustomer2,1
