imp,var
0.0398777819348,total_quantity_per_order
0.0379768622078,total_quantity_per_customer
0.0286185074277,llr_articleID_x_paymentMethod
0.0285295601658,llr_articleID_x_sizeCode
0.0280791527478,llr_sizeCode_x_week
0.0280765676596,llr_articleID_x_colorCode
0.0276633413602,llr_dow_x_week
0.0272791924978,llr_colorCode_x_week
0.0272729801346,llr_articleID_x_dow
0.0264447805219,llr_articleID_x_week
0.0264397204507,llr_colorCode_x_sizeCode
0.0263235956468,llr_colorCode_x_dow
0.0257204141846,llr_sizeCode_x_dow
0.0250417756661,llr_articleID_x_deviceID
0.0241330245014,llr_articleID_x_productGroup
0.0238130489206,llr_articleID
0.0217628408541,llr_articleID_x_voucherID
0.0204647089688,llr_deviceID_x_week
0.0203870077731,llr_productGroup_x_week
0.0197231442584,llr_colorCode_x_productGroup
0.0194897763925,llr_colorCode_x_deviceID
0.0192050885611,price
0.0190178246522,llr_voucherID_x_week
0.0187494258294,llr_colorCode_x_voucherID
0.0184765256464,llr_paymentMethod_x_week
0.0183069721108,total_quantity_per_article
0.0179283797389,llr_colorCode_x_paymentMethod
0.0177092142975,llr_sizeCode_x_productGroup
0.0175828166109,llr_productGroup_x_dow
0.0175690173851,llr_sizeCode_x_deviceID
0.0173685168527,sameArticleDiffSize
0.0171946429665,llr_deviceID_x_dow
0.0171457955768,llr_sizeCode_x_voucherID
0.0168379964376,llr_voucherID_x_dow
0.0166976633794,llr_sizeCode_x_paymentMethod
0.0155385143948,llr_paymentMethod_x_dow
0.0151092071973,llr_colorCode
0.0150138222858,llr_week
0.0128696293666,sameProductDiffSize
0.0128350006994,rrp
0.0123858932212,discountProp
0.0118049565184,llr_sizeCode
0.0115767255612,llr_dow
0.0112431356395,llr_productGroup_x_paymentMethod
0.00977950256555,llr_productGroup_x_voucherID
0.00965285004773,llr_voucherID_x_deviceID
0.00932591686007,llr_productGroup_x_deviceID
0.00843979850329,llr_voucherID_x_paymentMethod
0.0078065881217,llr_deviceID_x_paymentMethod
0.00542003268173,llr_voucherID
0.0047288296533,sameArticleDiffColor
0.00460188690646,llr_productGroup
0.00441740214536,quantity
0.0041326049467,llr_deviceID
0.0036914944005,voucherAmount
0.00337495239866,repeatOrderSameSize
0.0033435915647,llr_paymentMethod
0.0,llr_sizeCode_x_customerID
0.0,llr_customerID_x_week
0.0,llr_customerID_x_dow
0.0,llr_customerID_x_paymentMethod
0.0,llr_customerID_x_deviceID
0.0,llr_articleID_x_customerID
0.0,llr_voucherID_x_customerID
0.0,llr_colorCode_x_customerID
0.0,llr_productGroup_x_customerID
0.0,llr_customerID
