feature,fscore
total_price_by_orderID,71
customer_mean_rrp,48
unit_price_min_avg,42
llr_articleID_x_colorCode,41
customer_std_price,40
total_rrp0_by_orderID,37
customer_mean_price,36
customer_std_rrp,33
diff,29
runningTotalOrders,29
time_between,29
llr_productGroup_x_customerID,28
llr_articleID_x_sizeCode,27
llr_sizeCode_x_customerID,26
total_price_by_customerID.1,26
mean_time_between,26
llr_articleID_x_paymentMethod,26
llr_sizeCode_x_week,25
price,25
llr_articleID_x_month,24
llr_dow_x_week,23
llr_articleID_x_sameProductDiffSize,23
llr_articleID_x_sameArticleDiffSize,22
llr_customerID_x_sameArticleDiffColor,22
articleVsColor_per_order,22
customer_order_size_prop,20
llr_customerID_x_paymentMethod,20
customer_art_counts,20
llr_paymentMethod_x_week,19
llr_customerID_x_sameArticleDiffSize,19
llr_voucherID_x_customerID,18
llr_customerID,18
customer_order_product_prop,18
llr_colorCode_x_week,18
llr_deviceID_x_week,18
llr_sizeCode_x_dow,18
total_rrp0_by_customerID,18
customer_order_article_prop,18
llr_customerID_x_general_holiday,17
customer_color_counts,17
mean_price_per_article,17
total_voucherAmount_by_articleID,17
llr_articleID_x_sameArticleDiffColor,17
discountProp,16
total_price_by_customerID,16
customer_median_price,16
llr_sizeCode_x_deviceID,16
llr_colorCode_x_month,16
llr_articleID_x_week,15
llr_customerID_x_legal_holiday,15
llr_articleID_x_customerID,15
llr_colorCode_x_sizeCode,15
llr_articleID_x_clustCustomer4,15
llr_customerID_x_deviceID,14
total_price_by_articleID,14
llr_customerID_x_dow,14
llr_customerID_x_customer_total_custer3,14
customer_order_color_prop,14
time_between2,14
llr_customerID_x_sameProductDiffSize,14
llr_week_x_sameProductDiffSize,13
customer_mean_voucherAmount,13
llr_articleID_x_businessCustomer,13
llr_customerID_x_repeatOrderSameSize,13
customer_std_voucherAmount,13
customer_color_quantity,13
llr_week_x_clustCustomer5,13
llr_voucherID_x_week,13
llr_sizeCode_x_sameArticleDiffSize,13
llr_articleID_x_clustCustomer3,13
llr_colorCode_x_dow,12
llr_articleID_x_dow,12
llr_articleID_x_deviceID,12
llr_customerID_x_clustCustomer3,12
articleVsProduct_per_order,12
llr_week_x_clustCustomer4,12
runningTotalItems,12
llr_customerID_x_month,11
llr_articleID_x_customer_total_custer3,11
llr_deviceID_x_dow,11
total_quantity_per_order,11
llr_week_x_sameArticleDiffSize,11
llr_week_x_clustCustomer3,11
llr_week_x_clustCustomer6,11
total_price_by_colorCode,11
customer_median_rrp,11
llr_customerID_x_clustCustomer6,11
size_num_train,11
llr_voucherID_x_paymentMethod,11
llr_articleID_x_clustCustomer5,11
llr_articleID_x_voucherID,11
llr_colorCode_x_sameArticleDiffColor,11
llr_colorCode_x_sameProductDiffSize,10
llr_colorCode_x_deviceID,10
llr_week_x_customer_total_custer3,10
llr_articleID_x_general_holiday,10
freqSizeCode,10
productVsSize_per_order,10
llr_articleID_x_repeatOrderSameSize,10
llr_customerID_x_any_holiday,10
customer_prod_counts,10
total_voucherAmount_by_colorCode,10
llr_dow_x_customer_total_custer3,9
customer_product_quantity,9
llr_month_x_dow,9
llr_voucherID_x_clustCustomer6,9
llr_sizeCode_x_productGroup,9
llr_articleID_x_clustCustomer6,9
customer_size_counts,9
llr_productGroup_x_dow,8
articleVsSize_per_order,8
llr_sizeCode_x_month,8
llr_week_x_any_holiday,8
llr_articleID_x_legal_holiday,8
llr_colorCode_x_paymentMethod,8
llr_sizeCode_x_voucherID,8
sizeVsColor_per_order,8
llr_colorCode_x_clustCustomer4,8
llr_productGroup_x_week,8
uniqueProducts_per_order,7
customer_visits,7
llr_voucherID_x_dow,7
llr_week_x_businessCustomer,7
total_voucherAmount_by_orderID,7
llr_voucherID_x_deviceID,7
uniqueColors_per_order,7
llr_customerID_x_week,7
llr_paymentMethod_x_dow,7
llr_dow_x_sameProductDiffSize,7
customer_size_quantity,7
llr_sizeCode_x_paymentMethod,7
llr_month_x_clustCustomer4,7
llr_customerID_x_clustCustomer4,7
llr_customerID_x_clustCustomer5,7
llr_sizeCode_x_sameArticleDiffColor,7
llr_week_x_sameArticleDiffColor,7
quantity_per_article,7
llr_voucherID_x_month,6
median_price_per_article,6
llr_sizeCode_x_sameProductDiffSize,6
llr_articleID_x_any_holiday,6
llr_dow_x_clustCustomer4,6
mean_price_per_color,6
total_rrp0_by_articleID,6
llr_colorCode_x_general_holiday,6
total_price_by_productGroup0,6
llr_colorCode_x_clustCustomer6,6
max_price_per_article,6
total_voucherAmount_by_customerID.1,6
uniqueArticles_per_order,6
quantity,6
llr_paymentMethod_x_clustCustomer5,5
llr_colorCode_x_productGroup,5
llr_dow_x_sameArticleDiffColor,5
llr_voucherID_x_sameArticleDiffSize,5
llr_deviceID_x_clustCustomer6,5
max_price_per_color,5
llr_deviceID_x_paymentMethod,5
productVsColor_per_order,5
runningTotalVoucherAmount,5
llr_productGroup_x_clustCustomer3,4
llr_clustCustomer5_x_customer_total_custer3,4
llr_dow_x_legal_holiday,4
llr_colorCode_x_customerID,4
llr_paymentMethod_x_sameProductDiffSize,4
llr_articleID_x_businessCustomer2,4
llr_voucherID_x_clustCustomer4,4
llr_voucherID_x_sameArticleDiffColor,4
llr_deviceID_x_clustCustomer4,4
llr_colorCode_x_voucherID,4
rrp,4
llr_sameProductDiffSize_x_clustCustomer4,4
llr_paymentMethod_x_customer_total_custer3,4
llr_month_x_clustCustomer6,4
llr_articleID,4
llr_sizeCode_x_clustCustomer4,4
llr_paymentMethod_x_clustCustomer3,4
llr_dow_x_clustCustomer6,4
llr_dow_x_repeatOrderSameSize,4
llr_sizeCode_x_clustCustomer5,4
total_voucherAmount_by_articleID.1,4
total_voucherAmount_by_customerID,4
llr_dow_x_sameArticleDiffSize,4
llr_voucherID_x_general_holiday,3
llr_productGroup_x_clustCustomer5,3
llr_productGroup_x_clustCustomer6,3
llr_paymentMethod_x_sameArticleDiffSize,3
llr_week_x_repeatOrderSameSize,3
llr_week_x_legal_holiday,3
llr_colorCode_x_businessCustomer,3
llr_deviceID_x_sameProductDiffSize,3
llr_clustCustomer4_x_clustCustomer6,3
quantity_per_customer,3
llr_clustCustomer3_x_clustCustomer4,3
llr_deviceID_x_clustCustomer5,3
llr_productGroup_x_paymentMethod,3
llr_dow_x_any_holiday,3
llr_sameProductDiffSize_x_customer_total_custer3,3
mean_price_per_size,3
median_price_per_color,3
llr_voucherID_x_repeatOrderSameSize,3
llr_paymentMethod_x_sameArticleDiffColor,3
llr_deviceID_x_month,3
llr_dow_x_clustCustomer3,3
llr_paymentMethod_x_clustCustomer6,3
llr_deviceID_x_sameArticleDiffColor,3
llr_sizeCode_x_customer_total_custer3,3
llr_colorCode_x_sameArticleDiffSize,3
llr_productGroup_x_customer_total_custer3,3
llr_week_x_businessCustomer2,3
llr_colorCode_x_any_holiday,3
voucherAmount,3
llr_colorCode_x_clustCustomer5,3
llr_sameArticleDiffSize_x_sameArticleDiffColor,3
llr_productGroup_x_sameProductDiffSize,3
llr_colorCode_x_clustCustomer3,3
llr_sizeCode_x_clustCustomer3,3
max_price_per_product,3
llr_month_x_week,3
llr_voucherID_x_customer_total_custer3,3
llr_voucherID_x_any_holiday,2
llr_deviceID_x_legal_holiday,2
llr_month_x_any_holiday,2
llr_clustCustomer4_x_customer_total_custer3,2
llr_productGroup_x_clustCustomer4,2
llr_sizeCode_x_legal_holiday,2
llr_productGroup_x_any_holiday,2
llr_sizeCode_x_clustCustomer6,2
llr_month_x_general_holiday,2
llr_dow_x_general_holiday,2
llr_paymentMethod_x_businessCustomer,2
llr_deviceID_x_clustCustomer3,2
freqArticleID,2
llr_productGroup_x_voucherID,2
llr_month_x_clustCustomer5,2
llr_colorCode_x_customer_total_custer3,2
llr_colorCode_x_legal_holiday,2
llr_repeatOrderSameSize_x_customer_total_custer3,2
quantity_per_size,2
llr_deviceID_x_customer_total_custer3,2
llr_month_x_clustCustomer3,2
llr_voucherID_x_sameProductDiffSize,2
llr_deviceID_x_businessCustomer,2
customer_article_quantity,2
freqColorCode,2
llr_paymentMethod_x_any_holiday,2
llr_paymentMethod_x_clustCustomer4,2
llr_productGroup_x_sameArticleDiffColor,2
llr_clustCustomer6_x_customer_total_custer3,2
llr_sizeCode_x_general_holiday,2
llr_any_holiday_x_clustCustomer5,2
llr_businessCustomer_x_sameProductDiffSize,2
llr_sameArticleDiffColor_x_general_holiday,2
total_voucherAmount_by_productGroup0,2
llr_sameArticleDiffSize_x_general_holiday,2
llr_sameArticleDiffColor_x_clustCustomer5,2
llr_month_x_businessCustomer,2
llr_colorCode,2
llr_productGroup_x_deviceID,2
llr_voucherID_x_clustCustomer5,2
uniqueSizes_per_order,2
llr_voucherID_x_clustCustomer3,2
llr_sameArticleDiffColor_x_customer_total_custer3,2
max_price_per_size,2
llr_sameProductDiffSize_x_clustCustomer6,2
llr_sameArticleDiffSize_x_clustCustomer5,2
llr_sameArticleDiffColor_x_clustCustomer6,2
llr_deviceID_x_repeatOrderSameSize,1
llr_repeatOrderSameSize_x_general_holiday,1
llr_businessCustomer2_x_repeatOrderSameSize,1
median_price_per_product,1
llr_productGroup_x_repeatOrderSameSize,1
total_rrp0_by_productGroup0,1
llr_productGroup_x_businessCustomer,1
llr_week_x_general_holiday,1
llr_month_x_sameArticleDiffColor,1
llr_any_holiday_x_clustCustomer6,1
llr_month_x_sameArticleDiffSize,1
llr_businessCustomer2_x_sameArticleDiffSize,1
llr_clustCustomer3_x_customer_total_custer3,1
llr_repeatOrderSameSize_x_any_holiday,1
llr_businessCustomer_x_clustCustomer6,1
llr_legal_holiday_x_customer_total_custer3,1
llr_paymentMethod_x_general_holiday,1
llr_sameProductDiffSize_x_legal_holiday,1
llr_productGroup_x_legal_holiday,1
llr_sameArticleDiffColor_x_any_holiday,1
llr_sizeCode,1
llr_sameProductDiffSize_x_general_holiday,1
llr_deviceID_x_general_holiday,1
llr_productGroup_x_sameArticleDiffSize,1
llr_repeatOrderSameSize_x_clustCustomer6,1
llr_repeatOrderSameSize_x_clustCustomer3,1
llr_clustCustomer3_x_clustCustomer5,1
llr_colorCode_x_businessCustomer2,1
llr_month_x_customer_total_custer3,1
llr_clustCustomer5_x_clustCustomer6,1
llr_general_holiday_x_clustCustomer4,1
llr_month_x_repeatOrderSameSize,1
llr_general_holiday_x_clustCustomer6,1
llr_sameArticleDiffSize_x_clustCustomer6,1
llr_general_holiday_x_customer_total_custer3,1
llr_sameArticleDiffSize_x_customer_total_custer3,1
llr_dow_x_businessCustomer,1
llr_sameProductDiffSize_x_clustCustomer3,1
