imp,var
0.0107689890855,llr_customerID_x_sameArticleDiffSize
0.0106700424455,total_price_by_orderID.1
0.0105832180391,total_price_by_orderID
0.0103558721689,total_rrp0_by_orderID
0.0100612715576,llr_customerID_x_businessCustomer2
0.0100483917822,llr_customerID_x_businessCustomer
0.00999848770454,llr_articleID_x_sameProductDiffSize
0.00968574917054,llr_customerID
0.0088958516179,llr_articleID_x_sameArticleDiffSize
0.00866203032405,llr_articleID_x_paymentMethod
0.00794687963956,llr_articleID_x_colorCode
0.0077325693887,llr_customerID_x_paymentMethod
0.00770779135687,llr_articleID_x_sameArticleDiffColor
0.00755711705837,llr_articleID_x_sizeCode
0.00751127461715,llr_customerID_x_repeatOrderSameSize
0.00728459069819,llr_customerID_x_sameProductDiffSize
0.00721351467026,llr_articleID_x_clustCustomer3
0.00713451366933,llr_articleID_x_clustCustomer6
0.00700303430399,llr_customerID_x_sameArticleDiffColor
0.00699922839398,llr_customerID_x_clustCustomer3
0.00676908350735,diff
0.00673903846362,llr_articleID_x_clustCustomer4
0.0066116417489,llr_customerID_x_legal_holiday
0.00659864206715,llr_articleID_x_clustCustomer5
0.00651759304569,llr_customerID_x_general_holiday
0.00624333852379,llr_customerID_x_deviceID
0.00621540554172,total_price_by_customerID.1
0.00617415633797,llr_articleID_x_dow
0.00610127661584,llr_sizeCode_x_customerID
0.00598002717359,llr_articleID_x_month
0.00595355444097,total_price_by_customerID
0.00584704016937,total_rrp0_by_customerID
0.00583065189296,llr_articleID_x_repeatOrderSameSize
0.00579709546705,llr_articleID_x_customer_total_custer3
0.00576661380223,llr_customerID_x_clustCustomer5
0.00572753730978,llr_customerID_x_clustCustomer6
0.00570035080124,llr_articleID_x_deviceID
0.00565431773436,llr_articleID_x_businessCustomer2
0.00563725002315,llr_colorCode_x_week
0.00563270990296,llr_colorCode_x_sizeCode
0.00561100603067,llr_sizeCode_x_week
0.00556471466098,llr_articleID_x_businessCustomer
0.00555985174011,llr_articleID
0.00550183699849,llr_articleID_x_week
0.00548250972197,llr_articleID_x_any_holiday
0.0054659998314,llr_articleID_x_productGroup
0.00544397787853,unit_price_min_avg
0.00541318651585,llr_customerID_x_any_holiday
0.00529194255607,llr_articleID_x_general_holiday
0.0052743557294,llr_articleID_x_legal_holiday
0.00525784403329,customer_std_price
0.00523837370156,customer_mean_rrp
0.00517140101817,customer_std_rrp
0.00511349230494,customer_mean_price
0.00507051007998,llr_customerID_x_customer_total_custer3
0.00496832605933,llr_customerID_x_clustCustomer4
0.00485504353162,runningTotalItems
0.00483835208703,llr_colorCode_x_dow
0.0046945145922,llr_articleID_x_voucherID
0.0046566365471,llr_dow_x_week
0.00463415388497,llr_colorCode_x_month
0.00455018964847,llr_voucherID_x_customerID
0.00443346053521,llr_sizeCode_x_dow
0.00434117535515,llr_colorCode_x_productGroup
0.00414957165434,mean_price_per_article
0.0041304150265,llr_productGroup_x_customerID
0.0039485601804,llr_colorCode_x_voucherID
0.0039204514117,llr_colorCode_x_clustCustomer6
0.00391982961757,customer_order_size_prop
0.00390805556225,llr_colorCode_x_sameArticleDiffSize
0.00390631289457,customer_size_quantity
0.00387035213755,mean_time_between
0.00386312680603,llr_colorCode_x_deviceID
0.00384082851454,llr_colorCode_x_sameArticleDiffColor
0.00380751926405,llr_colorCode_x_paymentMethod
0.00380279583094,total_voucherAmount_by_articleID.1
0.00380271499322,total_voucherAmount_by_articleID
0.00379197746871,freqArticleID
0.00376104501179,llr_sizeCode_x_month
0.00374530634269,quantity_per_article
0.00374215794817,total_price_by_articleID
0.00373342441586,total_rrp0_by_articleID
0.00372711400173,llr_colorCode_x_clustCustomer5
0.00371690306814,total_price_by_articleID.1
0.00371543876072,llr_colorCode_x_customer_total_custer3
0.0036342704501,customer_median_price
0.00362493746762,llr_productGroup_x_week
0.0036180736142,llr_colorCode_x_sameProductDiffSize
0.00361789955636,llr_colorCode_x_clustCustomer4
0.00358564646767,quantity_per_customer
0.00352249604402,llr_colorCode_x_clustCustomer3
0.00350758116605,llr_deviceID_x_week
0.00350507360592,customer_visits
0.00349881178471,llr_week_x_customer_total_custer3
0.00340500513345,mean_price_per_color
0.00338531640439,llr_sizeCode_x_productGroup
0.0033543140627,total_quantity_per_order
0.00334276826568,llr_colorCode_x_any_holiday
0.00329221584829,llr_colorCode_x_general_holiday
0.00328712743651,llr_voucherID_x_week
0.00326857023775,llr_sizeCode_x_voucherID
0.00325501625339,customer_art_counts
0.00324883297917,freqColorCode
0.00324451079801,llr_week_x_clustCustomer6
0.00323911073513,quantity_per_color
0.00322824095416,time_between
0.00322194146722,customer_color_counts
0.00321458680703,llr_paymentMethod_x_week
0.00320535152936,total_voucherAmount_by_colorCode
0.00319767944233,total_price_by_colorCode
0.00319601002765,llr_sizeCode_x_deviceID
0.0031642221122,total_rrp0_by_colorCode
0.00315517522529,llr_colorCode_x_repeatOrderSameSize
0.00313639055324,llr_sizeCode_x_clustCustomer6
0.00313324174411,llr_sizeCode_x_sameArticleDiffSize
0.00311382738875,price
0.00310821933898,llr_colorCode_x_legal_holiday
0.00309751800412,max_price_per_article
0.0030845033236,time_between2
0.00304993404215,llr_month_x_dow
0.00303200863599,llr_colorCode_x_businessCustomer
0.00302332441202,llr_week_x_clustCustomer5
0.00301384956149,llr_productGroup_x_dow
0.0030035503048,llr_week_x_clustCustomer4
0.00298820718953,max_price_per_color
0.00297338047947,llr_week_x_clustCustomer3
0.00295646819183,llr_deviceID_x_dow
0.0029500683064,customer_order_product_prop
0.00293587179503,customer_product_quantity
0.00292903597543,llr_sizeCode_x_clustCustomer5
0.00292855728231,llr_week_x_sameArticleDiffColor
0.00289780611564,llr_sizeCode_x_paymentMethod
0.00287405412678,llr_sizeCode_x_customer_total_custer3
0.00284716728064,llr_week_x_sameArticleDiffSize
0.00284684832745,llr_colorCode_x_businessCustomer2
0.00284171795357,llr_sizeCode_x_sameProductDiffSize
0.00283663553282,llr_colorCode
0.00281379754309,customer_median_rrp
0.00281260055568,llr_sizeCode_x_clustCustomer4
0.00279189725849,llr_week_x_sameProductDiffSize
0.00275256152161,llr_voucherID_x_dow
0.00268041529051,llr_week_x_repeatOrderSameSize
0.00265805585564,llr_dow_x_clustCustomer6
0.00264837698754,llr_sizeCode_x_sameArticleDiffColor
0.00263837928365,llr_sizeCode_x_clustCustomer3
0.00259139024594,llr_week_x_any_holiday
0.00255481315056,median_price_per_article
0.00254005703837,llr_dow_x_customer_total_custer3
0.00251045715732,llr_sameArticleDiffSize_x_clustCustomer6
0.00250412169905,llr_customerID_x_dow
0.00249817645731,llr_sizeCode_x_any_holiday
0.0024904519164,quantity_per_size
0.00248939395573,llr_week_x_general_holiday
0.00248564218292,customer_mean_voucherAmount
0.00247942982116,customer_std_voucherAmount
0.00246223948128,llr_paymentMethod_x_dow
0.00241789588156,rrp
0.00241031293683,llr_dow_x_clustCustomer5
0.00239587031536,freqSizeCode
0.00238394451758,customer_prod_counts
0.00238153353968,llr_week_x_businessCustomer
0.00237440304026,llr_sizeCode_x_general_holiday
0.00236379463177,llr_dow_x_clustCustomer4
0.00232694817339,uniqueArticles_per_order
0.00230812899208,llr_dow_x_sameArticleDiffColor
0.00230568330855,size_num_train
0.0023046268213,llr_week_x_legal_holiday
0.0022960421341,customer_order_color_prop
0.00228109073286,customer_color_quantity
0.00226791434446,llr_sizeCode_x_repeatOrderSameSize
0.00226641583495,mean_price_per_size
0.00222328358966,total_voucherAmount_by_customerID
0.00221130049125,llr_dow_x_clustCustomer3
0.00219102751516,llr_sameArticleDiffSize_x_clustCustomer4
0.00218174882544,llr_sizeCode_x_legal_holiday
0.00215033988784,llr_sizeCode_x_businessCustomer
0.00212949674143,total_voucherAmount_by_customerID.1
0.00212850807779,customer_size_counts
0.00211349791721,llr_dow_x_sameProductDiffSize
0.00208166646942,llr_month_x_week
0.00207990233002,articleVsSize_per_order
0.0020504007815,llr_week_x_businessCustomer2
0.0020485428073,llr_productGroup_x_clustCustomer6
0.00204733195591,articleVsColor_per_order
0.00203038282079,llr_dow_x_sameArticleDiffSize
0.00202934773164,runningTotalOrders
0.00201940507433,llr_week
0.0020192202298,productVsColor_per_order
0.00201677548808,llr_dow_x_repeatOrderSameSize
0.0020123308471,sizeVsColor_per_order
0.00199897767401,uniqueColors_per_order
0.00198218420606,median_price_per_color
0.00197893527208,articleVsProduct_per_order
0.00190862216061,llr_productGroup_x_month
0.00190851454815,llr_sameProductDiffSize_x_clustCustomer6
0.00190585717443,llr_productGroup_x_paymentMethod
0.0018958853543,llr_productGroup_x_sameArticleDiffSize
0.00188811231147,llr_sizeCode_x_businessCustomer2
0.00187377035913,llr_sizeCode
0.00186173268922,llr_sameArticleDiffSize_x_clustCustomer5
0.00184957435457,llr_dow_x_any_holiday
0.00184642915377,llr_productGroup_x_voucherID
0.00181451533075,discountProp
0.00179889204432,discountProp.1
0.00179356984158,llr_voucherID_x_month
0.00178821282629,llr_deviceID_x_month
0.00178483130029,llr_productGroup_x_deviceID
0.00176435503971,llr_voucherID_x_deviceID
0.00176031549909,llr_dow_x_general_holiday
0.00175418619829,llr_sameArticleDiffSize_x_clustCustomer3
0.00172732523563,llr_dow_x_legal_holiday
0.00172535036674,llr_dow_x_businessCustomer
0.00172227862705,llr_productGroup_x_clustCustomer5
0.00170348758405,llr_voucherID_x_paymentMethod
0.00166270465838,llr_voucherID_x_customer_total_custer3
0.00164110185685,llr_productGroup_x_sameProductDiffSize
0.00162732517268,llr_colorCode_x_customerID
0.00162198667599,llr_productGroup_x_customer_total_custer3
0.00156376038013,llr_productGroup_x_clustCustomer4
0.00155013255187,llr_deviceID_x_customer_total_custer3
0.00152960153796,llr_paymentMethod_x_sameArticleDiffSize
0.00150557420926,productVsSize_per_order
0.00150484225442,llr_dow_x_businessCustomer2
0.00148664477542,llr_dow
0.00148647122761,max_price_per_size
0.00148428061062,llr_month_x_customer_total_custer3
0.00148297170891,uniqueProducts_per_order
0.00148173099897,llr_deviceID_x_paymentMethod
0.00147602531771,llr_voucherID_x_clustCustomer6
0.0014620558151,llr_paymentMethod_x_month
0.00146011808895,llr_productGroup_x_clustCustomer3
0.00145964782282,llr_paymentMethod_x_clustCustomer6
0.00145316830209,llr_month_x_clustCustomer6
0.0013994777568,llr_deviceID_x_clustCustomer6
0.00137427051667,llr_voucherID_x_sameArticleDiffSize
0.0013696703705,llr_deviceID_x_sameArticleDiffSize
0.00133771450674,llr_voucherID_x_clustCustomer4
0.00132997897696,runningTotalVoucherAmount
0.00131755207042,llr_voucherID_x_clustCustomer5
0.00131202151862,llr_paymentMethod_x_clustCustomer5
0.00131001315831,llr_voucherID_x_sameArticleDiffColor
0.00130654143455,llr_sameProductDiffSize_x_clustCustomer5
0.00130123642338,llr_productGroup_x_sameArticleDiffColor
0.00128841544561,llr_paymentMethod_x_customer_total_custer3
0.00128255251627,llr_month_x_clustCustomer5
0.00127885283921,llr_clustCustomer6_x_customer_total_custer3
0.001276153411,llr_voucherID_x_clustCustomer3
0.00126530907638,uniqueSizes_per_order
0.00126273641764,llr_productGroup_x_any_holiday
0.00123830650463,llr_deviceID_x_clustCustomer5
0.00123128556256,llr_deviceID_x_clustCustomer4
0.00122589553234,llr_voucherID_x_repeatOrderSameSize
0.0012175881491,llr_month_x_clustCustomer4
0.00119969252806,llr_paymentMethod_x_clustCustomer4
0.00119901452216,llr_deviceID_x_sameArticleDiffColor
0.00119857876844,llr_voucherID_x_sameProductDiffSize
0.00119518788545,llr_voucherID_x_any_holiday
0.00118588180948,llr_productGroup_x_repeatOrderSameSize
0.00117553718691,llr_paymentMethod_x_clustCustomer3
0.00116967013439,llr_productGroup_x_general_holiday
0.0011674190194,llr_sameProductDiffSize_x_clustCustomer4
0.00114615297075,llr_voucherID_x_general_holiday
0.00113970331707,llr_deviceID_x_clustCustomer3
0.00113185223346,customer_order_article_prop
0.00112826373178,llr_deviceID_x_any_holiday
0.00112132544715,llr_clustCustomer5_x_customer_total_custer3
0.00110761921571,llr_sameProductDiffSize_x_clustCustomer3
0.00110303805189,llr_sameArticleDiffSize_x_customer_total_custer3
0.00110130800296,llr_paymentMethod_x_sameProductDiffSize
0.00109369448397,llr_month_x_sameArticleDiffColor
0.00109112563613,llr_voucherID_x_legal_holiday
0.00108496940441,customer_article_quantity
0.00108346929927,llr_deviceID_x_general_holiday
0.00108230586659,llr_deviceID_x_sameProductDiffSize
0.00106885300428,llr_month_x_clustCustomer3
0.00106878748714,llr_clustCustomer4_x_customer_total_custer3
0.00106080359603,llr_deviceID_x_repeatOrderSameSize
0.0010521280483,llr_sameArticleDiffColor_x_customer_total_custer3
0.00103852391497,llr_sameArticleDiffSize_x_sameArticleDiffColor
0.00101933111103,total_rrp0_by_productGroup0
0.00101725470998,total_voucherAmount_by_productGroup0
0.0010159606433,llr_month_x_sameArticleDiffSize
0.00101451855257,llr_month_x_repeatOrderSameSize
0.00101220046176,quantity_per_product
0.00101090923831,total_price_by_productGroup0
0.00100877347449,llr_customerID_x_month
0.00100706708017,freqProductGroup
0.00100154713343,llr_productGroup_x_legal_holiday
0.000986458171572,llr_voucherID_x_businessCustomer
0.000976448044706,llr_paymentMethod_x_sameArticleDiffColor
0.000975375739743,llr_deviceID_x_legal_holiday
0.000968088228305,llr_month_x_sameProductDiffSize
0.000967139898894,llr_clustCustomer3_x_customer_total_custer3
0.000959472469922,llr_repeatOrderSameSize_x_customer_total_custer3
0.000955310470474,llr_month_x_any_holiday
0.000953157611473,llr_sameProductDiffSize_x_customer_total_custer3
0.000947832231531,llr_productGroup_x_businessCustomer
0.000927859694724,llr_any_holiday_x_customer_total_custer3
0.000926999761307,llr_sameArticleDiffColor_x_clustCustomer6
0.000912535547366,total_voucherAmount_by_orderID.1
0.000909021792497,llr_paymentMethod_x_general_holiday
0.000906740650542,llr_paymentMethod_x_repeatOrderSameSize
0.000905342421629,llr_month_x_general_holiday
0.000894635202025,total_voucherAmount_by_orderID
0.000891806752771,llr_general_holiday_x_customer_total_custer3
0.000883704213842,max_price_per_product
0.000880666428812,llr_voucherID_x_businessCustomer2
0.000874986189278,llr_deviceID_x_businessCustomer
0.000873402744755,llr_voucherID
0.000847407830478,mean_price_per_product
0.000842895395644,llr_paymentMethod_x_any_holiday
0.000815024933283,llr_any_holiday_x_clustCustomer6
0.000812572614653,llr_month_x_legal_holiday
0.000810450461032,llr_productGroup_x_businessCustomer2
0.000809860104552,llr_paymentMethod_x_legal_holiday
0.000806570732046,llr_sameArticleDiffSize_x_any_holiday
0.000801174138485,llr_legal_holiday_x_customer_total_custer3
0.000798718081136,llr_repeatOrderSameSize_x_sameArticleDiffSize
0.000783782964987,llr_businessCustomer2_x_sameArticleDiffSize
0.000774270276138,llr_general_holiday_x_clustCustomer6
0.000768101286291,llr_productGroup
0.000763943440009,llr_paymentMethod_x_businessCustomer
0.000760368825557,llr_clustCustomer4_x_clustCustomer6
0.000759718916893,llr_sameArticleDiffColor_x_clustCustomer5
0.000756185186365,llr_sameArticleDiffSize_x_legal_holiday
0.000747095190822,llr_month_x_businessCustomer
0.000742754701104,llr_sameArticleDiffColor_x_clustCustomer4
0.000737621578394,median_price_per_product
0.000723175047185,llr_deviceID_x_businessCustomer2
0.00071364776615,llr_businessCustomer_x_customer_total_custer3
0.000713563626853,llr_deviceID
0.000711448451423,llr_repeatOrderSameSize_x_clustCustomer6
0.000710391039802,llr_clustCustomer3_x_clustCustomer6
0.000689904080237,llr_businessCustomer_x_sameArticleDiffSize
0.000683057447647,llr_repeatOrderSameSize_x_clustCustomer5
0.000679826715366,llr_articleID_x_customerID
0.0006648203682,llr_any_holiday_x_clustCustomer5
0.000656682224788,llr_sameArticleDiffColor_x_sameProductDiffSize
0.000650451111402,customer_median_voucherAmount
0.000641428777587,llr_clustCustomer4_x_clustCustomer5
0.000637064282518,llr_repeatOrderSameSize_x_sameArticleDiffColor
0.000634864339251,llr_clustCustomer5_x_clustCustomer6
0.000629655948474,llr_legal_holiday_x_clustCustomer6
0.000625889091604,llr_sameArticleDiffColor_x_clustCustomer3
0.000616760713842,llr_repeatOrderSameSize_x_sameProductDiffSize
0.000614186936942,llr_any_holiday_x_clustCustomer4
0.000612399558569,llr_sameArticleDiffColor_x_any_holiday
0.00060550281505,llr_general_holiday_x_clustCustomer5
0.000600325649814,llr_businessCustomer2_x_customer_total_custer3
0.000599996866744,llr_clustCustomer3_x_clustCustomer5
0.000598486349566,llr_paymentMethod_x_businessCustomer2
0.000598315881573,llr_paymentMethod
0.000596395165057,llr_repeatOrderSameSize_x_clustCustomer4
0.000589592558917,llr_customer_total_custer3
0.000583173237632,llr_clustCustomer3_x_clustCustomer4
0.000572637079399,llr_general_holiday_x_clustCustomer4
0.000571648446529,llr_repeatOrderSameSize_x_clustCustomer3
0.000557690849091,llr_sameArticleDiffColor_x_general_holiday
0.000557262860007,voucherAmount
0.000556312815247,llr_sameArticleDiffSize_x_general_holiday
0.000548552866488,llr_sameProductDiffSize_x_any_holiday
0.000546185753478,llr_any_holiday_x_clustCustomer3
0.000538658561427,llr_month_x_businessCustomer2
0.000532818301136,llr_month
0.000518324962777,llr_businessCustomer_x_clustCustomer6
0.000517949752464,llr_legal_holiday_x_clustCustomer5
0.000514297021753,llr_repeatOrderSameSize_x_any_holiday
0.000509850915903,llr_sameArticleDiffSize_x_sameProductDiffSize
0.000506162990952,llr_sameArticleDiffColor_x_legal_holiday
0.000495828960234,sameArticleDiffSize
0.000491196135014,llr_general_holiday_x_clustCustomer3
0.000483684526929,llr_customerID_x_week
0.000481673681176,llr_legal_holiday_x_clustCustomer4
0.000471997411833,llr_sameProductDiffSize_x_general_holiday
0.00047017591951,extreme_size_train
0.000466641945698,llr_repeatOrderSameSize_x_general_holiday
0.00045192568827,llr_repeatOrderSameSize_x_legal_holiday
0.000446217147932,median_price_per_size
0.000430339328402,llr_businessCustomer_x_sameArticleDiffColor
0.000424832084044,llr_clustCustomer6
0.00041906323112,llr_businessCustomer2_x_clustCustomer6
0.000417571452846,llr_legal_holiday_x_clustCustomer3
0.000403846962852,llr_businessCustomer_x_clustCustomer5
0.000393552589505,llr_sameProductDiffSize_x_legal_holiday
0.000392160542443,llr_businessCustomer_x_clustCustomer4
0.000367738952566,llr_businessCustomer_x_clustCustomer3
0.000365132083254,llr_legal_holiday_x_general_holiday
0.000364750860154,llr_businessCustomer_x_sameProductDiffSize
0.000349536141711,llr_businessCustomer_x_repeatOrderSameSize
0.000315969238362,min_price_per_article
0.000313219559325,llr_businessCustomer2_x_clustCustomer5
0.000311474317335,llr_clustCustomer5
0.000292943051896,llr_businessCustomer_x_any_holiday
0.000286105139555,llr_clustCustomer4
0.00028435059439,llr_businessCustomer2_x_clustCustomer4
0.00028191056159,llr_businessCustomer2_x_repeatOrderSameSize
0.000275939286157,llr_businessCustomer2_x_sameArticleDiffColor
0.000274525274991,llr_legal_holiday_x_any_holiday
0.000274021756421,sameProductDiffSize
0.000272926878271,llr_businessCustomer_x_general_holiday
0.0002694016185,repeatOrderSameSize
0.000261867774874,sameArticleDiffColor
0.0002585703442,llr_general_holiday_x_any_holiday
0.000246083280864,llr_businessCustomer_x_legal_holiday
0.000236839661297,llr_businessCustomer2_x_clustCustomer3
0.000227673894478,llr_clustCustomer3
0.000214415050355,llr_businessCustomer2_x_sameProductDiffSize
0.000197690058743,clustCustomer2
0.00019481973004,llr_businessCustomer2_x_any_holiday
0.0001865619364,any_holiday
0.000185726568115,llr_businessCustomer2_x_general_holiday
0.000165306380059,general_holiday
0.000162614541645,llr_businessCustomer2_x_legal_holiday
0.000146608619255,legal_holiday
0.000104523400031,quantity
8.87221613655e-05,llr_businessCustomer_x_businessCustomer2
7.831040593e-05,businessCustomer
1.35565908804e-05,min_price_per_color
1.16551030993e-05,businessCustomer2
0.0,min_price_per_size
0.0,min_price_per_product
