imp,var
0.0394408444335,discountProp
0.0379558961749,total_quantity_per_article
0.0288017980783,llr_articleID_x_colorCode
0.0283635501399,llr_articleID_x_deviceID
0.0282876662372,llr_articleID
0.0280123164835,llr_sizeCode_x_dow
0.027607918633,llr_dow
0.0272985978447,llr_colorCode_x_dow
0.0272916712218,llr_articleID_x_paymentMethod
0.0264087388538,llr_articleID_x_dow
0.0264006435214,llr_colorCode
0.0263788382088,llr_colorCode_x_paymentMethod
0.0256674573737,llr_sizeCode_x_paymentMethod
0.0248584706866,llr_articleID_x_customerID
0.0244530119403,total_quantity_per_customer
0.0237516912442,llr_articleID_x_sizeCode
0.0213253366267,llr_articleID_x_productGroup
0.0203985388544,llr_deviceID_x_dow
0.0203739669052,llr_productGroup_x_dow
0.0197615890678,llr_colorCode_x_sizeCode
0.0195039919921,llr_colorCode_x_customerID
0.0194198657618,quantity
0.0189919671849,llr_voucherID_x_dow
0.0187357421119,llr_colorCode_x_productGroup
0.0185964177396,llr_paymentMethod_x_dow
0.0183587240885,total_quantity_per_order
0.0178862501384,llr_colorCode_x_deviceID
0.0176779870529,llr_productGroup_x_paymentMethod
0.0175690434789,llr_sizeCode
0.0175279159426,llr_sizeCode_x_customerID
0.0173338524778,repeatOrderSameSize
0.0172274547094,llr_deviceID_x_paymentMethod
0.0171362765949,llr_sizeCode_x_productGroup
0.0168266332026,llr_voucherID_x_paymentMethod
0.0165955731635,llr_sizeCode_x_deviceID
0.0156929329798,llr_paymentMethod
0.0151325197759,llr_articleID_x_week
0.0149911928622,llr_dow_x_week
0.0129735458455,sameArticleDiffColor
0.0126875498318,price
0.0126014432734,sameProductDiffSize
0.0117791488654,llr_colorCode_x_week
0.0115291987477,llr_paymentMethod_x_week
0.0109653892844,llr_productGroup_x_deviceID
0.00978612818944,llr_productGroup
0.00970143297488,llr_voucherID_x_customerID
0.00944818516713,llr_productGroup_x_customerID
0.00834612502376,llr_voucherID_x_deviceID
0.0080413707559,llr_deviceID
0.0053866976776,llr_productGroup_x_week
0.00510007325072,returnQuantity
0.00476063542905,sameArticleDiffSize
0.00458409453544,llr_sizeCode_x_week
0.00411997195397,llr_customerID_x_week
0.00365750880657,rrp
0.00336714360709,voucherAmount
0.00312147299305,llr_deviceID_x_week
0.0,llr_sizeCode_x_voucherID
0.0,llr_customerID_x_dow
0.0,llr_customerID_x_paymentMethod
0.0,llr_customerID_x_deviceID
0.0,llr_customerID
0.0,llr_articleID_x_voucherID
0.0,llr_voucherID
0.0,llr_colorCode_x_voucherID
0.0,llr_productGroup_x_voucherID
0.0,llr_voucherID_x_week
