imp,var
0.0361688960037,total_price_by_orderID
0.0268564047325,llr_customerID_x_businessCustomer
0.0259858061631,llr_customerID
0.0225428811,total_price_by_customerID
0.0223874377127,llr_customerID_x_paymentMethod
0.0216713614843,llr_articleID_x_colorCode
0.0210348451736,llr_articleID_x_sizeCode
0.0198622527901,llr_articleID_x_paymentMethod
0.0196317242749,llr_customerID_x_deviceID
0.018385132825,llr_sizeCode_x_customerID
0.0181031614751,llr_articleID_x_dow
0.0172512509322,llr_articleID_x_deviceID
0.0170744859691,llr_articleID_x_productGroup
0.0166479851704,llr_colorCode_x_sizeCode
0.01649654194,llr_sizeCode_x_week
0.0164029583809,llr_articleID
0.0163613136981,llr_colorCode_x_week
0.0163382693235,llr_articleID_x_month
0.0159118456014,total_quantity_per_customer
0.0158148301963,llr_articleID_x_businessCustomer
0.0157633507998,total_quantity_per_order
0.0155332945985,llr_articleID_x_week
0.0150746158447,llr_colorCode_x_dow
0.0150340461441,llr_dow_x_week
0.0142588316839,llr_sizeCode_x_dow
0.0141494008356,llr_articleID_x_voucherID
0.0140655113046,llr_voucherID_x_customerID
0.0135181268357,llr_colorCode_x_month
0.0134391851074,unit_price_min_avg
0.0133509045439,llr_productGroup_x_customerID
0.0128510730356,llr_colorCode_x_productGroup
0.0121195638412,llr_colorCode_x_deviceID
0.0118128822908,llr_colorCode_x_voucherID
0.0116915729862,llr_colorCode_x_paymentMethod
0.0116301634153,llr_sizeCode_x_month
0.0113577036038,llr_productGroup_x_week
0.0113161578678,llr_deviceID_x_week
0.0112983020933,total_voucherAmount_by_articleID
0.0112036951498,total_price_by_articleID
0.0111944013712,total_quantity_per_article
0.0108710962459,sameArticleDiffSize
0.0106063177673,llr_month_x_dow
0.0105733441103,llr_sizeCode_x_productGroup
0.0102904855641,llr_sizeCode_x_deviceID
0.0102031538305,llr_colorCode_x_businessCustomer
0.0100875982244,llr_sizeCode_x_voucherID
0.00996867864502,llr_voucherID_x_week
0.00989763076366,llr_productGroup_x_dow
0.00972089404515,llr_deviceID_x_dow
0.0097037194445,llr_sizeCode_x_paymentMethod
0.00961035927153,llr_paymentMethod_x_week
0.00960376525668,llr_colorCode
0.00902276267818,llr_voucherID_x_dow
0.00868427648011,llr_week_x_businessCustomer
0.0086097756465,price
0.00845295144173,llr_customerID_x_dow
0.00835575573054,llr_paymentMethod_x_dow
0.00821387767697,total_voucherAmount_by_customerID
0.00803342400132,llr_month_x_week
0.00764447446759,llr_sizeCode_x_businessCustomer
0.00762401400626,sameProductDiffSize
0.00756069306244,llr_week
0.0075516560151,rrp
0.00686481761219,llr_sizeCode
0.00682974785534,llr_dow_x_businessCustomer
0.00637389573413,llr_productGroup_x_month
0.00633167541148,llr_productGroup_x_paymentMethod
0.00600041318049,llr_deviceID_x_month
0.00598689464206,llr_dow
0.00592696822916,llr_productGroup_x_deviceID
0.00568094696502,llr_productGroup_x_voucherID
0.0055096042347,llr_voucherID_x_month
0.00539168551053,llr_voucherID_x_deviceID
0.00470094093533,llr_colorCode_x_customerID
0.00465894231259,llr_voucherID_x_paymentMethod
0.00463489802656,llr_paymentMethod_x_month
0.00452316271811,llr_deviceID_x_paymentMethod
0.00448182359656,discountProp
0.00446456425548,discountProp.1
0.00340024030307,llr_productGroup_x_businessCustomer
0.00338021674005,llr_voucherID_x_businessCustomer
0.00323685392459,llr_deviceID_x_businessCustomer
0.00322192909578,llr_month_x_businessCustomer
0.00310607207078,total_voucherAmount_by_orderID
0.00288950110454,llr_productGroup
0.0027968268677,llr_voucherID
0.00278862586449,llr_paymentMethod_x_businessCustomer
0.00252222667465,llr_deviceID
0.00224988649889,llr_month
0.00216484279188,sameArticleDiffColor
0.00177615106212,voucherAmount
0.00171828951345,llr_paymentMethod
0.00168000156198,repeatOrderSameSize
0.00129272629124,llr_articleID_x_customerID
0.000501834878058,llr_businessCustomer
0.000264921131698,quantity
0.000164999729829,llr_customerID_x_week
0.0,llr_customerID_x_month
