imp,var
0.0270677354996,total_price_by_orderID
0.0177562082395,total_price_by_customerID
0.017187799972,llr_articleID_x_sameProductDiffSize
0.0167466648433,llr_customerID
0.0166812117949,llr_customerID_x_businessCustomer2
0.0161864608488,llr_customerID_x_businessCustomer
0.0154417532228,llr_customerID_x_sameArticleDiffSize
0.0153306856011,llr_articleID_x_paymentMethod
0.0150733887182,llr_articleID_x_sameArticleDiffSize
0.0149267855365,llr_articleID_x_colorCode
0.0147208008064,llr_articleID_x_sizeCode
0.0132110854254,llr_customerID_x_sameProductDiffSize
0.0129798883009,llr_customerID_x_paymentMethod
0.0129747621685,llr_customerID_x_repeatOrderSameSize
0.0127710436005,llr_articleID_x_dow
0.0126824539865,llr_articleID_x_sameArticleDiffColor
0.0120114394741,total_quantity_per_customer
0.0119643456659,llr_colorCode_x_week
0.0119444777249,llr_colorCode_x_sizeCode
0.0118781555235,llr_sizeCode_x_week
0.0118136247661,llr_customerID_x_sameArticleDiffColor
0.011682387856,llr_articleID_x_month
0.0116577686349,llr_customerID_x_deviceID
0.0114733540269,llr_articleID_x_week
0.0114339128636,llr_articleID_x_deviceID
0.0113423425403,llr_sizeCode_x_customerID
0.0113210651423,total_quantity_per_order
0.0108599222569,llr_dow_x_week
0.0106615985324,llr_colorCode_x_dow
0.0105256943944,llr_articleID_x_businessCustomer
0.0103443113418,llr_articleID
0.0101605525347,unit_price_min_avg
0.0101214956981,llr_articleID_x_repeatOrderSameSize
0.00996965693198,llr_articleID_x_businessCustomer2
0.00996843649575,llr_sizeCode_x_dow
0.0099218246527,llr_articleID_x_productGroup
0.00976780938536,llr_colorCode_x_month
0.00962033368298,llr_articleID_x_voucherID
0.0090940376561,llr_colorCode_x_productGroup
0.00850748616722,llr_voucherID_x_customerID
0.0083964123998,llr_colorCode_x_deviceID
0.00835325363749,total_voucherAmount_by_articleID
0.00833583306536,total_quantity_per_article
0.00832692209167,llr_colorCode_x_voucherID
0.00825016412979,total_price_by_articleID
0.00820077714795,llr_colorCode_x_sameArticleDiffSize
0.00809949854439,llr_sizeCode_x_month
0.00807543117152,llr_colorCode_x_sameArticleDiffColor
0.00795888086918,llr_productGroup_x_week
0.00793139420982,llr_productGroup_x_customerID
0.00789209889054,llr_colorCode_x_paymentMethod
0.00783538379957,llr_deviceID_x_week
0.00758181987269,llr_colorCode_x_sameProductDiffSize
0.00750577295108,llr_month_x_dow
0.00731625919425,llr_sizeCode_x_productGroup
0.00703666053537,llr_sizeCode_x_deviceID
0.00695769898864,llr_sizeCode_x_voucherID
0.00684708860655,llr_colorCode_x_repeatOrderSameSize
0.00683195623805,llr_colorCode_x_businessCustomer
0.00676806963024,llr_voucherID_x_week
0.00672460479217,llr_productGroup_x_dow
0.00671937012325,llr_sizeCode_x_sameArticleDiffSize
0.00662079101384,llr_deviceID_x_dow
0.00655492276672,llr_week_x_sameArticleDiffColor
0.00646827438598,llr_paymentMethod_x_week
0.00639743622105,llr_sizeCode_x_paymentMethod
0.00623930348785,llr_sizeCode_x_sameProductDiffSize
0.00621121750474,price
0.00620044450069,llr_colorCode_x_businessCustomer2
0.00618233428164,llr_week_x_sameProductDiffSize
0.00618150437845,llr_colorCode
0.00616632225722,llr_voucherID_x_dow
0.00614795768942,llr_week_x_sameArticleDiffSize
0.00589104015625,total_voucherAmount_by_customerID
0.00575976741119,llr_sizeCode_x_sameArticleDiffColor
0.00574643383941,llr_customerID_x_dow
0.00566260656417,llr_week_x_businessCustomer
0.00564661110396,llr_week_x_repeatOrderSameSize
0.005432887923,llr_paymentMethod_x_dow
0.00516643322176,llr_dow_x_sameArticleDiffColor
0.00515203039992,llr_month_x_week
0.00511620477198,llr_sizeCode_x_repeatOrderSameSize
0.00497539113095,llr_sizeCode_x_businessCustomer
0.00482662556778,rrp
0.0047166429876,llr_dow_x_sameArticleDiffSize
0.00469420903763,llr_dow_x_sameProductDiffSize
0.00465327344893,llr_week
0.00463066754512,llr_week_x_businessCustomer2
0.00459159192088,llr_dow_x_repeatOrderSameSize
0.00455049899488,llr_productGroup_x_sameArticleDiffSize
0.00436653606348,llr_sizeCode_x_businessCustomer2
0.00435296970989,llr_productGroup_x_month
0.00434429463925,llr_sizeCode
0.00431482253259,llr_dow_x_businessCustomer
0.0040086198561,llr_deviceID_x_month
0.00396781530622,llr_productGroup_x_voucherID
0.00393872216304,llr_productGroup_x_deviceID
0.00382116315877,llr_productGroup_x_paymentMethod
0.0038172171719,llr_productGroup_x_sameProductDiffSize
0.00375638912674,llr_voucherID_x_month
0.00368278903447,llr_voucherID_x_deviceID
0.00361686558036,llr_dow_x_businessCustomer2
0.00358215333939,llr_dow
0.00348918329964,discountProp
0.00348004594165,discountProp.1
0.00337732933931,llr_colorCode_x_customerID
0.00315292926124,llr_voucherID_x_paymentMethod
0.00304529275047,llr_deviceID_x_paymentMethod
0.00289136546635,llr_productGroup_x_sameArticleDiffColor
0.00288844944006,llr_paymentMethod_x_month
0.00279165395281,llr_voucherID_x_sameArticleDiffColor
0.00275009239309,llr_voucherID_x_sameArticleDiffSize
0.00255916798863,llr_month_x_sameArticleDiffColor
0.00253483018992,llr_productGroup_x_repeatOrderSameSize
0.00253348244681,llr_deviceID_x_sameArticleDiffColor
0.00247528128061,llr_voucherID_x_sameProductDiffSize
0.00247045032432,llr_voucherID_x_repeatOrderSameSize
0.00243559572628,llr_deviceID_x_sameArticleDiffSize
0.00241393669524,llr_month_x_sameArticleDiffSize
0.00236044293066,llr_paymentMethod_x_sameArticleDiffSize
0.00229905527423,llr_deviceID_x_repeatOrderSameSize
0.00228368831508,llr_productGroup_x_businessCustomer
0.0022789652002,total_voucherAmount_by_orderID
0.0022493976086,llr_voucherID_x_businessCustomer
0.00220811115464,llr_month_x_repeatOrderSameSize
0.0021832837039,llr_deviceID_x_sameProductDiffSize
0.00215613931616,llr_paymentMethod_x_sameProductDiffSize
0.00214236494591,llr_month_x_sameProductDiffSize
0.00206975699882,llr_deviceID_x_businessCustomer
0.00203234603884,llr_month_x_businessCustomer
0.00191077217311,llr_paymentMethod_x_sameArticleDiffColor
0.00184848766213,llr_voucherID_x_businessCustomer2
0.00182186520456,llr_productGroup_x_businessCustomer2
0.00180466431326,llr_voucherID
0.00178083839387,llr_productGroup
0.00170331536725,llr_paymentMethod_x_businessCustomer
0.00169180682582,llr_paymentMethod_x_repeatOrderSameSize
0.00165130643366,llr_sameArticleDiffSize_x_sameArticleDiffColor
0.00160474087481,llr_deviceID_x_businessCustomer2
0.00155742811688,llr_deviceID
0.00151656317158,llr_repeatOrderSameSize_x_sameArticleDiffSize
0.00140287478801,llr_businessCustomer_x_sameArticleDiffSize
0.00137134756516,llr_month_x_businessCustomer2
0.0013579812575,llr_sameArticleDiffSize_x_sameProductDiffSize
0.00132375981821,llr_month
0.00128463610177,llr_repeatOrderSameSize_x_sameArticleDiffColor
0.00124281440616,llr_sameArticleDiffColor_x_sameProductDiffSize
0.00124161849966,voucherAmount
0.00118584938315,llr_businessCustomer2_x_sameArticleDiffSize
0.00118185652897,llr_paymentMethod_x_businessCustomer2
0.0011818016056,sameArticleDiffSize
0.00106848593266,llr_paymentMethod
0.00104689623139,llr_businessCustomer_x_sameArticleDiffColor
0.00103612482726,llr_repeatOrderSameSize_x_sameProductDiffSize
0.00102772904715,llr_sameArticleDiffSize
0.000958817044444,llr_articleID_x_customerID
0.00092010068326,llr_businessCustomer_x_repeatOrderSameSize
0.000799407448118,llr_businessCustomer_x_sameProductDiffSize
0.000580901787377,llr_businessCustomer2_x_sameArticleDiffColor
0.000573729971568,llr_businessCustomer2_x_repeatOrderSameSize
0.0005558839448,sameArticleDiffColor
0.000550702848955,llr_sameArticleDiffColor
0.000541798022749,repeatOrderSameSize
0.000540656509372,llr_repeatOrderSameSize
0.000525632589267,llr_businessCustomer2_x_sameProductDiffSize
0.000482428243155,sameProductDiffSize
0.000382779999623,llr_sameProductDiffSize
0.000328253686247,llr_businessCustomer_x_businessCustomer2
0.000305765718752,llr_businessCustomer
0.000305527159156,businessCustomer
0.000204445733672,quantity
0.000114330494622,llr_customerID_x_week
2.38543289544e-05,businessCustomer2
2.288567439e-05,llr_businessCustomer2
0.0,llr_customerID_x_month
