,s0
quantity,1.429963515
sameArticleDiffSize,0.655349789
discountProp,0.325800858
llr_dow,0.312425292
sameProductDiffSize,0.246807024
llr_voucherID,0.222262636
llr_articleID,0.219485154
llr_articleID_x_colorCode,0.170805699
llr_deviceID_x_paymentMethod,0.167717054
llr_paymentMethod,0.165868402
llr_sizeCode_x_productGroup,0.15966371
llr_paymentMethod_x_dow,0.159458379
llr_voucherID_x_paymentMethod,0.158360079
llr_productGroup_x_paymentMethod,0.149315308
llr_week,0.101328518
total_quantity_per_order,0.095649295
llr_voucherID_x_week,-0.088728052
llr_deviceID_x_week,0.080664497
llr_dow_x_week,0.079482921
llr_paymentMethod_x_week,0.068356396
llr_voucherID_x_deviceID,0.061043523
llr_sizeCode_x_dow,-0.048322985
llr_articleID_x_deviceID,0.042781547
llr_articleID_x_sizeCode,0.041532478
llr_articleID_x_paymentMethod,0.040831031
llr_colorCode_x_sizeCode,-0.036716699
llr_articleID_x_voucherID,0.033474383
llr_articleID_x_productGroup,0.030425576
llr_colorCode_x_dow,-0.028965904
llr_articleID_x_week,0.023621365
llr_colorCode_x_productGroup,0.022881895
llr_deviceID_x_dow,0.022828612
llr_articleID_x_dow,0.022617641
llr_productGroup_x_week,0.013707685
repeatOrderSameSize,-0.013483632
llr_colorCode_x_voucherID,-0.004642156
rrp,0.002608306
voucherAmount,-0.001754612
llr_colorCode_x_week,-0.000393019
total_quantity_per_customer,-0.000328843
total_quantity_per_article,-2.27E-05
price,0
sameArticleDiffColor,0
llr_articleID_x_customerID,0
llr_colorCode,0
llr_colorCode_x_customerID,0
llr_colorCode_x_deviceID,0
llr_colorCode_x_paymentMethod,0
llr_sizeCode,0
llr_sizeCode_x_voucherID,0
llr_sizeCode_x_customerID,0
llr_sizeCode_x_deviceID,0
llr_sizeCode_x_paymentMethod,0
llr_sizeCode_x_week,0
llr_productGroup,0
llr_productGroup_x_voucherID,0
llr_productGroup_x_customerID,0
llr_productGroup_x_deviceID,0
llr_productGroup_x_dow,0
llr_voucherID_x_customerID,0
llr_voucherID_x_dow,0
llr_customerID,0
llr_customerID_x_deviceID,0
llr_customerID_x_paymentMethod,0
llr_customerID_x_dow,0
llr_customerID_x_week,0
llr_deviceID,0
