,s0
quantity,1.330718873
llr_paymentMethod,0.864623229
llr_dow,0.619005378
sameArticleDiffSize,0.611847454
llr_articleID,0.566235893
llr_deviceID,0.403340787
llr_voucherID,0.395021894
llr_week,0.357458553
llr_productGroup,0.33839207
discountProp,0.326172997
sameProductDiffSize,0.268286322
total_quantity_per_order,0.090325811
llr_sizeCode,-0.050340814
llr_colorCode,-0.029521646
repeatOrderSameSize,-0.024164659
sameArticleDiffColor,0.008921428
rrp,0.002838148
voucherAmount,-0.002271448
total_quantity_per_customer,-0.000332565
price,9.16E-05
total_quantity_per_article,-2.41E-05
llr_customerID,0
