,s0
quantity,1.340657034
sameArticleDiffSize,0.610525371
llr_dow,0.436426332
discountProp,0.327625029
llr_voucherID,0.319447296
sameProductDiffSize,0.269453602
llr_paymentMethod,0.170732219
llr_articleID_x_colorCode,0.152956525
llr_paymentMethod_x_dow,0.149233105
llr_deviceID_x_paymentMethod,0.140676947
llr_voucherID_x_paymentMethod,0.139897935
llr_voucherID_x_week,-0.135331375
llr_week,0.133092207
llr_sizeCode_x_productGroup,0.129477672
llr_articleID,0.122022459
llr_articleID_x_productGroup,0.10543372
total_quantity_per_order,0.090011225
llr_dow_x_week,0.088370107
llr_productGroup_x_paymentMethod,0.087486476
llr_paymentMethod_x_week,0.085144027
llr_deviceID_x_week,0.082778163
llr_voucherID_x_deviceID,0.07154699
llr_sizeCode,-0.069430641
llr_deviceID,0.068975532
llr_sizeCode_x_paymentMethod,0.066729944
llr_sizeCode_x_dow,-0.063864249
llr_articleID_x_deviceID,0.050331111
llr_colorCode_x_productGroup,0.049047716
llr_articleID_x_sizeCode,0.048626416
llr_articleID_x_paymentMethod,0.045899382
llr_colorCode_x_sizeCode,-0.04220094
llr_articleID_x_voucherID,0.041703138
llr_colorCode_x_dow,-0.038766865
llr_deviceID_x_dow,0.036904904
llr_productGroup_x_week,0.035049366
llr_sizeCode_x_deviceID,-0.034821748
llr_sizeCode_x_week,0.034271946
llr_productGroup,0.030741117
llr_articleID_x_dow,0.028514405
llr_colorCode_x_paymentMethod,0.028473446
llr_articleID_x_week,0.02826452
repeatOrderSameSize,-0.025384346
llr_colorCode,-0.024180089
llr_voucherID_x_dow,-0.021486679
llr_productGroup_x_dow,0.019071318
llr_colorCode_x_voucherID,-0.016260734
sameArticleDiffColor,0.013579107
llr_productGroup_x_deviceID,0.013573985
llr_productGroup_x_voucherID,0.012412998
llr_colorCode_x_week,-0.010595566
llr_colorCode_x_deviceID,0.005717247
rrp,0.002522914
voucherAmount,-0.001826585
llr_sizeCode_x_voucherID,0.001175554
total_quantity_per_customer,-0.000322601
price,-9.52E-05
total_quantity_per_article,-2.20E-05
llr_articleID_x_customerID,0
llr_colorCode_x_customerID,0
llr_sizeCode_x_customerID,0
llr_productGroup_x_customerID,0
llr_voucherID_x_customerID,0
llr_customerID,0
llr_customerID_x_deviceID,0
llr_customerID_x_paymentMethod,0
llr_customerID_x_dow,0
llr_customerID_x_week,0
