,s0
quantity,1.426735684
llr_paymentMethod,0.902333044
sameArticleDiffSize,0.651718513
llr_articleID,0.612959226
llr_dow,0.507143082
llr_voucherID,0.372519676
llr_deviceID,0.339568718
discountProp,0.32552778
llr_productGroup,0.319980915
llr_week,0.288014724
sameProductDiffSize,0.247882425
total_quantity_per_order,0.095612179
llr_sizeCode,-0.04793101
llr_colorCode,-0.034446566
repeatOrderSameSize,-0.012010241
rrp,0.002709008
voucherAmount,-0.002189221
total_quantity_per_customer,-0.000322284
total_quantity_per_article,-2.31E-05
price,0
sameArticleDiffColor,0
llr_customerID,0
