"","Features","Overall"
"1","quantity",100
"2","price",99.73
"3","discountProp",99.3
"4","llr_productGroup_x_customerID",98.77
"5","llr_voucherID_x_customerID",98.77
"6","llr_colorCode_x_deviceID",98.1
"7","llr_colorCode_x_dow",98.1
"8","llr_sizeCode_x_customerID",98.1
"9","llr_articleID_x_paymentMethod",97.52
"10","sameArticleDiffSize",97.47
"11","llr_customerID",97.47
"12","llr_articleID_x_colorCode",97.3
"13","llr_customerID_x_paymentMethod",97.11
"14","llr_articleID_x_customerID",96.81
"15","total_price_by_orderID",95.74
"16","llr_colorCode",95.17
"17","llr_colorCode_x_businessCustomer",92.93
"18","total_price_by_customerID",90.22
"19","llr_articleID_x_month",82.14
"20","llr_customerID_x_deviceID",80.83
"21","total_quantity_per_order",78.7
"22","llr_articleID",78.15
"23","llr_articleID_x_sizeCode",77.46
"24","rrp",76.23
"25","sameProductDiffSize",70.7
"26","llr_paymentMethod",70.24
"27","llr_voucherID_x_month",66.08
"28","llr_productGroup_x_paymentMethod",65.06
"29","llr_sizeCode_x_productGroup",64.68
"30","llr_deviceID_x_paymentMethod",64.23
"31","total_quantity_per_customer",63.63
"32","llr_month_x_businessCustomer",61.13
"33","llr_week_x_businessCustomer",58.85
"34","llr_deviceID_x_week",57.52
"35","llr_sizeCode_x_week",56.14
"36","llr_sizeCode_x_paymentMethod",55.75
"37","llr_voucherID_x_deviceID",55.23
"38","llr_articleID_x_voucherID",54.62
"39","llr_customerID_x_week",53.87
"40","llr_customerID_x_dow",53.51
"41","sameArticleDiffColor",52.43
"42","llr_deviceID_x_businessCustomer",52.29
"43","llr_paymentMethod_x_week",52.08
"44","unit_price_min_avg",51.97
"45","total_voucherAmount_by_articleID",50.4
"46","llr_articleID_x_businessCustomer",50.37
"47","llr_articleID_x_week",50.01
"48","llr_deviceID_x_month",49.34
"49","llr_colorCode_x_month",48.52
"50","total_voucherAmount_by_customerID",47.62
"51","llr_voucherID",47.44
"52","llr_businessCustomer",46.95
"53","total_voucherAmount_by_orderID",44.71
"54","total_quantity_per_article",44.21
"55","llr_paymentMethod_x_businessCustomer",42.63
"56","llr_articleID_x_dow",42.19
"57","llr_dow_x_week",40.06
"58","llr_dow_x_businessCustomer",38.95
"59","llr_articleID_x_deviceID",38.84
"60","llr_colorCode_x_productGroup",38.68
"61","llr_paymentMethod_x_month",37.2
"62","llr_deviceID_x_dow",37.01
"63","llr_sizeCode_x_voucherID",36.7
"64","llr_sizeCode_x_month",36.16
"65","llr_productGroup_x_dow",36.13
"66","llr_productGroup_x_month",35.24
"67","llr_voucherID_x_week",31.49
"68","llr_voucherID_x_dow",31.28
"69","llr_sizeCode_x_deviceID",31.11
"70","llr_sizeCode_x_businessCustomer",30.66
"71","llr_month_x_week",30.54
"72","llr_sizeCode_x_dow",30.31
"73","llr_month",29.87
"74","repeatOrderSameSize",29.85
"75","llr_month_x_dow",28.88
"76","voucherAmount",28.79
"77","llr_sizeCode",28.73
"78","llr_productGroup",26.7
"79","llr_productGroup_x_week",24.8
"80","llr_voucherID_x_paymentMethod",24.76
"81","llr_dow",24.17
"82","total_price_by_articleID",23.49
"83","llr_deviceID",23.26
"84","llr_voucherID_x_businessCustomer",22.76
"85","llr_colorCode_x_voucherID",22.2
"86","llr_productGroup_x_voucherID",20.15
"87","llr_colorCode_x_sizeCode",18.41
"88","llr_productGroup_x_deviceID",17.63
"89","llr_week",14.34
"90","llr_paymentMethod_x_dow",14.26
"91","llr_productGroup_x_businessCustomer",13.81
"92","llr_colorCode_x_week",10.08
"93","llr_colorCode_x_customerID",8.54
"94","llr_colorCode_x_paymentMethod",6.64
"95","llr_articleID_x_productGroup",3.35
"96","discountProp.1",0
"97","llr_customerID_x_month",0
"98","llr_customerID_x_businessCustomer",0
