"Features","splits"
"llr_articleID_x_sameProductDiffSize",4.07329947905539
"total_price_by_orderID",2.964765940783
"llr_articleID_x_sameArticleDiffSize",2.80178132993908
"quantity",2.56858217153119
"llr_customerID_x_repeat_article",2.41840480568496
"llr_customerID_x_paymentMethod",1.90904939990035
"llr_paymentMethod_x_sameArticleDiffSize",1.88159252628963
"discountProp",1.67185442154353
"total_rrp0_by_customerID",1.59129147830516
"llr_articleID_x_paymentMethod",1.54276739886973
"llr_customerID",1.48519538730944
"llr_sameArticleDiffSize_x_article_t_h",1.38082122111257
"total_rrp0_by_orderID",1.32231287001228
"totalPrice_minus_voucher",1.29026243753549
"llr_customerID_x_sameArticleDiffSize",1.2664743519247
"unit_price_minus_mean_price_by_articleID",1.20969949429711
"llr_customerID_x_repeat_product",1.1456496761169
"colors_db_total_quantity",1.10903120816072
"llr_customerID_x_num_size_by_articleID_productgroup",0.988257579126295
"uniqueArticles_per_order",0.967190373301583
"llr_repeat_color_x_repeat_article",0.915097213373994
"llr_customerID_x_repeat_size",0.879440608344499
"totalPrice_per_meanTime",0.854741706580399
"llr_paymentMethod_x_article_t_h",0.820869641796982
"llr_max_freq_paymeth_letters_by_custome_x_newproductgrouprrptwodigits_1",0.808975598991588
"articleVsColor_per_order",0.782429541534178
"llr_articleID_x_customerID",0.775103534208171
"runningTotalOrders",0.775103534208171
"llr_articleID_x_colorhundreddigit",0.72657945477274
"llr_articleID_x_month",0.691859189283243
"llr_paymentMethod_x_sameProductDiffSize",0.665287608439145
"llr_articleID_x_colorlastthreesum",0.637830734828425
"llr_customerID_x_extreme_size",0.598428771638933
"size_num",0.598428771638933
"customer_mean_price",0.592949920006236
"llr_articleID_x_extreme_size",0.585623912680228
"llr_customerID_x_legal_holiday",0.585623912680228
"llr_customerID_x_productGroup_rrp_of_100digit",0.578297905354221
"customer_art_counts",0.544488456018035
"products_db_total_quantity",0.544488456018035
"llr_articleID_x_colorlasttwodigit",0.520700370407245
"llr_voucher_Amount_coupon_x_extreme_size",0.513374363081238
"revisit_in_one_week",0.506959171908541
"llr_customerID_x_article_t_h",0.496001468643146
"llr_customerID_x_cluster_articleID_by_rrp_productgroup",0.488675461317138
"llr_productGroup_x_paymentMethod",0.481349453991131
"llr_voucherID_x_customerID",0.481349453991131
"llr_customerID_x_newproductgrouprrptwodigits_1",0.475870602358433
"total_voucherAmount_by_articleID",0.463976559553039
"customer_mean_rrp",0.453018856287643
"llr_customerID_x_sameProductDiffSize",0.439277657788939
"llr_repeat_size_x_repeat_article",0.431951650462931
"llr_articleID_x_week",0.426472798830234
"llr_customerID_x_dow",0.419146791504226
"min_price_per_article",0.419146791504226
"uniqueColors_per_order",0.419146791504226
"n_quantity_6m",0.399015925219514
"price",0.392600734046817
"productVsColor_per_order",0.392600734046817
"sizes_db_total_quantity",0.392600734046817
"llr_customerID_x_pattern_paste_numofcolor_numofsize_by_article_productgroup",0.379795875088112
"max_price_per_article",0.379795875088112
"time_since_article_first_appearance",0.379795875088112
"unit_price",0.379795875088112
"llr_customerID_x_deviceID",0.367901832282717
"llr_sizeCode_x_customerID",0.354160633784013
"sizeVsColor_per_order",0.354160633784013
"llr_articleID_x_repeat_article",0.348681782151315
"llr_repeat_product_x_article_t_h",0.342266590978618
"llr_dow_x_max_freq_color_code",0.33678773934592
"llr_paymentMethod_x_extreme_size",0.330372548173223
"llr_sameProductDiffSize_x_cluster_articleID_by_rrp_productgroup",0.330372548173223
"llr_voucherID_x_extreme_size",0.323046540847216
"llr_voucherID_x_productGroup_article_t_h",0.323046540847216
"total_voucherAmount_by_orderID",0.323046540847216
"vouchers_per_day",0.315720533521209
"customer_median_price",0.310241681888511
"llr_businessCustomer_x_pattern_paste_numofcolor_numofsize_by_article_productgroup",0.310241681888511
"llr_customerID_x_month",0.302915674562503
"llr_dow_x_unitprice_vary_within_month_by_articleID",0.296500483389807
"llr_voucherID_x_week",0.296500483389807
"customer_article_quantity",0.284606440584412
"llr_colorCode_x_sizeCode",0.284606440584412
"llr_num_color_by_articleID_productgroup_x_unitprice_vary_within_week_by_articleID",0.284606440584412
"llr_sameArticleDiffSize_x_sameArticleDiffColor",0.284606440584412
"articleVsProduct_per_order",0.271801581625707
"llr_colorCode_x_article_t_h",0.26538639045301
"llr_customerID_x_binned_new_productGroup_option_1",0.26538639045301
"llr_paymentMethod_x_colorlasttwodigit",0.26538639045301
"llr_sameArticleDiffSize_x_repeat_size",0.26538639045301
"uniqueProducts_per_order",0.26538639045301
"customer_size_counts",0.259907538820312
"llr_customerID_x_unitprice_vary_within_week_by_articleID",0.259907538820312
"llr_week_x_sameArticleDiffColor",0.259907538820312
"n_orders",0.259907538820312
"llr_customerID_x_productGroup_article_t_h",0.254428687187614
"llr_customerID_x_sameArticleDiffColor",0.254428687187614
"llr_customerID_x_week",0.254428687187614
"llr_month_x_colorlastthreesum",0.254428687187614
"llr_num_color_by_articleID_productgroup_x_max_freq_color_code",0.247102679861607
"llr_repeat_size_x_pattern_paste_numofcolor_numofsize_by_article_productgroup",0.24068748868891
"llr_sameProductDiffSize_x_colorlastthree",0.24068748868891
"llr_voucherID_x_sameArticleDiffColor",0.24068748868891
"llr_week_x_unitprice_vary_within_month_by_articleID",0.24068748868891
"n_days_voucherColor",0.24068748868891
"total_voucherAmount_by_customerID",0.24068748868891
"articleVsSize_per_order",0.235208637056212
"llr_articleID_x_unitprice_vary_within_month_by_articleID",0.227882629730205
"llr_colorhundreddigit_x_colorlastthreesum",0.227882629730205
"llr_customerID_x_unitprice_vary_within_month_by_articleID",0.227882629730205
"llr_deviceID_x_paymentMethod",0.227882629730205
"llr_sameArticleDiffColor_x_max_freq_color_code",0.221467438557508
"llr_sizeCode_x_repeat_size",0.221467438557508
"llr_sizeCode_x_unitprice_vary_within_week_by_articleID",0.221467438557508
"revisit_in_three_month",0.221467438557508
"customer_product_quantity",0.208662579598803
"llr_articleID_x_max_freq_paymeth_letters_by_custome",0.208662579598803
"llr_article_t_h_x_max_freq_color_code",0.208662579598803
"llr_customerID_x_general_holiday",0.202247388426106
"llr_dow_x_repeat_article",0.202247388426106
"llr_general_holiday_x_pattern_paste_numofcolor_numofsize_by_article_productgroup",0.202247388426106
"llr_sameArticleDiffSize_x_repeat_article",0.202247388426106
"llr_voucher_Amount_coupon_x_productGroup_rrp_of_1digit",0.202247388426106
"llr_voucher_Amount_coupon_x_unitprice_vary_within_week_by_articleID",0.202247388426106
"customer_color_quantity",0.196768536793408
"llr_colorlastthree_x_max_freq_color_code",0.196768536793408
"llr_customerID_x_colorlastthreesum",0.196768536793408
"llr_customerID_x_num_color_by_articleID_productgroup",0.196768536793408
"llr_productGroup_article_t_h_x_productGroup_rrp_of_1digit",0.196768536793408
"llr_sameArticleDiffColor_x_colorlasttwodigit",0.189442529467401
"llr_voucherID_x_max_freq_color_code",0.189442529467401
"llr_week_x_colorlasttwodigit",0.189442529467401
"llr_week_x_max_freq_color_code",0.189442529467401
"runningTotalVoucherAmount",0.189442529467401
"customer_median_rrp",0.183963677834703
"llr_articleID_x_unitprice_vary_within_week_by_articleID",0.177548486662006
"llr_colorCode_x_productGroup_rrp_of_1digit",0.177548486662006
"llr_customerID_x_any_holiday",0.177548486662006
"llr_customerID_x_productGroup_rrp_of_1digit",0.177548486662006
"llr_paymentMethod_x_dow",0.177548486662006
"llr_paymentMethod_x_repeat_article",0.177548486662006
"llr_productGroup_x_customerID",0.177548486662006
"llr_sizeCode_x_repeat_product",0.170222479335999
"llr_week_x_colorlastthree",0.170222479335999
"median_price_per_color",0.170222479335999
"n_days_articleSize",0.163807288163302
"articles_db_total_quantity",0.158328436530604
"llr_colorlasttwodigit_x_pattern_paste_numofcolor_numofsize_by_article_productgroup",0.158328436530604
"llr_customerID_x_voucher_Amount_coupon",0.158328436530604
"llr_repeat_article_x_colorlasttwodigit",0.158328436530604
"llr_sameArticleDiffSize_x_productGroup_article_t_h",0.158328436530604
"llr_sameArticleDiffSize_x_unitprice_vary_within_week_by_articleID",0.158328436530604
"llr_voucherID_x_unitprice_vary_within_month_by_articleID",0.158328436530604
"llr_week_x_sameProductDiffSize",0.158328436530604
"n_quantity_3m",0.158328436530604
"quantity_prop",0.158328436530604
"time_between",0.158328436530604
"uniqueSizes_per_order",0.158328436530604
"avg_price_per_day",0.152849584897906
"llr_articleID_x_general_holiday",0.152849584897906
"llr_articleID_x_repeat_size",0.152849584897906
"llr_colorhundreddigit_x_pattern_paste_numofcolor_numofsize_by_article_productgroup",0.152849584897906
"llr_colorlastthreesum_x_unitprice_vary_within_week_by_articleID",0.145523577571899
"llr_customerID_x_colorlastthree",0.145523577571899
"llr_deviceID_x_max_freq_color_code",0.145523577571899
"llr_dow_x_colorlasttwodigit",0.139108386399202
"llr_num_color_by_articleID_productgroup_x_extreme_size",0.139108386399202
"llr_pattern_paste_numofcolor_numofsize_by_article_productgroup_x_extreme_size",0.139108386399202
"llr_repeat_product_x_unitprice_vary_within_week_by_articleID",0.139108386399202
"llr_sameArticleDiffColor_x_colorlastthreesum",0.139108386399202
"llr_sameArticleDiffColor_x_newproductgrouprrptwodigits_1",0.139108386399202
"llr_sameProductDiffSize_x_repeat_article",0.139108386399202
"llr_sameProductDiffSize_x_unitprice_vary_within_month_by_articleID",0.139108386399202
"llr_sizeCode_x_extreme_size",0.139108386399202
"llr_unitprice_vary_within_week_by_articleID_x_max_freq_paymeth_letters_by_custome",0.139108386399202
"llr_unitprice_vary_within_week_by_articleID_x_unitprice_vary_within_month_by_articleID",0.139108386399202
"llr_voucherID_x_num_color_by_articleID_productgroup",0.139108386399202
"llr_voucherID_x_repeat_color",0.139108386399202
"llr_week_x_repeat_size",0.139108386399202
"n_days_voucherArticle",0.139108386399202
"customer_per_day",0.126303527440497
"customer_prod_counts",0.1198883362678
"llr_articleID_x_any_holiday",0.1198883362678
"llr_colorlastthree_x_productGroup_article_t_h",0.1198883362678
"llr_colorlastthreesum_x_article_t_h",0.1198883362678
"llr_colorlasttwodigit_x_max_freq_paymeth_letters_by_custome",0.1198883362678
"llr_deviceID_x_sameProductDiffSize",0.1198883362678
"llr_dow_x_productGroup_rrp_of_1digit",0.1198883362678
"llr_paymentMethod_x_cluster_articleID_by_rrp_productgroup",0.1198883362678
"llr_productGroup_x_sameArticleDiffColor",0.1198883362678
"llr_repeat_article_x_colorhundreddigit",0.113473145095103
"llr_repeat_color_x_colorlastthreesum",0.113473145095103
"llr_repeat_color_x_newproductgrouprrptwodigits_1",0.113473145095103
"llr_repeat_size_x_colorlasttwodigit",0.113473145095103
"llr_sameProductDiffSize_x_article_t_h",0.113473145095103
"llr_sizeCode_x_sameProductDiffSize",0.113473145095103
"llr_sizeCode_x_unitprice_vary_within_month_by_articleID",0.113473145095103
"llr_voucher_Amount_coupon_x_max_freq_color_code",0.113473145095103
"mean_price_per_article",0.113473145095103
"n_days_articleColor",0.113473145095103
"runningTotalItems",0.113473145095103
"total_rrp0_by_articleID",0.113473145095103
"voucherID_last3",0.113473145095103
"articleID_last4",0.100668286136398
"customer_order_color_prop",0.100668286136398
"customer_std_rrp",0.100668286136398
"llr_articleID_x_num_color_by_articleID_productgroup",0.100668286136398
"llr_articleID_x_sameArticleDiffColor",0.100668286136398
"llr_businessCustomer_x_extreme_size",0.100668286136398
"llr_cluster_articleID_by_rrp_productgroup_x_max_freq_paymeth_letters_by_custome",0.100668286136398
"llr_colorCode_x_max_freq_color_code",0.100668286136398
"llr_colorCode_x_productGroup_article_t_h",0.100668286136398
"llr_customerID_x_repeatOrderSameSize",0.100668286136398
"llr_deviceID_x_num_color_by_articleID_productgroup",0.100668286136398
"llr_month_x_productGroup_article_t_h",0.0942530949637008
"llr_paymentMethod_x_max_freq_color_code",0.0942530949637008
"llr_paymentMethod_x_repeat_product",0.0942530949637008
"llr_productGroup_x_businessCustomer",0.0942530949637008
"llr_repeatOrderSameSize_x_repeat_size",0.0942530949637008
"llr_repeat_color_x_pattern_paste_numofcolor_numofsize_by_article_productgroup",0.0942530949637008
"llr_repeat_product_x_extreme_size",0.0942530949637008
"llr_sizeCode_x_sameArticleDiffColor",0.0942530949637008
"llr_sizeCode_x_week",0.0942530949637008
"end_rrp",0.088774243331003
"llr_articleID_x_colorCode",0.088774243331003
"llr_articleID_x_deviceID",0.088774243331003
"llr_colorCode_x_voucherID",0.088774243331003
"llr_colorlastthreesum_x_newproductgrouprrptwodigits_1",0.088774243331003
"llr_deviceID_x_colorhundreddigit",0.088774243331003
"llr_deviceID_x_repeat_size",0.088774243331003
"llr_deviceID_x_sameArticleDiffSize",0.088774243331003
"llr_dow_x_businessCustomer",0.088774243331003
"llr_extreme_size_x_max_freq_color_code",0.088774243331003
"llr_legal_holiday_x_colorlastthreesum",0.0814482360049956
"llr_paymentMethod_x_repeat_color",0.0814482360049956
"llr_paymentMethod_x_unitprice_vary_within_month_by_articleID",0.0814482360049956
"llr_paymentMethod_x_week",0.0814482360049956
"llr_repeat_color_x_colorlastthree",0.0814482360049956
"llr_repeat_color_x_max_freq_paymeth_letters_by_custome",0.0814482360049956
"llr_repeat_product_x_newproductgrouprrptwodigits_1",0.0814482360049956
"llr_repeat_product_x_unitprice_vary_within_month_by_articleID",0.0750330448322987
"llr_sameArticleDiffColor_x_repeat_product",0.0750330448322987
"llr_sizeCode_x_voucherID",0.0750330448322987
"llr_voucherID_x_paymentMethod",0.0750330448322987
"productVsSize_per_order",0.0750330448322987
"customer_size_quantity",0.0695541931996009
"customer_std_price",0.0695541931996009
"customer_std_voucherAmount",0.0695541931996009
"customer_visits",0.0695541931996009
"llr_colorhundreddigit_x_productGroup_article_t_h",0.0695541931996009
"llr_colorhundreddigit_x_unitprice_vary_within_week_by_articleID",0.0695541931996009
"llr_colorlastthreesum_x_max_freq_color_code",0.0695541931996009
"llr_customerID_x_repeat_color",0.0695541931996009
"llr_dow_x_pattern_paste_numofcolor_numofsize_by_article_productgroup",0.0695541931996009
"llr_max_freq_color_code_x_newproductgrouprrptwodigits_1",0.0695541931996009
"llr_month_x_max_freq_color_code",0.0695541931996009
"llr_pattern_paste_numofcolor_numofsize_by_article_productgroup_x_unitprice_vary_within_month_by_articleID",0.0695541931996009
"llr_pattern_paste_numofcolor_numofsize_by_article_productgroup_x_unitprice_vary_within_week_by_articleID",0.0695541931996009
"llr_productGroup_article_t_h_x_newproductgrouprrptwodigits_1",0.0695541931996009
"llr_productGroup_x_deviceID",0.0695541931996009
"llr_productGroup_x_max_freq_paymeth_letters_by_custome",0.0695541931996009
"llr_productGroup_x_repeat_size",0.0695541931996009
"llr_productGroup_x_sameProductDiffSize",0.0695541931996009
"llr_productGroup_x_voucher_Amount_coupon",0.0695541931996009
"llr_repeatOrderSameSize_x_repeat_color",0.0695541931996009
"llr_repeat_article_x_extreme_size",0.0695541931996009
"llr_repeat_product_x_colorlasttwodigit",0.0695541931996009
"llr_repeat_size_x_unitprice_vary_within_week_by_articleID",0.0695541931996009
"llr_sameArticleDiffColor_x_repeat_size",0.0695541931996009
"llr_sameArticleDiffSize_x_colorlasttwodigit",0.0695541931996009
"llr_sameArticleDiffSize_x_extreme_size",0.063139002026904
"llr_sameArticleDiffSize_x_max_freq_color_code",0.063139002026904
"llr_sameArticleDiffSize_x_newproductgrouprrptwodigits_1",0.063139002026904
"llr_sameArticleDiffSize_x_voucher_Amount_coupon",0.063139002026904
"llr_sameProductDiffSize_x_colorlastthreesum",0.063139002026904
"llr_sizeCode_x_article_t_h",0.063139002026904
"llr_sizeCode_x_colorhundreddigit",0.063139002026904
"llr_sizeCode_x_paymentMethod",0.063139002026904
"llr_voucherID_x_colorlasttwodigit",0.063139002026904
"llr_voucherID_x_dow",0.063139002026904
"llr_voucher_Amount_coupon_x_unitprice_vary_within_month_by_articleID",0.0558129947008966
"llr_week_x_productGroup_rrp_of_100digit",0.0558129947008966
"llr_week_x_repeat_color",0.0558129947008966
"llr_week_x_repeat_product",0.0558129947008966
"ratio_unitprice_divide_rrp",0.0558129947008966
"totalVoucher_per_meanTime",0.0558129947008966
"voucherID_last2",0.0558129947008966
"freqColorCode_hundreds",0.0503341430681988
"llr_articleID_x_dow",0.0503341430681988
"llr_articleID_x_num_size_by_articleID_productgroup",0.0503341430681988
"llr_businessCustomer_x_max_freq_paymeth_letters_by_custome",0.0503341430681988
"llr_colorCode_x_cluster_articleID_by_rrp_productgroup",0.0503341430681988
"llr_colorCode_x_sameArticleDiffSize",0.0503341430681988
"llr_colorCode_x_sameProductDiffSize",0.0503341430681988
"llr_colorlastthree_x_cluster_articleID_by_rrp_productgroup",0.0503341430681988
"llr_colorlastthree_x_unitprice_vary_within_month_by_articleID",0.0503341430681988
"llr_customerID_x_productGroup_rrp_of_10digit",0.0503341430681988
"llr_deviceID_x_article_t_h",0.0503341430681988
"llr_deviceID_x_extreme_size",0.0503341430681988
"llr_deviceID_x_newproductgrouprrptwodigits_1",0.0503341430681988
"llr_deviceID_x_sameArticleDiffColor",0.0503341430681988
"llr_deviceID_x_unitprice_vary_within_month_by_articleID",0.0503341430681988
"llr_dow_x_extreme_size",0.0503341430681988
"llr_dow_x_max_freq_paymeth_letters_by_custome",0.0503341430681988
"llr_dow_x_num_color_by_articleID_productgroup",0.0503341430681988
"llr_dow_x_productGroup_article_t_h",0.0503341430681988
"llr_dow_x_repeatOrderSameSize",0.0503341430681988
"llr_dow_x_week",0.0503341430681988
"llr_extreme_size_x_newproductgrouprrptwodigits_1",0.0503341430681988
"llr_max_freq_color_code_x_productGroup_rrp_of_1digit",0.0503341430681988
"llr_max_freq_paymeth_letters_by_custome_x_max_freq_color_code",0.0503341430681988
"llr_num_color_by_articleID_productgroup_x_binned_new_productGroup_option_1",0.0503341430681988
"llr_productGroup_x_repeat_color",0.0503341430681988
"llr_repeatOrderSameSize_x_num_color_by_articleID_productgroup",0.0503341430681988
"llr_repeatOrderSameSize_x_unitprice_vary_within_week_by_articleID",0.0439189518955019
"llr_repeat_article_x_max_freq_paymeth_letters_by_custome",0.0439189518955019
"llr_repeat_color_x_productGroup_rrp_of_1digit",0.0439189518955019
"llr_repeat_color_x_repeat_size",0.0439189518955019
"llr_repeat_size_x_colorhundreddigit",0.0439189518955019
"llr_repeat_size_x_colorlastthree",0.0439189518955019
"llr_sameArticleDiffColor_x_pattern_paste_numofcolor_numofsize_by_article_productgroup",0.0439189518955019
"llr_sameArticleDiffColor_x_unitprice_vary_within_month_by_articleID",0.0439189518955019
"llr_sameArticleDiffSize_x_colorhundreddigit",0.0439189518955019
"llr_sameProductDiffSize_x_max_freq_paymeth_letters_by_custome",0.0439189518955019
"llr_sameProductDiffSize_x_productGroup_article_t_h",0.0439189518955019
"llr_sameProductDiffSize_x_productGroup_rrp_of_1digit",0.0439189518955019
"llr_sameProductDiffSize_x_unitprice_vary_within_week_by_articleID",0.0439189518955019
"llr_sizeCode_x_dow",0.0439189518955019
"llr_sizeCode_x_max_freq_paymeth_letters_by_custome",0.0439189518955019
"llr_sizeCode_x_month",0.0439189518955019
"llr_sizeCode_x_pattern_paste_numofcolor_numofsize_by_article_productgroup",0.0439189518955019
"llr_sizeCode_x_productGroup_article_t_h",0.0439189518955019
"llr_voucherID_x_deviceID",0.0439189518955019
"llr_voucherID_x_max_freq_paymeth_letters_by_custome",0.0439189518955019
"llr_voucherID_x_repeatOrderSameSize",0.0439189518955019
"llr_week_x_colorlastthreesum",0.0439189518955019
"llr_week_x_newproductgrouprrptwodigits_1",0.0439189518955019
"llr_week_x_num_color_by_articleID_productgroup",0.0439189518955019
"median_price_per_article",0.0439189518955019
"n_quantity_1w",0.0439189518955019
"orders_per_meanTime",0.0439189518955019
"total_price_by_colorCode",0.0439189518955019
"total_price_per_day",0.0439189518955019
"articleID_last2",0.0384401002628041
"avg_voucherAmt_per_day",0.0384401002628041
"businessCustomer2",0.0384401002628041
"customer_order_product_prop",0.0384401002628041
"freqColorCode_last3",0.0384401002628041
"freqColorCode_ones",0.0384401002628041
"llr_articleID_x_businessCustomer",0.0384401002628041
"llr_articleID_x_repeatOrderSameSize",0.0384401002628041
"llr_articleID_x_repeat_color",0.0384401002628041
"llr_articleID_x_repeat_product",0.0311140929367968
"llr_articleID_x_sizeCode",0.0311140929367968
"llr_articleID_x_voucherID",0.0311140929367968
"llr_article_t_h_x_max_freq_paymeth_letters_by_custome",0.0311140929367968
"llr_businessCustomer_x_colorhundreddigit",0.0311140929367968
"llr_businessCustomer_x_repeatOrderSameSize",0.0311140929367968
"llr_colorhundreddigit_x_article_t_h",0.0311140929367968
"llr_colorlastthree_x_article_t_h",0.0311140929367968
"llr_colorlastthreesum_x_cluster_articleID_by_rrp_productgroup",0.0311140929367968
"llr_colorlastthreesum_x_productGroup_article_t_h",0.0311140929367968
"llr_customerID_x_colorhundreddigit",0.0311140929367968
"llr_customerID_x_max_freq_color_code",0.0311140929367968
"llr_deviceID_x_colorlastthreesum",0.0311140929367968
"llr_deviceID_x_max_freq_paymeth_letters_by_custome",0.0311140929367968
"llr_deviceID_x_repeat_article",0.0311140929367968
"llr_deviceID_x_repeat_color",0.0311140929367968
"llr_deviceID_x_unitprice_vary_within_week_by_articleID",0.0311140929367968
"llr_deviceID_x_week",0.0311140929367968
"llr_dow_x_colorhundreddigit",0.0311140929367968
"llr_dow_x_sameProductDiffSize",0.0311140929367968
"llr_num_color_by_articleID_productgroup_x_cluster_articleID_by_rrp_productgroup",0.0311140929367968
"llr_paymentMethod_x_general_holiday",0.0311140929367968
"llr_paymentMethod_x_month",0.0311140929367968
"llr_paymentMethod_x_newproductgrouprrptwodigits_1",0.0311140929367968
"llr_paymentMethod_x_num_color_by_articleID_productgroup",0.0311140929367968
"llr_paymentMethod_x_productGroup_rrp_of_1digit",0.0246989017640998
"llr_paymentMethod_x_repeat_size",0.0246989017640998
"llr_productGroup_article_t_h_x_max_freq_paymeth_letters_by_custome",0.0246989017640998
"llr_productGroup_x_colorlastthree",0.0246989017640998
"llr_productGroup_x_repeat_product",0.0246989017640998
"llr_repeat_article_x_max_freq_color_code",0.0246989017640998
"llr_repeat_color_x_max_freq_color_code",0.0246989017640998
"llr_repeat_color_x_unitprice_vary_within_week_by_articleID",0.0246989017640998
"llr_repeat_product_x_colorhundreddigit",0.0246989017640998
"llr_repeat_product_x_productGroup_rrp_of_1digit",0.0246989017640998
"llr_sameArticleDiffColor_x_extreme_size",0.0246989017640998
"llr_sameArticleDiffSize_x_max_freq_paymeth_letters_by_custome",0.0246989017640998
"llr_sameProductDiffSize_x_colorhundreddigit",0.0246989017640998
"llr_sameProductDiffSize_x_extreme_size",0.0246989017640998
"llr_sameProductDiffSize_x_repeat_size",0.0246989017640998
"llr_sizeCode_x_productGroup_rrp_of_1digit",0.0246989017640998
"llr_unitprice_vary_within_month_by_articleID_x_newproductgrouprrptwodigits_1",0.0246989017640998
"llr_unitprice_vary_within_week_by_articleID_x_productGroup_article_t_h",0.0246989017640998
"llr_voucherID_x_colorlastthree",0.0246989017640998
"llr_voucherID_x_productGroup_rrp_of_1digit",0.0246989017640998
"llr_week_x_extreme_size",0.0246989017640998
"llr_week_x_max_freq_paymeth_letters_by_custome",0.0246989017640998
"llr_week_x_pattern_paste_numofcolor_numofsize_by_article_productgroup",0.0246989017640998
"llr_week_x_sameArticleDiffSize",0.0246989017640998
"llr_week_x_unitprice_vary_within_week_by_articleID",0.0246989017640998
"max_price_per_color",0.0246989017640998
"max_price_per_product",0.0246989017640998
"n_quantity_1m",0.0246989017640998
"n_quantity_2w",0.0246989017640998
"t.price",0.0246989017640998
"total_quantity_per_order",0.0246989017640998
"total_voucherAmt_per_day",0.0246989017640998
"articleID_last3",0.0192200501314021
"customer_color_counts",0.0192200501314021
"customer_median_voucherAmount",0.0192200501314021
"diff_rrp_min_unitprice",0.0192200501314021
"end_price",0.0192200501314021
"extreme_size",0.0192200501314021
"freqColorCode_last2",0.0192200501314021
"l2",0.0192200501314021
"llr_articleID_x_legal_holiday",0.0192200501314021
"llr_articleID_x_pattern_paste_numofcolor_numofsize_by_article_productgroup",0.0192200501314021
"llr_businessCustomer2_x_colorhundreddigit",0.0192200501314021
"llr_businessCustomer_x_unitprice_vary_within_month_by_articleID",0.0192200501314021
"llr_cluster_articleID_by_rrp_productgroup_x_max_freq_color_code",0.0192200501314021
"llr_colorCode_x_legal_holiday",0.0192200501314021
"llr_colorCode_x_repeat_color",0.0192200501314021
"llr_colorCode_x_repeat_size",0.0192200501314021
"llr_colorlastthree_x_voucher_Amount_coupon",0.0192200501314021
"llr_colorlastthreesum_x_productGroup_rrp_of_1digit",0.0192200501314021
"llr_customerID_x_colorlasttwodigit",0.0192200501314021
"llr_deviceID_x_dow",0.0192200501314021
"llr_deviceID_x_productGroup_rrp_of_1digit",0.0192200501314021
"llr_dow_x_article_t_h",0.0192200501314021
"llr_dow_x_productGroup_rrp_of_100digit",0.0192200501314021
"llr_dow_x_repeat_size",0.0192200501314021
"llr_dow_x_unitprice_vary_within_week_by_articleID",0.0192200501314021
"llr_max_freq_color_code_x_productGroup_rrp_of_100digit",0.0192200501314021
"llr_max_freq_paymeth_letters_by_custome_x_extreme_size",0.0192200501314021
"llr_month_x_cluster_articleID_by_rrp_productgroup",0.0192200501314021
"llr_month_x_dow",0.0192200501314021
"llr_month_x_max_freq_paymeth_letters_by_custome",0.0192200501314021
"llr_num_color_by_articleID_productgroup_x_max_freq_paymeth_letters_by_custome",0.0192200501314021
"llr_num_size_by_articleID_productgroup_x_article_t_h",0.0192200501314021
"llr_num_size_by_articleID_productgroup_x_unitprice_vary_within_week_by_articleID",0.0192200501314021
"llr_paymentMethod_x_pattern_paste_numofcolor_numofsize_by_article_productgroup",0.0192200501314021
"llr_paymentMethod_x_productGroup_article_t_h",0.0192200501314021
"llr_paymentMethod_x_voucher_Amount_coupon",0.0192200501314021
"llr_productGroup_x_colorlasttwodigit",0.0192200501314021
"llr_productGroup_x_extreme_size",0.0192200501314021
"llr_productGroup_x_pattern_paste_numofcolor_numofsize_by_article_productgroup",0.0192200501314021
"llr_productGroup_x_productGroup_article_t_h",0.0192200501314021
"llr_repeatOrderSameSize_x_pattern_paste_numofcolor_numofsize_by_article_productgroup",0.0192200501314021
"llr_repeatOrderSameSize_x_repeat_article",0.0192200501314021
"llr_repeatOrderSameSize_x_sameArticleDiffColor",0.0192200501314021
"llr_repeatOrderSameSize_x_sameArticleDiffSize",0.0192200501314021
"llr_repeat_article_x_voucher_Amount_coupon",0.0192200501314021
"llr_repeat_color_x_productGroup_article_t_h",0.0192200501314021
"llr_repeat_color_x_voucher_Amount_coupon",0.0192200501314021
"llr_repeat_product_x_max_freq_color_code",0.0192200501314021
"llr_repeat_product_x_pattern_paste_numofcolor_numofsize_by_article_productgroup",0.0192200501314021
"llr_repeat_product_x_voucher_Amount_coupon",0.0192200501314021
"llr_repeat_size_x_extreme_size",0.0118940428053947
"llr_repeat_size_x_productGroup_article_t_h",0.0118940428053947
"llr_repeat_size_x_repeat_product",0.0118940428053947
"llr_sameArticleDiffColor_x_article_t_h",0.00547885163269779
"llr_sameArticleDiffColor_x_unitprice_vary_within_week_by_articleID",0.00547885163269779
"llr_sameArticleDiffSize_x_colorlastthreesum",0.00547885163269779
"llr_sameArticleDiffSize_x_unitprice_vary_within_month_by_articleID",0.00547885163269779
"llr_sameProductDiffSize_x_pattern_paste_numofcolor_numofsize_by_article_productgroup",0.00547885163269779
"llr_sizeCode_x_cluster_articleID_by_rrp_productgroup",0.00547885163269779
"llr_sizeCode_x_deviceID",0.00547885163269779
"llr_sizeCode_x_newproductgrouprrptwodigits_1",0.00547885163269779
"llr_sizeCode_x_repeat_article",0.00547885163269779
"llr_sizeCode_x_sameArticleDiffSize",0.00547885163269779
"llr_unitprice_vary_within_month_by_articleID_x_extreme_size",0.00547885163269779
"llr_unitprice_vary_within_week_by_articleID_x_extreme_size",0.00547885163269779
"llr_unitprice_vary_within_week_by_articleID_x_max_freq_color_code",0.00547885163269779
"llr_unitprice_vary_within_week_by_articleID_x_newproductgrouprrptwodigits_1",0.00547885163269779
"llr_unitprice_vary_within_week_by_articleID_x_productGroup_rrp_of_1digit",0.00547885163269779
"llr_voucherID_x_businessCustomer2",0.00547885163269779
"llr_voucherID_x_sameProductDiffSize",0.00547885163269779
"llr_voucherID_x_voucher_Amount_coupon",0.00547885163269779
"llr_voucher_Amount_coupon_x_max_freq_paymeth_letters_by_custome",0.00547885163269779
"llr_week_x_productGroup_article_t_h",0.00547885163269779
"llr_week_x_repeat_article",0.00547885163269779
"median_price_day",0.00547885163269779
"median_price_per_size",0.00547885163269779
"paymentMethod_per_customer",0.00547885163269779
"quantity_per_customer",0.00547885163269779
"time_between2",0.00547885163269779
"total_rrp_min_total_price_by_order",0.00547885163269779
"voucherAmount",0.00547885163269779
"min_price_per_size",0
"max_price_per_size",0
"mean_price_per_size",0
"articleID_thousands",0
"articleID_hundreds",0
"articleID_tens",0
"articleID_ones",0
"businessCustomer",0
"freqColorCode_tens",0
"rrp",0
"end_unit_price",0
"total_price_by_articleID",0
"total_price_by_productGroup0",0
"total_voucherAmount_by_colorCode",0
"total_voucherAmount_by_productGroup0",0
"total_rrp0_by_colorCode",0
"total_rrp0_by_productGroup0",0
"freqSizeCode",0
"freqColorCode",0
"freqArticleID",0
"freqProductGroup",0
"discountProp.1",0
"end_voucherAmount",0
"customer_mean_voucherAmount",0
"n_days_voucherID",0
"n_days_voucherSize",0
"n_days_voucherProd",0
"legal_holiday",0
"general_holiday",0
"any_holiday",0
"l",0
"t.rrp",0
"voucherAmount_divided_total_price_by_order",0
"voucherAmount_divided_ttal_rrp_by_order",0
"min_price_per_product",0
"median_price_per_product",0
"mean_price_per_product",0
"clustCustomer2",0
"n_days_articleID",0
"time_since_color_first_appearance",0
"min_price_per_color",0
"mean_price_per_color",0
"quantity_per_article",0
"quantity_per_size",0
"quantity_per_color",0
"quantity_per_product",0
"customer_order_size_prop",0
"customer_order_article_prop",0
"mean_time_between",0
"median_voucherAmt_per_day",0
"avg_rrp_per_day",0
"median_rrp_per_day",0
"total_rrp_per_day",0
"articles_per_day",0
"repeatOrderSameSize",0
"sameArticleDiffSize",0
"sameArticleDiffColor",0
"sameProductDiffSize",0
"voucherID_hundreds",0
"voucherID_tens",0
"voucherID_ones",0
"size_num_train",0
"extreme_size_train",0
"repeat_color",0
"repeat_size",0
"repeat_product",0
"repeat_article",0
"revisit_in_one_month",0
"llr_articleID",0
"llr_articleID_x_productGroup",0
"llr_articleID_x_businessCustomer2",0
"llr_articleID_x_colorlastthree",0
"llr_articleID_x_voucher_Amount_coupon",0
"llr_articleID_x_article_t_h",0
"llr_articleID_x_productGroup_article_t_h",0
"llr_articleID_x_cluster_articleID_by_rrp_productgroup",0
"llr_articleID_x_max_freq_color_code",0
"llr_articleID_x_newproductgrouprrptwodigits_1",0
"llr_articleID_x_newproductgrouprrptwodigits_2",0
"llr_articleID_x_newproductgrouprrptwodigits_3",0
"llr_articleID_x_newproductgrouprrptwodigits_4",0
"llr_articleID_x_binned_new_productGroup_option_1",0
"llr_articleID_x_binned_new_productGroup_option_2",0
"llr_articleID_x_binned_new_productGroup_option_3",0
"llr_articleID_x_binned_new_productGroup_option_4",0
"llr_articleID_x_productGroup_rrp",0
"llr_articleID_x_productGroup_rrp_of_10digit",0
"llr_articleID_x_productGroup_rrp_of_100digit",0
"llr_articleID_x_productGroup_rrp_of_1digit",0
"llr_colorCode",0
"llr_colorCode_x_productGroup",0
"llr_colorCode_x_customerID",0
"llr_colorCode_x_deviceID",0
"llr_colorCode_x_paymentMethod",0
"llr_colorCode_x_month",0
"llr_colorCode_x_dow",0
"llr_colorCode_x_week",0
"llr_colorCode_x_businessCustomer",0
"llr_colorCode_x_businessCustomer2",0
"llr_colorCode_x_repeatOrderSameSize",0
"llr_colorCode_x_sameArticleDiffColor",0
"llr_colorCode_x_general_holiday",0
"llr_colorCode_x_any_holiday",0
"llr_colorCode_x_repeat_product",0
"llr_colorCode_x_repeat_article",0
"llr_colorCode_x_colorhundreddigit",0
"llr_colorCode_x_colorlastthree",0
"llr_colorCode_x_colorlastthreesum",0
"llr_colorCode_x_colorlasttwodigit",0
"llr_colorCode_x_voucher_Amount_coupon",0
"llr_colorCode_x_num_color_by_articleID_productgroup",0
"llr_colorCode_x_num_size_by_articleID_productgroup",0
"llr_colorCode_x_pattern_paste_numofcolor_numofsize_by_article_productgroup",0
"llr_colorCode_x_unitprice_vary_within_week_by_articleID",0
"llr_colorCode_x_unitprice_vary_within_month_by_articleID",0
"llr_colorCode_x_max_freq_paymeth_letters_by_custome",0
"llr_colorCode_x_extreme_size",0
"llr_colorCode_x_newproductgrouprrptwodigits_1",0
"llr_colorCode_x_newproductgrouprrptwodigits_2",0
"llr_colorCode_x_newproductgrouprrptwodigits_3",0
"llr_colorCode_x_newproductgrouprrptwodigits_4",0
"llr_colorCode_x_binned_new_productGroup_option_1",0
"llr_colorCode_x_binned_new_productGroup_option_2",0
"llr_colorCode_x_binned_new_productGroup_option_3",0
"llr_colorCode_x_binned_new_productGroup_option_4",0
"llr_colorCode_x_productGroup_rrp",0
"llr_colorCode_x_productGroup_rrp_of_10digit",0
"llr_colorCode_x_productGroup_rrp_of_100digit",0
"llr_sizeCode",0
"llr_sizeCode_x_productGroup",0
"llr_sizeCode_x_businessCustomer",0
"llr_sizeCode_x_businessCustomer2",0
"llr_sizeCode_x_repeatOrderSameSize",0
"llr_sizeCode_x_legal_holiday",0
"llr_sizeCode_x_general_holiday",0
"llr_sizeCode_x_any_holiday",0
"llr_sizeCode_x_repeat_color",0
"llr_sizeCode_x_colorlastthree",0
"llr_sizeCode_x_colorlastthreesum",0
"llr_sizeCode_x_colorlasttwodigit",0
"llr_sizeCode_x_voucher_Amount_coupon",0
"llr_sizeCode_x_num_color_by_articleID_productgroup",0
"llr_sizeCode_x_num_size_by_articleID_productgroup",0
"llr_sizeCode_x_max_freq_color_code",0
"llr_sizeCode_x_newproductgrouprrptwodigits_2",0
"llr_sizeCode_x_newproductgrouprrptwodigits_3",0
"llr_sizeCode_x_newproductgrouprrptwodigits_4",0
"llr_sizeCode_x_binned_new_productGroup_option_1",0
"llr_sizeCode_x_binned_new_productGroup_option_2",0
"llr_sizeCode_x_binned_new_productGroup_option_3",0
"llr_sizeCode_x_binned_new_productGroup_option_4",0
"llr_sizeCode_x_productGroup_rrp",0
"llr_sizeCode_x_productGroup_rrp_of_10digit",0
"llr_sizeCode_x_productGroup_rrp_of_100digit",0
"llr_productGroup",0
"llr_productGroup_x_voucherID",0
"llr_productGroup_x_month",0
"llr_productGroup_x_dow",0
"llr_productGroup_x_week",0
"llr_productGroup_x_businessCustomer2",0
"llr_productGroup_x_repeatOrderSameSize",0
"llr_productGroup_x_sameArticleDiffSize",0
"llr_productGroup_x_legal_holiday",0
"llr_productGroup_x_general_holiday",0
"llr_productGroup_x_any_holiday",0
"llr_productGroup_x_repeat_article",0
"llr_productGroup_x_colorhundreddigit",0
"llr_productGroup_x_colorlastthreesum",0
"llr_productGroup_x_num_color_by_articleID_productgroup",0
"llr_productGroup_x_num_size_by_articleID_productgroup",0
"llr_productGroup_x_unitprice_vary_within_week_by_articleID",0
"llr_productGroup_x_unitprice_vary_within_month_by_articleID",0
"llr_productGroup_x_article_t_h",0
"llr_productGroup_x_cluster_articleID_by_rrp_productgroup",0
"llr_productGroup_x_max_freq_color_code",0
"llr_productGroup_x_newproductgrouprrptwodigits_1",0
"llr_productGroup_x_newproductgrouprrptwodigits_2",0
"llr_productGroup_x_newproductgrouprrptwodigits_3",0
"llr_productGroup_x_newproductgrouprrptwodigits_4",0
"llr_productGroup_x_binned_new_productGroup_option_1",0
"llr_productGroup_x_binned_new_productGroup_option_2",0
"llr_productGroup_x_binned_new_productGroup_option_3",0
"llr_productGroup_x_binned_new_productGroup_option_4",0
"llr_productGroup_x_productGroup_rrp",0
"llr_productGroup_x_productGroup_rrp_of_10digit",0
"llr_productGroup_x_productGroup_rrp_of_100digit",0
"llr_productGroup_x_productGroup_rrp_of_1digit",0
"llr_voucherID",0
"llr_voucherID_x_month",0
"llr_voucherID_x_businessCustomer",0
"llr_voucherID_x_sameArticleDiffSize",0
"llr_voucherID_x_legal_holiday",0
"llr_voucherID_x_general_holiday",0
"llr_voucherID_x_any_holiday",0
"llr_voucherID_x_repeat_size",0
"llr_voucherID_x_repeat_product",0
"llr_voucherID_x_repeat_article",0
"llr_voucherID_x_colorhundreddigit",0
"llr_voucherID_x_colorlastthreesum",0
"llr_voucherID_x_num_size_by_articleID_productgroup",0
"llr_voucherID_x_pattern_paste_numofcolor_numofsize_by_article_productgroup",0
"llr_voucherID_x_unitprice_vary_within_week_by_articleID",0
"llr_voucherID_x_article_t_h",0
"llr_voucherID_x_cluster_articleID_by_rrp_productgroup",0
"llr_voucherID_x_newproductgrouprrptwodigits_1",0
"llr_voucherID_x_newproductgrouprrptwodigits_2",0
"llr_voucherID_x_newproductgrouprrptwodigits_3",0
"llr_voucherID_x_newproductgrouprrptwodigits_4",0
"llr_voucherID_x_binned_new_productGroup_option_1",0
"llr_voucherID_x_binned_new_productGroup_option_2",0
"llr_voucherID_x_binned_new_productGroup_option_3",0
"llr_voucherID_x_binned_new_productGroup_option_4",0
"llr_voucherID_x_productGroup_rrp",0
"llr_voucherID_x_productGroup_rrp_of_10digit",0
"llr_voucherID_x_productGroup_rrp_of_100digit",0
"llr_customerID_x_businessCustomer",0
"llr_customerID_x_businessCustomer2",0
"llr_customerID_x_max_freq_paymeth_letters_by_custome",0
"llr_customerID_x_newproductgrouprrptwodigits_2",0
"llr_customerID_x_newproductgrouprrptwodigits_3",0
"llr_customerID_x_newproductgrouprrptwodigits_4",0
"llr_customerID_x_binned_new_productGroup_option_2",0
"llr_customerID_x_binned_new_productGroup_option_3",0
"llr_customerID_x_binned_new_productGroup_option_4",0
"llr_customerID_x_productGroup_rrp",0
"llr_deviceID",0
"llr_deviceID_x_month",0
"llr_deviceID_x_businessCustomer",0
"llr_deviceID_x_businessCustomer2",0
"llr_deviceID_x_repeatOrderSameSize",0
"llr_deviceID_x_legal_holiday",0
"llr_deviceID_x_general_holiday",0
"llr_deviceID_x_any_holiday",0
"llr_deviceID_x_repeat_product",0
"llr_deviceID_x_colorlastthree",0
"llr_deviceID_x_colorlasttwodigit",0
"llr_deviceID_x_voucher_Amount_coupon",0
"llr_deviceID_x_num_size_by_articleID_productgroup",0
"llr_deviceID_x_pattern_paste_numofcolor_numofsize_by_article_productgroup",0
"llr_deviceID_x_productGroup_article_t_h",0
"llr_deviceID_x_cluster_articleID_by_rrp_productgroup",0
"llr_deviceID_x_newproductgrouprrptwodigits_2",0
"llr_deviceID_x_newproductgrouprrptwodigits_3",0
"llr_deviceID_x_newproductgrouprrptwodigits_4",0
"llr_deviceID_x_binned_new_productGroup_option_1",0
"llr_deviceID_x_binned_new_productGroup_option_2",0
"llr_deviceID_x_binned_new_productGroup_option_3",0
"llr_deviceID_x_binned_new_productGroup_option_4",0
"llr_deviceID_x_productGroup_rrp",0
"llr_deviceID_x_productGroup_rrp_of_10digit",0
"llr_deviceID_x_productGroup_rrp_of_100digit",0
"llr_paymentMethod",0
"llr_paymentMethod_x_businessCustomer",0
"llr_paymentMethod_x_businessCustomer2",0
"llr_paymentMethod_x_repeatOrderSameSize",0
"llr_paymentMethod_x_sameArticleDiffColor",0
"llr_paymentMethod_x_legal_holiday",0
"llr_paymentMethod_x_any_holiday",0
"llr_paymentMethod_x_colorhundreddigit",0
"llr_paymentMethod_x_colorlastthree",0
"llr_paymentMethod_x_colorlastthreesum",0
"llr_paymentMethod_x_num_size_by_articleID_productgroup",0
"llr_paymentMethod_x_unitprice_vary_within_week_by_articleID",0
"llr_paymentMethod_x_max_freq_paymeth_letters_by_custome",0
"llr_paymentMethod_x_newproductgrouprrptwodigits_2",0
"llr_paymentMethod_x_newproductgrouprrptwodigits_3",0
"llr_paymentMethod_x_newproductgrouprrptwodigits_4",0
"llr_paymentMethod_x_binned_new_productGroup_option_1",0
"llr_paymentMethod_x_binned_new_productGroup_option_2",0
"llr_paymentMethod_x_binned_new_productGroup_option_3",0
"llr_paymentMethod_x_binned_new_productGroup_option_4",0
"llr_paymentMethod_x_productGroup_rrp",0
"llr_paymentMethod_x_productGroup_rrp_of_10digit",0
"llr_paymentMethod_x_productGroup_rrp_of_100digit",0
"llr_month",0
"llr_month_x_week",0
"llr_month_x_businessCustomer",0
"llr_month_x_businessCustomer2",0
"llr_month_x_repeatOrderSameSize",0
"llr_month_x_sameArticleDiffSize",0
"llr_month_x_sameArticleDiffColor",0
"llr_month_x_sameProductDiffSize",0
"llr_month_x_legal_holiday",0
"llr_month_x_general_holiday",0
"llr_month_x_any_holiday",0
"llr_month_x_repeat_color",0
"llr_month_x_repeat_size",0
"llr_month_x_repeat_product",0
"llr_month_x_repeat_article",0
"llr_month_x_colorhundreddigit",0
"llr_month_x_colorlastthree",0
"llr_month_x_colorlasttwodigit",0
"llr_month_x_voucher_Amount_coupon",0
"llr_month_x_num_color_by_articleID_productgroup",0
"llr_month_x_num_size_by_articleID_productgroup",0
"llr_month_x_pattern_paste_numofcolor_numofsize_by_article_productgroup",0
"llr_month_x_unitprice_vary_within_week_by_articleID",0
"llr_month_x_unitprice_vary_within_month_by_articleID",0
"llr_month_x_article_t_h",0
"llr_month_x_extreme_size",0
"llr_month_x_newproductgrouprrptwodigits_1",0
"llr_month_x_newproductgrouprrptwodigits_2",0
"llr_month_x_newproductgrouprrptwodigits_3",0
"llr_month_x_newproductgrouprrptwodigits_4",0
"llr_month_x_binned_new_productGroup_option_1",0
"llr_month_x_binned_new_productGroup_option_2",0
"llr_month_x_binned_new_productGroup_option_3",0
"llr_month_x_binned_new_productGroup_option_4",0
"llr_month_x_productGroup_rrp",0
"llr_month_x_productGroup_rrp_of_10digit",0
"llr_month_x_productGroup_rrp_of_100digit",0
"llr_month_x_productGroup_rrp_of_1digit",0
"llr_dow",0
"llr_dow_x_businessCustomer2",0
"llr_dow_x_sameArticleDiffSize",0
"llr_dow_x_sameArticleDiffColor",0
"llr_dow_x_legal_holiday",0
"llr_dow_x_general_holiday",0
"llr_dow_x_any_holiday",0
"llr_dow_x_repeat_color",0
"llr_dow_x_repeat_product",0
"llr_dow_x_colorlastthree",0
"llr_dow_x_colorlastthreesum",0
"llr_dow_x_voucher_Amount_coupon",0
"llr_dow_x_num_size_by_articleID_productgroup",0
"llr_dow_x_cluster_articleID_by_rrp_productgroup",0
"llr_dow_x_newproductgrouprrptwodigits_1",0
"llr_dow_x_newproductgrouprrptwodigits_2",0
"llr_dow_x_newproductgrouprrptwodigits_3",0
"llr_dow_x_newproductgrouprrptwodigits_4",0
"llr_dow_x_binned_new_productGroup_option_1",0
"llr_dow_x_binned_new_productGroup_option_2",0
"llr_dow_x_binned_new_productGroup_option_3",0
"llr_dow_x_binned_new_productGroup_option_4",0
"llr_dow_x_productGroup_rrp",0
"llr_dow_x_productGroup_rrp_of_10digit",0
"llr_week",0
"llr_week_x_businessCustomer",0
"llr_week_x_businessCustomer2",0
"llr_week_x_repeatOrderSameSize",0
"llr_week_x_legal_holiday",0
"llr_week_x_general_holiday",0
"llr_week_x_any_holiday",0
"llr_week_x_colorhundreddigit",0
"llr_week_x_voucher_Amount_coupon",0
"llr_week_x_num_size_by_articleID_productgroup",0
"llr_week_x_article_t_h",0
"llr_week_x_cluster_articleID_by_rrp_productgroup",0
"llr_week_x_newproductgrouprrptwodigits_2",0
"llr_week_x_newproductgrouprrptwodigits_3",0
"llr_week_x_newproductgrouprrptwodigits_4",0
"llr_week_x_binned_new_productGroup_option_1",0
"llr_week_x_binned_new_productGroup_option_2",0
"llr_week_x_binned_new_productGroup_option_3",0
"llr_week_x_binned_new_productGroup_option_4",0
"llr_week_x_productGroup_rrp",0
"llr_week_x_productGroup_rrp_of_10digit",0
"llr_week_x_productGroup_rrp_of_1digit",0
"llr_businessCustomer_x_businessCustomer2",0
"llr_businessCustomer_x_sameArticleDiffSize",0
"llr_businessCustomer_x_sameArticleDiffColor",0
"llr_businessCustomer_x_sameProductDiffSize",0
"llr_businessCustomer_x_legal_holiday",0
"llr_businessCustomer_x_general_holiday",0
"llr_businessCustomer_x_any_holiday",0
"llr_businessCustomer_x_repeat_color",0
"llr_businessCustomer_x_repeat_size",0
"llr_businessCustomer_x_repeat_product",0
"llr_businessCustomer_x_repeat_article",0
"llr_businessCustomer_x_colorlastthree",0
"llr_businessCustomer_x_colorlastthreesum",0
"llr_businessCustomer_x_colorlasttwodigit",0
"llr_businessCustomer_x_voucher_Amount_coupon",0
"llr_businessCustomer_x_num_color_by_articleID_productgroup",0
"llr_businessCustomer_x_num_size_by_articleID_productgroup",0
"llr_businessCustomer_x_unitprice_vary_within_week_by_articleID",0
"llr_businessCustomer_x_article_t_h",0
"llr_businessCustomer_x_productGroup_article_t_h",0
"llr_businessCustomer_x_cluster_articleID_by_rrp_productgroup",0
"llr_businessCustomer_x_max_freq_color_code",0
"llr_businessCustomer_x_newproductgrouprrptwodigits_1",0
"llr_businessCustomer_x_newproductgrouprrptwodigits_2",0
"llr_businessCustomer_x_newproductgrouprrptwodigits_3",0
"llr_businessCustomer_x_newproductgrouprrptwodigits_4",0
"llr_businessCustomer_x_binned_new_productGroup_option_1",0
"llr_businessCustomer_x_binned_new_productGroup_option_2",0
"llr_businessCustomer_x_binned_new_productGroup_option_3",0
"llr_businessCustomer_x_binned_new_productGroup_option_4",0
"llr_businessCustomer_x_productGroup_rrp",0
"llr_businessCustomer_x_productGroup_rrp_of_10digit",0
"llr_businessCustomer_x_productGroup_rrp_of_100digit",0
"llr_businessCustomer_x_productGroup_rrp_of_1digit",0
"llr_businessCustomer2_x_repeatOrderSameSize",0
"llr_businessCustomer2_x_sameArticleDiffSize",0
"llr_businessCustomer2_x_sameArticleDiffColor",0
"llr_businessCustomer2_x_sameProductDiffSize",0
"llr_businessCustomer2_x_legal_holiday",0
"llr_businessCustomer2_x_general_holiday",0
"llr_businessCustomer2_x_any_holiday",0
"llr_businessCustomer2_x_repeat_color",0
"llr_businessCustomer2_x_repeat_size",0
"llr_businessCustomer2_x_repeat_product",0
"llr_businessCustomer2_x_repeat_article",0
"llr_businessCustomer2_x_colorlastthree",0
"llr_businessCustomer2_x_colorlastthreesum",0
"llr_businessCustomer2_x_colorlasttwodigit",0
"llr_businessCustomer2_x_voucher_Amount_coupon",0
"llr_businessCustomer2_x_num_color_by_articleID_productgroup",0
"llr_businessCustomer2_x_num_size_by_articleID_productgroup",0
"llr_businessCustomer2_x_pattern_paste_numofcolor_numofsize_by_article_productgroup",0
"llr_businessCustomer2_x_unitprice_vary_within_week_by_articleID",0
"llr_businessCustomer2_x_unitprice_vary_within_month_by_articleID",0
"llr_businessCustomer2_x_article_t_h",0
"llr_businessCustomer2_x_productGroup_article_t_h",0
"llr_businessCustomer2_x_cluster_articleID_by_rrp_productgroup",0
"llr_businessCustomer2_x_max_freq_paymeth_letters_by_custome",0
"llr_businessCustomer2_x_extreme_size",0
"llr_businessCustomer2_x_max_freq_color_code",0
"llr_businessCustomer2_x_newproductgrouprrptwodigits_1",0
"llr_businessCustomer2_x_newproductgrouprrptwodigits_2",0
"llr_businessCustomer2_x_newproductgrouprrptwodigits_3",0
"llr_businessCustomer2_x_newproductgrouprrptwodigits_4",0
"llr_businessCustomer2_x_binned_new_productGroup_option_1",0
"llr_businessCustomer2_x_binned_new_productGroup_option_2",0
"llr_businessCustomer2_x_binned_new_productGroup_option_3",0
"llr_businessCustomer2_x_binned_new_productGroup_option_4",0
"llr_businessCustomer2_x_productGroup_rrp",0
"llr_businessCustomer2_x_productGroup_rrp_of_10digit",0
"llr_businessCustomer2_x_productGroup_rrp_of_100digit",0
"llr_businessCustomer2_x_productGroup_rrp_of_1digit",0
"llr_repeatOrderSameSize_x_sameProductDiffSize",0
"llr_repeatOrderSameSize_x_legal_holiday",0
"llr_repeatOrderSameSize_x_general_holiday",0
"llr_repeatOrderSameSize_x_any_holiday",0
"llr_repeatOrderSameSize_x_repeat_product",0
"llr_repeatOrderSameSize_x_colorhundreddigit",0
"llr_repeatOrderSameSize_x_colorlastthree",0
"llr_repeatOrderSameSize_x_colorlastthreesum",0
"llr_repeatOrderSameSize_x_colorlasttwodigit",0
"llr_repeatOrderSameSize_x_voucher_Amount_coupon",0
"llr_repeatOrderSameSize_x_num_size_by_articleID_productgroup",0
"llr_repeatOrderSameSize_x_unitprice_vary_within_month_by_articleID",0
"llr_repeatOrderSameSize_x_article_t_h",0
"llr_repeatOrderSameSize_x_productGroup_article_t_h",0
"llr_repeatOrderSameSize_x_cluster_articleID_by_rrp_productgroup",0
"llr_repeatOrderSameSize_x_max_freq_paymeth_letters_by_custome",0
"llr_repeatOrderSameSize_x_extreme_size",0
"llr_repeatOrderSameSize_x_max_freq_color_code",0
"llr_repeatOrderSameSize_x_newproductgrouprrptwodigits_1",0
"llr_repeatOrderSameSize_x_newproductgrouprrptwodigits_2",0
"llr_repeatOrderSameSize_x_newproductgrouprrptwodigits_3",0
"llr_repeatOrderSameSize_x_newproductgrouprrptwodigits_4",0
"llr_repeatOrderSameSize_x_binned_new_productGroup_option_1",0
"llr_repeatOrderSameSize_x_binned_new_productGroup_option_2",0
"llr_repeatOrderSameSize_x_binned_new_productGroup_option_3",0
"llr_repeatOrderSameSize_x_binned_new_productGroup_option_4",0
"llr_repeatOrderSameSize_x_productGroup_rrp",0
"llr_repeatOrderSameSize_x_productGroup_rrp_of_10digit",0
"llr_repeatOrderSameSize_x_productGroup_rrp_of_100digit",0
"llr_repeatOrderSameSize_x_productGroup_rrp_of_1digit",0
"llr_sameArticleDiffSize_x_sameProductDiffSize",0
"llr_sameArticleDiffSize_x_legal_holiday",0
"llr_sameArticleDiffSize_x_general_holiday",0
"llr_sameArticleDiffSize_x_any_holiday",0
"llr_sameArticleDiffSize_x_repeat_color",0
"llr_sameArticleDiffSize_x_repeat_product",0
"llr_sameArticleDiffSize_x_colorlastthree",0
"llr_sameArticleDiffSize_x_num_color_by_articleID_productgroup",0
"llr_sameArticleDiffSize_x_num_size_by_articleID_productgroup",0
"llr_sameArticleDiffSize_x_pattern_paste_numofcolor_numofsize_by_article_productgroup",0
"llr_sameArticleDiffSize_x_cluster_articleID_by_rrp_productgroup",0
"llr_sameArticleDiffSize_x_newproductgrouprrptwodigits_2",0
"llr_sameArticleDiffSize_x_newproductgrouprrptwodigits_3",0
"llr_sameArticleDiffSize_x_newproductgrouprrptwodigits_4",0
"llr_sameArticleDiffSize_x_binned_new_productGroup_option_1",0
"llr_sameArticleDiffSize_x_binned_new_productGroup_option_2",0
"llr_sameArticleDiffSize_x_binned_new_productGroup_option_3",0
"llr_sameArticleDiffSize_x_binned_new_productGroup_option_4",0
"llr_sameArticleDiffSize_x_productGroup_rrp",0
"llr_sameArticleDiffSize_x_productGroup_rrp_of_10digit",0
"llr_sameArticleDiffSize_x_productGroup_rrp_of_100digit",0
"llr_sameArticleDiffSize_x_productGroup_rrp_of_1digit",0
"llr_sameArticleDiffColor_x_sameProductDiffSize",0
"llr_sameArticleDiffColor_x_legal_holiday",0
"llr_sameArticleDiffColor_x_general_holiday",0
"llr_sameArticleDiffColor_x_any_holiday",0
"llr_sameArticleDiffColor_x_repeat_color",0
"llr_sameArticleDiffColor_x_repeat_article",0
"llr_sameArticleDiffColor_x_colorhundreddigit",0
"llr_sameArticleDiffColor_x_colorlastthree",0
"llr_sameArticleDiffColor_x_voucher_Amount_coupon",0
"llr_sameArticleDiffColor_x_num_color_by_articleID_productgroup",0
"llr_sameArticleDiffColor_x_num_size_by_articleID_productgroup",0
"llr_sameArticleDiffColor_x_productGroup_article_t_h",0
"llr_sameArticleDiffColor_x_cluster_articleID_by_rrp_productgroup",0
"llr_sameArticleDiffColor_x_max_freq_paymeth_letters_by_custome",0
"llr_sameArticleDiffColor_x_newproductgrouprrptwodigits_2",0
"llr_sameArticleDiffColor_x_newproductgrouprrptwodigits_3",0
"llr_sameArticleDiffColor_x_newproductgrouprrptwodigits_4",0
"llr_sameArticleDiffColor_x_binned_new_productGroup_option_1",0
"llr_sameArticleDiffColor_x_binned_new_productGroup_option_2",0
"llr_sameArticleDiffColor_x_binned_new_productGroup_option_3",0
"llr_sameArticleDiffColor_x_binned_new_productGroup_option_4",0
"llr_sameArticleDiffColor_x_productGroup_rrp",0
"llr_sameArticleDiffColor_x_productGroup_rrp_of_10digit",0
"llr_sameArticleDiffColor_x_productGroup_rrp_of_100digit",0
"llr_sameArticleDiffColor_x_productGroup_rrp_of_1digit",0
"llr_sameProductDiffSize_x_legal_holiday",0
"llr_sameProductDiffSize_x_general_holiday",0
"llr_sameProductDiffSize_x_any_holiday",0
"llr_sameProductDiffSize_x_repeat_color",0
"llr_sameProductDiffSize_x_repeat_product",0
"llr_sameProductDiffSize_x_colorlasttwodigit",0
"llr_sameProductDiffSize_x_voucher_Amount_coupon",0
"llr_sameProductDiffSize_x_num_color_by_articleID_productgroup",0
"llr_sameProductDiffSize_x_num_size_by_articleID_productgroup",0
"llr_sameProductDiffSize_x_max_freq_color_code",0
"llr_sameProductDiffSize_x_newproductgrouprrptwodigits_1",0
"llr_sameProductDiffSize_x_newproductgrouprrptwodigits_2",0
"llr_sameProductDiffSize_x_newproductgrouprrptwodigits_3",0
"llr_sameProductDiffSize_x_newproductgrouprrptwodigits_4",0
"llr_sameProductDiffSize_x_binned_new_productGroup_option_1",0
"llr_sameProductDiffSize_x_binned_new_productGroup_option_2",0
"llr_sameProductDiffSize_x_binned_new_productGroup_option_3",0
"llr_sameProductDiffSize_x_binned_new_productGroup_option_4",0
"llr_sameProductDiffSize_x_productGroup_rrp",0
"llr_sameProductDiffSize_x_productGroup_rrp_of_10digit",0
"llr_sameProductDiffSize_x_productGroup_rrp_of_100digit",0
"llr_legal_holiday_x_general_holiday",0
"llr_legal_holiday_x_any_holiday",0
"llr_legal_holiday_x_repeat_color",0
"llr_legal_holiday_x_repeat_size",0
"llr_legal_holiday_x_repeat_product",0
"llr_legal_holiday_x_repeat_article",0
"llr_legal_holiday_x_colorhundreddigit",0
"llr_legal_holiday_x_colorlastthree",0
"llr_legal_holiday_x_colorlasttwodigit",0
"llr_legal_holiday_x_voucher_Amount_coupon",0
"llr_legal_holiday_x_num_color_by_articleID_productgroup",0
"llr_legal_holiday_x_num_size_by_articleID_productgroup",0
"llr_legal_holiday_x_pattern_paste_numofcolor_numofsize_by_article_productgroup",0
"llr_legal_holiday_x_unitprice_vary_within_week_by_articleID",0
"llr_legal_holiday_x_unitprice_vary_within_month_by_articleID",0
"llr_legal_holiday_x_article_t_h",0
"llr_legal_holiday_x_productGroup_article_t_h",0
"llr_legal_holiday_x_cluster_articleID_by_rrp_productgroup",0
"llr_legal_holiday_x_max_freq_paymeth_letters_by_custome",0
"llr_legal_holiday_x_extreme_size",0
"llr_legal_holiday_x_max_freq_color_code",0
"llr_legal_holiday_x_newproductgrouprrptwodigits_1",0
"llr_legal_holiday_x_newproductgrouprrptwodigits_2",0
"llr_legal_holiday_x_newproductgrouprrptwodigits_3",0
"llr_legal_holiday_x_newproductgrouprrptwodigits_4",0
"llr_legal_holiday_x_binned_new_productGroup_option_1",0
"llr_legal_holiday_x_binned_new_productGroup_option_2",0
"llr_legal_holiday_x_binned_new_productGroup_option_3",0
"llr_legal_holiday_x_binned_new_productGroup_option_4",0
"llr_legal_holiday_x_productGroup_rrp",0
"llr_legal_holiday_x_productGroup_rrp_of_10digit",0
"llr_legal_holiday_x_productGroup_rrp_of_100digit",0
"llr_legal_holiday_x_productGroup_rrp_of_1digit",0
"llr_general_holiday_x_any_holiday",0
"llr_general_holiday_x_repeat_color",0
"llr_general_holiday_x_repeat_size",0
"llr_general_holiday_x_repeat_product",0
"llr_general_holiday_x_repeat_article",0
"llr_general_holiday_x_colorhundreddigit",0
"llr_general_holiday_x_colorlastthree",0
"llr_general_holiday_x_colorlastthreesum",0
"llr_general_holiday_x_colorlasttwodigit",0
"llr_general_holiday_x_voucher_Amount_coupon",0
"llr_general_holiday_x_num_color_by_articleID_productgroup",0
"llr_general_holiday_x_num_size_by_articleID_productgroup",0
"llr_general_holiday_x_unitprice_vary_within_week_by_articleID",0
"llr_general_holiday_x_unitprice_vary_within_month_by_articleID",0
"llr_general_holiday_x_article_t_h",0
"llr_general_holiday_x_productGroup_article_t_h",0
"llr_general_holiday_x_cluster_articleID_by_rrp_productgroup",0
"llr_general_holiday_x_max_freq_paymeth_letters_by_custome",0
"llr_general_holiday_x_extreme_size",0
"llr_general_holiday_x_max_freq_color_code",0
"llr_general_holiday_x_newproductgrouprrptwodigits_1",0
"llr_general_holiday_x_newproductgrouprrptwodigits_2",0
"llr_general_holiday_x_newproductgrouprrptwodigits_3",0
"llr_general_holiday_x_newproductgrouprrptwodigits_4",0
"llr_general_holiday_x_binned_new_productGroup_option_1",0
"llr_general_holiday_x_binned_new_productGroup_option_2",0
"llr_general_holiday_x_binned_new_productGroup_option_3",0
"llr_general_holiday_x_binned_new_productGroup_option_4",0
"llr_general_holiday_x_productGroup_rrp",0
"llr_general_holiday_x_productGroup_rrp_of_10digit",0
"llr_general_holiday_x_productGroup_rrp_of_100digit",0
"llr_general_holiday_x_productGroup_rrp_of_1digit",0
"llr_any_holiday_x_repeat_color",0
"llr_any_holiday_x_repeat_size",0
"llr_any_holiday_x_repeat_product",0
"llr_any_holiday_x_repeat_article",0
"llr_any_holiday_x_colorhundreddigit",0
"llr_any_holiday_x_colorlastthree",0
"llr_any_holiday_x_colorlastthreesum",0
"llr_any_holiday_x_colorlasttwodigit",0
"llr_any_holiday_x_voucher_Amount_coupon",0
"llr_any_holiday_x_num_color_by_articleID_productgroup",0
"llr_any_holiday_x_num_size_by_articleID_productgroup",0
"llr_any_holiday_x_pattern_paste_numofcolor_numofsize_by_article_productgroup",0
"llr_any_holiday_x_unitprice_vary_within_week_by_articleID",0
"llr_any_holiday_x_unitprice_vary_within_month_by_articleID",0
"llr_any_holiday_x_article_t_h",0
"llr_any_holiday_x_productGroup_article_t_h",0
"llr_any_holiday_x_cluster_articleID_by_rrp_productgroup",0
"llr_any_holiday_x_max_freq_paymeth_letters_by_custome",0
"llr_any_holiday_x_extreme_size",0
"llr_any_holiday_x_max_freq_color_code",0
"llr_any_holiday_x_newproductgrouprrptwodigits_1",0
"llr_any_holiday_x_newproductgrouprrptwodigits_2",0
"llr_any_holiday_x_newproductgrouprrptwodigits_3",0
"llr_any_holiday_x_newproductgrouprrptwodigits_4",0
"llr_any_holiday_x_binned_new_productGroup_option_1",0
"llr_any_holiday_x_binned_new_productGroup_option_2",0
"llr_any_holiday_x_binned_new_productGroup_option_3",0
"llr_any_holiday_x_binned_new_productGroup_option_4",0
"llr_any_holiday_x_productGroup_rrp",0
"llr_any_holiday_x_productGroup_rrp_of_10digit",0
"llr_any_holiday_x_productGroup_rrp_of_100digit",0
"llr_any_holiday_x_productGroup_rrp_of_1digit",0
"llr_repeat_color_x_repeat_product",0
"llr_repeat_color_x_colorhundreddigit",0
"llr_repeat_color_x_colorlasttwodigit",0
"llr_repeat_color_x_num_color_by_articleID_productgroup",0
"llr_repeat_color_x_num_size_by_articleID_productgroup",0
"llr_repeat_color_x_unitprice_vary_within_month_by_articleID",0
"llr_repeat_color_x_article_t_h",0
"llr_repeat_color_x_cluster_articleID_by_rrp_productgroup",0
"llr_repeat_color_x_extreme_size",0
"llr_repeat_color_x_newproductgrouprrptwodigits_2",0
"llr_repeat_color_x_newproductgrouprrptwodigits_3",0
"llr_repeat_color_x_newproductgrouprrptwodigits_4",0
"llr_repeat_color_x_binned_new_productGroup_option_1",0
"llr_repeat_color_x_binned_new_productGroup_option_2",0
"llr_repeat_color_x_binned_new_productGroup_option_3",0
"llr_repeat_color_x_binned_new_productGroup_option_4",0
"llr_repeat_color_x_productGroup_rrp",0
"llr_repeat_color_x_productGroup_rrp_of_10digit",0
"llr_repeat_color_x_productGroup_rrp_of_100digit",0
"llr_repeat_size_x_colorlastthreesum",0
"llr_repeat_size_x_voucher_Amount_coupon",0
"llr_repeat_size_x_num_color_by_articleID_productgroup",0
"llr_repeat_size_x_num_size_by_articleID_productgroup",0
"llr_repeat_size_x_unitprice_vary_within_month_by_articleID",0
"llr_repeat_size_x_article_t_h",0
"llr_repeat_size_x_cluster_articleID_by_rrp_productgroup",0
"llr_repeat_size_x_max_freq_paymeth_letters_by_custome",0
"llr_repeat_size_x_max_freq_color_code",0
"llr_repeat_size_x_newproductgrouprrptwodigits_1",0
"llr_repeat_size_x_newproductgrouprrptwodigits_2",0
"llr_repeat_size_x_newproductgrouprrptwodigits_3",0
"llr_repeat_size_x_newproductgrouprrptwodigits_4",0
"llr_repeat_size_x_binned_new_productGroup_option_1",0
"llr_repeat_size_x_binned_new_productGroup_option_2",0
"llr_repeat_size_x_binned_new_productGroup_option_3",0
"llr_repeat_size_x_binned_new_productGroup_option_4",0
"llr_repeat_size_x_productGroup_rrp",0
"llr_repeat_size_x_productGroup_rrp_of_10digit",0
"llr_repeat_size_x_productGroup_rrp_of_100digit",0
"llr_repeat_size_x_productGroup_rrp_of_1digit",0
"llr_repeat_product_x_repeat_article",0
"llr_repeat_product_x_colorlastthree",0
"llr_repeat_product_x_colorlastthreesum",0
"llr_repeat_product_x_num_color_by_articleID_productgroup",0
"llr_repeat_product_x_num_size_by_articleID_productgroup",0
"llr_repeat_product_x_productGroup_article_t_h",0
"llr_repeat_product_x_cluster_articleID_by_rrp_productgroup",0
"llr_repeat_product_x_max_freq_paymeth_letters_by_custome",0
"llr_repeat_product_x_newproductgrouprrptwodigits_2",0
"llr_repeat_product_x_newproductgrouprrptwodigits_3",0
"llr_repeat_product_x_newproductgrouprrptwodigits_4",0
"llr_repeat_product_x_binned_new_productGroup_option_1",0
"llr_repeat_product_x_binned_new_productGroup_option_2",0
"llr_repeat_product_x_binned_new_productGroup_option_3",0
"llr_repeat_product_x_binned_new_productGroup_option_4",0
"llr_repeat_product_x_productGroup_rrp",0
"llr_repeat_product_x_productGroup_rrp_of_10digit",0
"llr_repeat_product_x_productGroup_rrp_of_100digit",0
"llr_repeat_article_x_colorlastthree",0
"llr_repeat_article_x_colorlastthreesum",0
"llr_repeat_article_x_num_color_by_articleID_productgroup",0
"llr_repeat_article_x_num_size_by_articleID_productgroup",0
"llr_repeat_article_x_pattern_paste_numofcolor_numofsize_by_article_productgroup",0
"llr_repeat_article_x_unitprice_vary_within_week_by_articleID",0
"llr_repeat_article_x_unitprice_vary_within_month_by_articleID",0
"llr_repeat_article_x_article_t_h",0
"llr_repeat_article_x_productGroup_article_t_h",0
"llr_repeat_article_x_cluster_articleID_by_rrp_productgroup",0
"llr_repeat_article_x_newproductgrouprrptwodigits_1",0
"llr_repeat_article_x_newproductgrouprrptwodigits_2",0
"llr_repeat_article_x_newproductgrouprrptwodigits_3",0
"llr_repeat_article_x_newproductgrouprrptwodigits_4",0
"llr_repeat_article_x_binned_new_productGroup_option_1",0
"llr_repeat_article_x_binned_new_productGroup_option_2",0
"llr_repeat_article_x_binned_new_productGroup_option_3",0
"llr_repeat_article_x_binned_new_productGroup_option_4",0
"llr_repeat_article_x_productGroup_rrp",0
"llr_repeat_article_x_productGroup_rrp_of_10digit",0
"llr_repeat_article_x_productGroup_rrp_of_100digit",0
"llr_repeat_article_x_productGroup_rrp_of_1digit",0
"llr_colorhundreddigit",0
"llr_colorhundreddigit_x_colorlastthree",0
"llr_colorhundreddigit_x_colorlasttwodigit",0
"llr_colorhundreddigit_x_voucher_Amount_coupon",0
"llr_colorhundreddigit_x_num_color_by_articleID_productgroup",0
"llr_colorhundreddigit_x_num_size_by_articleID_productgroup",0
"llr_colorhundreddigit_x_unitprice_vary_within_month_by_articleID",0
"llr_colorhundreddigit_x_cluster_articleID_by_rrp_productgroup",0
"llr_colorhundreddigit_x_max_freq_paymeth_letters_by_custome",0
"llr_colorhundreddigit_x_extreme_size",0
"llr_colorhundreddigit_x_max_freq_color_code",0
"llr_colorhundreddigit_x_newproductgrouprrptwodigits_1",0
"llr_colorhundreddigit_x_newproductgrouprrptwodigits_2",0
"llr_colorhundreddigit_x_newproductgrouprrptwodigits_3",0
"llr_colorhundreddigit_x_newproductgrouprrptwodigits_4",0
"llr_colorhundreddigit_x_binned_new_productGroup_option_1",0
"llr_colorhundreddigit_x_binned_new_productGroup_option_2",0
"llr_colorhundreddigit_x_binned_new_productGroup_option_3",0
"llr_colorhundreddigit_x_binned_new_productGroup_option_4",0
"llr_colorhundreddigit_x_productGroup_rrp",0
"llr_colorhundreddigit_x_productGroup_rrp_of_10digit",0
"llr_colorhundreddigit_x_productGroup_rrp_of_100digit",0
"llr_colorhundreddigit_x_productGroup_rrp_of_1digit",0
"llr_colorlastthree",0
"llr_colorlastthree_x_colorlastthreesum",0
"llr_colorlastthree_x_colorlasttwodigit",0
"llr_colorlastthree_x_num_color_by_articleID_productgroup",0
"llr_colorlastthree_x_num_size_by_articleID_productgroup",0
"llr_colorlastthree_x_pattern_paste_numofcolor_numofsize_by_article_productgroup",0
"llr_colorlastthree_x_unitprice_vary_within_week_by_articleID",0
"llr_colorlastthree_x_max_freq_paymeth_letters_by_custome",0
"llr_colorlastthree_x_extreme_size",0
"llr_colorlastthree_x_newproductgrouprrptwodigits_1",0
"llr_colorlastthree_x_newproductgrouprrptwodigits_2",0
"llr_colorlastthree_x_newproductgrouprrptwodigits_3",0
"llr_colorlastthree_x_newproductgrouprrptwodigits_4",0
"llr_colorlastthree_x_binned_new_productGroup_option_1",0
"llr_colorlastthree_x_binned_new_productGroup_option_2",0
"llr_colorlastthree_x_binned_new_productGroup_option_3",0
"llr_colorlastthree_x_binned_new_productGroup_option_4",0
"llr_colorlastthree_x_productGroup_rrp",0
"llr_colorlastthree_x_productGroup_rrp_of_10digit",0
"llr_colorlastthree_x_productGroup_rrp_of_100digit",0
"llr_colorlastthree_x_productGroup_rrp_of_1digit",0
"llr_colorlastthreesum",0
"llr_colorlastthreesum_x_colorlasttwodigit",0
"llr_colorlastthreesum_x_voucher_Amount_coupon",0
"llr_colorlastthreesum_x_num_color_by_articleID_productgroup",0
"llr_colorlastthreesum_x_num_size_by_articleID_productgroup",0
"llr_colorlastthreesum_x_pattern_paste_numofcolor_numofsize_by_article_productgroup",0
"llr_colorlastthreesum_x_unitprice_vary_within_month_by_articleID",0
"llr_colorlastthreesum_x_max_freq_paymeth_letters_by_custome",0
"llr_colorlastthreesum_x_extreme_size",0
"llr_colorlastthreesum_x_newproductgrouprrptwodigits_2",0
"llr_colorlastthreesum_x_newproductgrouprrptwodigits_3",0
"llr_colorlastthreesum_x_newproductgrouprrptwodigits_4",0
"llr_colorlastthreesum_x_binned_new_productGroup_option_1",0
"llr_colorlastthreesum_x_binned_new_productGroup_option_2",0
"llr_colorlastthreesum_x_binned_new_productGroup_option_3",0
"llr_colorlastthreesum_x_binned_new_productGroup_option_4",0
"llr_colorlastthreesum_x_productGroup_rrp",0
"llr_colorlastthreesum_x_productGroup_rrp_of_10digit",0
"llr_colorlastthreesum_x_productGroup_rrp_of_100digit",0
"llr_colorlasttwodigit",0
"llr_colorlasttwodigit_x_voucher_Amount_coupon",0
"llr_colorlasttwodigit_x_num_color_by_articleID_productgroup",0
"llr_colorlasttwodigit_x_num_size_by_articleID_productgroup",0
"llr_colorlasttwodigit_x_unitprice_vary_within_week_by_articleID",0
"llr_colorlasttwodigit_x_unitprice_vary_within_month_by_articleID",0
"llr_colorlasttwodigit_x_article_t_h",0
"llr_colorlasttwodigit_x_productGroup_article_t_h",0
"llr_colorlasttwodigit_x_cluster_articleID_by_rrp_productgroup",0
"llr_colorlasttwodigit_x_extreme_size",0
"llr_colorlasttwodigit_x_max_freq_color_code",0
"llr_colorlasttwodigit_x_newproductgrouprrptwodigits_1",0
"llr_colorlasttwodigit_x_newproductgrouprrptwodigits_2",0
"llr_colorlasttwodigit_x_newproductgrouprrptwodigits_3",0
"llr_colorlasttwodigit_x_newproductgrouprrptwodigits_4",0
"llr_colorlasttwodigit_x_binned_new_productGroup_option_1",0
"llr_colorlasttwodigit_x_binned_new_productGroup_option_2",0
"llr_colorlasttwodigit_x_binned_new_productGroup_option_3",0
"llr_colorlasttwodigit_x_binned_new_productGroup_option_4",0
"llr_colorlasttwodigit_x_productGroup_rrp",0
"llr_colorlasttwodigit_x_productGroup_rrp_of_10digit",0
"llr_colorlasttwodigit_x_productGroup_rrp_of_100digit",0
"llr_colorlasttwodigit_x_productGroup_rrp_of_1digit",0
"llr_voucher_Amount_coupon",0
"llr_voucher_Amount_coupon_x_num_color_by_articleID_productgroup",0
"llr_voucher_Amount_coupon_x_num_size_by_articleID_productgroup",0
"llr_voucher_Amount_coupon_x_pattern_paste_numofcolor_numofsize_by_article_productgroup",0
"llr_voucher_Amount_coupon_x_article_t_h",0
"llr_voucher_Amount_coupon_x_productGroup_article_t_h",0
"llr_voucher_Amount_coupon_x_cluster_articleID_by_rrp_productgroup",0
"llr_voucher_Amount_coupon_x_newproductgrouprrptwodigits_1",0
"llr_voucher_Amount_coupon_x_newproductgrouprrptwodigits_2",0
"llr_voucher_Amount_coupon_x_newproductgrouprrptwodigits_3",0
"llr_voucher_Amount_coupon_x_newproductgrouprrptwodigits_4",0
"llr_voucher_Amount_coupon_x_binned_new_productGroup_option_1",0
"llr_voucher_Amount_coupon_x_binned_new_productGroup_option_2",0
"llr_voucher_Amount_coupon_x_binned_new_productGroup_option_3",0
"llr_voucher_Amount_coupon_x_binned_new_productGroup_option_4",0
"llr_voucher_Amount_coupon_x_productGroup_rrp",0
"llr_voucher_Amount_coupon_x_productGroup_rrp_of_10digit",0
"llr_voucher_Amount_coupon_x_productGroup_rrp_of_100digit",0
"llr_num_color_by_articleID_productgroup",0
"llr_num_color_by_articleID_productgroup_x_num_size_by_articleID_productgroup",0
"llr_num_color_by_articleID_productgroup_x_pattern_paste_numofcolor_numofsize_by_article_productgroup",0
"llr_num_color_by_articleID_productgroup_x_unitprice_vary_within_month_by_articleID",0
"llr_num_color_by_articleID_productgroup_x_article_t_h",0
"llr_num_color_by_articleID_productgroup_x_productGroup_article_t_h",0
"llr_num_color_by_articleID_productgroup_x_newproductgrouprrptwodigits_1",0
"llr_num_color_by_articleID_productgroup_x_newproductgrouprrptwodigits_2",0
"llr_num_color_by_articleID_productgroup_x_newproductgrouprrptwodigits_3",0
"llr_num_color_by_articleID_productgroup_x_newproductgrouprrptwodigits_4",0
"llr_num_color_by_articleID_productgroup_x_binned_new_productGroup_option_2",0
"llr_num_color_by_articleID_productgroup_x_binned_new_productGroup_option_3",0
"llr_num_color_by_articleID_productgroup_x_binned_new_productGroup_option_4",0
"llr_num_color_by_articleID_productgroup_x_productGroup_rrp",0
"llr_num_color_by_articleID_productgroup_x_productGroup_rrp_of_10digit",0
"llr_num_color_by_articleID_productgroup_x_productGroup_rrp_of_100digit",0
"llr_num_color_by_articleID_productgroup_x_productGroup_rrp_of_1digit",0
"llr_num_size_by_articleID_productgroup",0
"llr_num_size_by_articleID_productgroup_x_pattern_paste_numofcolor_numofsize_by_article_productgroup",0
"llr_num_size_by_articleID_productgroup_x_unitprice_vary_within_month_by_articleID",0
"llr_num_size_by_articleID_productgroup_x_productGroup_article_t_h",0
"llr_num_size_by_articleID_productgroup_x_cluster_articleID_by_rrp_productgroup",0
"llr_num_size_by_articleID_productgroup_x_max_freq_paymeth_letters_by_custome",0
"llr_num_size_by_articleID_productgroup_x_extreme_size",0
"llr_num_size_by_articleID_productgroup_x_max_freq_color_code",0
"llr_num_size_by_articleID_productgroup_x_newproductgrouprrptwodigits_1",0
"llr_num_size_by_articleID_productgroup_x_newproductgrouprrptwodigits_2",0
"llr_num_size_by_articleID_productgroup_x_newproductgrouprrptwodigits_3",0
"llr_num_size_by_articleID_productgroup_x_newproductgrouprrptwodigits_4",0
"llr_num_size_by_articleID_productgroup_x_binned_new_productGroup_option_1",0
"llr_num_size_by_articleID_productgroup_x_binned_new_productGroup_option_2",0
"llr_num_size_by_articleID_productgroup_x_binned_new_productGroup_option_3",0
"llr_num_size_by_articleID_productgroup_x_binned_new_productGroup_option_4",0
"llr_num_size_by_articleID_productgroup_x_productGroup_rrp",0
"llr_num_size_by_articleID_productgroup_x_productGroup_rrp_of_10digit",0
"llr_num_size_by_articleID_productgroup_x_productGroup_rrp_of_100digit",0
"llr_num_size_by_articleID_productgroup_x_productGroup_rrp_of_1digit",0
"llr_pattern_paste_numofcolor_numofsize_by_article_productgroup",0
"llr_pattern_paste_numofcolor_numofsize_by_article_productgroup_x_article_t_h",0
"llr_pattern_paste_numofcolor_numofsize_by_article_productgroup_x_productGroup_article_t_h",0
"llr_pattern_paste_numofcolor_numofsize_by_article_productgroup_x_cluster_articleID_by_rrp_productgroup",0
"llr_pattern_paste_numofcolor_numofsize_by_article_productgroup_x_max_freq_paymeth_letters_by_custome",0
"llr_pattern_paste_numofcolor_numofsize_by_article_productgroup_x_max_freq_color_code",0
"llr_pattern_paste_numofcolor_numofsize_by_article_productgroup_x_newproductgrouprrptwodigits_1",0
"llr_pattern_paste_numofcolor_numofsize_by_article_productgroup_x_newproductgrouprrptwodigits_2",0
"llr_pattern_paste_numofcolor_numofsize_by_article_productgroup_x_newproductgrouprrptwodigits_3",0
"llr_pattern_paste_numofcolor_numofsize_by_article_productgroup_x_newproductgrouprrptwodigits_4",0
"llr_pattern_paste_numofcolor_numofsize_by_article_productgroup_x_binned_new_productGroup_option_1",0
"llr_pattern_paste_numofcolor_numofsize_by_article_productgroup_x_binned_new_productGroup_option_2",0
"llr_pattern_paste_numofcolor_numofsize_by_article_productgroup_x_binned_new_productGroup_option_3",0
"llr_pattern_paste_numofcolor_numofsize_by_article_productgroup_x_binned_new_productGroup_option_4",0
"llr_pattern_paste_numofcolor_numofsize_by_article_productgroup_x_productGroup_rrp",0
"llr_pattern_paste_numofcolor_numofsize_by_article_productgroup_x_productGroup_rrp_of_10digit",0
"llr_pattern_paste_numofcolor_numofsize_by_article_productgroup_x_productGroup_rrp_of_100digit",0
"llr_pattern_paste_numofcolor_numofsize_by_article_productgroup_x_productGroup_rrp_of_1digit",0
"llr_unitprice_vary_within_week_by_articleID",0
"llr_unitprice_vary_within_week_by_articleID_x_article_t_h",0
"llr_unitprice_vary_within_week_by_articleID_x_cluster_articleID_by_rrp_productgroup",0
"llr_unitprice_vary_within_week_by_articleID_x_newproductgrouprrptwodigits_2",0
"llr_unitprice_vary_within_week_by_articleID_x_newproductgrouprrptwodigits_3",0
"llr_unitprice_vary_within_week_by_articleID_x_newproductgrouprrptwodigits_4",0
"llr_unitprice_vary_within_week_by_articleID_x_binned_new_productGroup_option_1",0
"llr_unitprice_vary_within_week_by_articleID_x_binned_new_productGroup_option_2",0
"llr_unitprice_vary_within_week_by_articleID_x_binned_new_productGroup_option_3",0
"llr_unitprice_vary_within_week_by_articleID_x_binned_new_productGroup_option_4",0
"llr_unitprice_vary_within_week_by_articleID_x_productGroup_rrp",0
"llr_unitprice_vary_within_week_by_articleID_x_productGroup_rrp_of_10digit",0
"llr_unitprice_vary_within_week_by_articleID_x_productGroup_rrp_of_100digit",0
"llr_unitprice_vary_within_month_by_articleID",0
"llr_unitprice_vary_within_month_by_articleID_x_article_t_h",0
"llr_unitprice_vary_within_month_by_articleID_x_productGroup_article_t_h",0
"llr_unitprice_vary_within_month_by_articleID_x_cluster_articleID_by_rrp_productgroup",0
"llr_unitprice_vary_within_month_by_articleID_x_max_freq_paymeth_letters_by_custome",0
"llr_unitprice_vary_within_month_by_articleID_x_max_freq_color_code",0
"llr_unitprice_vary_within_month_by_articleID_x_newproductgrouprrptwodigits_2",0
"llr_unitprice_vary_within_month_by_articleID_x_newproductgrouprrptwodigits_3",0
"llr_unitprice_vary_within_month_by_articleID_x_newproductgrouprrptwodigits_4",0
"llr_unitprice_vary_within_month_by_articleID_x_binned_new_productGroup_option_1",0
"llr_unitprice_vary_within_month_by_articleID_x_binned_new_productGroup_option_2",0
"llr_unitprice_vary_within_month_by_articleID_x_binned_new_productGroup_option_3",0
"llr_unitprice_vary_within_month_by_articleID_x_binned_new_productGroup_option_4",0
"llr_unitprice_vary_within_month_by_articleID_x_productGroup_rrp",0
"llr_unitprice_vary_within_month_by_articleID_x_productGroup_rrp_of_10digit",0
"llr_unitprice_vary_within_month_by_articleID_x_productGroup_rrp_of_100digit",0
"llr_unitprice_vary_within_month_by_articleID_x_productGroup_rrp_of_1digit",0
"llr_article_t_h",0
"llr_article_t_h_x_productGroup_article_t_h",0
"llr_article_t_h_x_cluster_articleID_by_rrp_productgroup",0
"llr_article_t_h_x_extreme_size",0
"llr_article_t_h_x_newproductgrouprrptwodigits_1",0
"llr_article_t_h_x_newproductgrouprrptwodigits_2",0
"llr_article_t_h_x_newproductgrouprrptwodigits_3",0
"llr_article_t_h_x_newproductgrouprrptwodigits_4",0
"llr_article_t_h_x_binned_new_productGroup_option_1",0
"llr_article_t_h_x_binned_new_productGroup_option_2",0
"llr_article_t_h_x_binned_new_productGroup_option_3",0
"llr_article_t_h_x_binned_new_productGroup_option_4",0
"llr_article_t_h_x_productGroup_rrp",0
"llr_article_t_h_x_productGroup_rrp_of_10digit",0
"llr_article_t_h_x_productGroup_rrp_of_100digit",0
"llr_article_t_h_x_productGroup_rrp_of_1digit",0
"llr_productGroup_article_t_h",0
"llr_productGroup_article_t_h_x_cluster_articleID_by_rrp_productgroup",0
"llr_productGroup_article_t_h_x_extreme_size",0
"llr_productGroup_article_t_h_x_max_freq_color_code",0
"llr_productGroup_article_t_h_x_newproductgrouprrptwodigits_2",0
"llr_productGroup_article_t_h_x_newproductgrouprrptwodigits_3",0
"llr_productGroup_article_t_h_x_newproductgrouprrptwodigits_4",0
"llr_productGroup_article_t_h_x_binned_new_productGroup_option_1",0
"llr_productGroup_article_t_h_x_binned_new_productGroup_option_2",0
"llr_productGroup_article_t_h_x_binned_new_productGroup_option_3",0
"llr_productGroup_article_t_h_x_binned_new_productGroup_option_4",0
"llr_productGroup_article_t_h_x_productGroup_rrp",0
"llr_productGroup_article_t_h_x_productGroup_rrp_of_10digit",0
"llr_productGroup_article_t_h_x_productGroup_rrp_of_100digit",0
"llr_cluster_articleID_by_rrp_productgroup",0
"llr_cluster_articleID_by_rrp_productgroup_x_extreme_size",0
"llr_cluster_articleID_by_rrp_productgroup_x_newproductgrouprrptwodigits_1",0
"llr_cluster_articleID_by_rrp_productgroup_x_newproductgrouprrptwodigits_2",0
"llr_cluster_articleID_by_rrp_productgroup_x_newproductgrouprrptwodigits_3",0
"llr_cluster_articleID_by_rrp_productgroup_x_newproductgrouprrptwodigits_4",0
"llr_cluster_articleID_by_rrp_productgroup_x_binned_new_productGroup_option_1",0
"llr_cluster_articleID_by_rrp_productgroup_x_binned_new_productGroup_option_2",0
"llr_cluster_articleID_by_rrp_productgroup_x_binned_new_productGroup_option_3",0
"llr_cluster_articleID_by_rrp_productgroup_x_binned_new_productGroup_option_4",0
"llr_cluster_articleID_by_rrp_productgroup_x_productGroup_rrp",0
"llr_cluster_articleID_by_rrp_productgroup_x_productGroup_rrp_of_10digit",0
"llr_cluster_articleID_by_rrp_productgroup_x_productGroup_rrp_of_100digit",0
"llr_cluster_articleID_by_rrp_productgroup_x_productGroup_rrp_of_1digit",0
"llr_max_freq_paymeth_letters_by_custome",0
"llr_max_freq_paymeth_letters_by_custome_x_newproductgrouprrptwodigits_2",0
"llr_max_freq_paymeth_letters_by_custome_x_newproductgrouprrptwodigits_3",0
"llr_max_freq_paymeth_letters_by_custome_x_newproductgrouprrptwodigits_4",0
"llr_max_freq_paymeth_letters_by_custome_x_binned_new_productGroup_option_1",0
"llr_max_freq_paymeth_letters_by_custome_x_binned_new_productGroup_option_2",0
"llr_max_freq_paymeth_letters_by_custome_x_binned_new_productGroup_option_3",0
"llr_max_freq_paymeth_letters_by_custome_x_binned_new_productGroup_option_4",0
"llr_max_freq_paymeth_letters_by_custome_x_productGroup_rrp",0
"llr_max_freq_paymeth_letters_by_custome_x_productGroup_rrp_of_10digit",0
"llr_max_freq_paymeth_letters_by_custome_x_productGroup_rrp_of_100digit",0
"llr_max_freq_paymeth_letters_by_custome_x_productGroup_rrp_of_1digit",0
"llr_extreme_size_x_newproductgrouprrptwodigits_2",0
"llr_extreme_size_x_newproductgrouprrptwodigits_3",0
"llr_extreme_size_x_newproductgrouprrptwodigits_4",0
"llr_extreme_size_x_binned_new_productGroup_option_1",0
"llr_extreme_size_x_binned_new_productGroup_option_2",0
"llr_extreme_size_x_binned_new_productGroup_option_3",0
"llr_extreme_size_x_binned_new_productGroup_option_4",0
"llr_extreme_size_x_productGroup_rrp",0
"llr_extreme_size_x_productGroup_rrp_of_10digit",0
"llr_extreme_size_x_productGroup_rrp_of_100digit",0
"llr_extreme_size_x_productGroup_rrp_of_1digit",0
"llr_max_freq_color_code",0
"llr_max_freq_color_code_x_newproductgrouprrptwodigits_2",0
"llr_max_freq_color_code_x_newproductgrouprrptwodigits_3",0
"llr_max_freq_color_code_x_newproductgrouprrptwodigits_4",0
"llr_max_freq_color_code_x_binned_new_productGroup_option_1",0
"llr_max_freq_color_code_x_binned_new_productGroup_option_2",0
"llr_max_freq_color_code_x_binned_new_productGroup_option_3",0
"llr_max_freq_color_code_x_binned_new_productGroup_option_4",0
"llr_max_freq_color_code_x_productGroup_rrp",0
"llr_max_freq_color_code_x_productGroup_rrp_of_10digit",0
"llr_newproductgrouprrptwodigits_1",0
"llr_newproductgrouprrptwodigits_1_x_newproductgrouprrptwodigits_2",0
"llr_newproductgrouprrptwodigits_1_x_newproductgrouprrptwodigits_3",0
"llr_newproductgrouprrptwodigits_1_x_newproductgrouprrptwodigits_4",0
"llr_newproductgrouprrptwodigits_1_x_binned_new_productGroup_option_1",0
"llr_newproductgrouprrptwodigits_1_x_binned_new_productGroup_option_2",0
"llr_newproductgrouprrptwodigits_1_x_binned_new_productGroup_option_3",0
"llr_newproductgrouprrptwodigits_1_x_binned_new_productGroup_option_4",0
"llr_newproductgrouprrptwodigits_1_x_productGroup_rrp",0
"llr_newproductgrouprrptwodigits_1_x_productGroup_rrp_of_10digit",0
"llr_newproductgrouprrptwodigits_1_x_productGroup_rrp_of_100digit",0
"llr_newproductgrouprrptwodigits_1_x_productGroup_rrp_of_1digit",0
"llr_newproductgrouprrptwodigits_2",0
"llr_newproductgrouprrptwodigits_2_x_newproductgrouprrptwodigits_3",0
"llr_newproductgrouprrptwodigits_2_x_newproductgrouprrptwodigits_4",0
"llr_newproductgrouprrptwodigits_2_x_binned_new_productGroup_option_1",0
"llr_newproductgrouprrptwodigits_2_x_binned_new_productGroup_option_2",0
"llr_newproductgrouprrptwodigits_2_x_binned_new_productGroup_option_3",0
"llr_newproductgrouprrptwodigits_2_x_binned_new_productGroup_option_4",0
"llr_newproductgrouprrptwodigits_2_x_productGroup_rrp",0
"llr_newproductgrouprrptwodigits_2_x_productGroup_rrp_of_10digit",0
"llr_newproductgrouprrptwodigits_2_x_productGroup_rrp_of_100digit",0
"llr_newproductgrouprrptwodigits_2_x_productGroup_rrp_of_1digit",0
"llr_newproductgrouprrptwodigits_3",0
"llr_newproductgrouprrptwodigits_3_x_newproductgrouprrptwodigits_4",0
"llr_newproductgrouprrptwodigits_3_x_binned_new_productGroup_option_1",0
"llr_newproductgrouprrptwodigits_3_x_binned_new_productGroup_option_2",0
"llr_newproductgrouprrptwodigits_3_x_binned_new_productGroup_option_3",0
"llr_newproductgrouprrptwodigits_3_x_binned_new_productGroup_option_4",0
"llr_newproductgrouprrptwodigits_3_x_productGroup_rrp",0
"llr_newproductgrouprrptwodigits_3_x_productGroup_rrp_of_10digit",0
"llr_newproductgrouprrptwodigits_3_x_productGroup_rrp_of_100digit",0
"llr_newproductgrouprrptwodigits_3_x_productGroup_rrp_of_1digit",0
"llr_newproductgrouprrptwodigits_4",0
"llr_newproductgrouprrptwodigits_4_x_binned_new_productGroup_option_1",0
"llr_newproductgrouprrptwodigits_4_x_binned_new_productGroup_option_2",0
"llr_newproductgrouprrptwodigits_4_x_binned_new_productGroup_option_3",0
"llr_newproductgrouprrptwodigits_4_x_binned_new_productGroup_option_4",0
"llr_newproductgrouprrptwodigits_4_x_productGroup_rrp",0
"llr_newproductgrouprrptwodigits_4_x_productGroup_rrp_of_10digit",0
"llr_newproductgrouprrptwodigits_4_x_productGroup_rrp_of_100digit",0
"llr_newproductgrouprrptwodigits_4_x_productGroup_rrp_of_1digit",0
"llr_binned_new_productGroup_option_1",0
"llr_binned_new_productGroup_option_1_x_binned_new_productGroup_option_2",0
"llr_binned_new_productGroup_option_1_x_binned_new_productGroup_option_3",0
"llr_binned_new_productGroup_option_1_x_binned_new_productGroup_option_4",0
"llr_binned_new_productGroup_option_1_x_productGroup_rrp",0
"llr_binned_new_productGroup_option_1_x_productGroup_rrp_of_10digit",0
"llr_binned_new_productGroup_option_1_x_productGroup_rrp_of_100digit",0
"llr_binned_new_productGroup_option_1_x_productGroup_rrp_of_1digit",0
"llr_binned_new_productGroup_option_2",0
"llr_binned_new_productGroup_option_2_x_binned_new_productGroup_option_3",0
"llr_binned_new_productGroup_option_2_x_binned_new_productGroup_option_4",0
"llr_binned_new_productGroup_option_2_x_productGroup_rrp",0
"llr_binned_new_productGroup_option_2_x_productGroup_rrp_of_10digit",0
"llr_binned_new_productGroup_option_2_x_productGroup_rrp_of_100digit",0
"llr_binned_new_productGroup_option_2_x_productGroup_rrp_of_1digit",0
"llr_binned_new_productGroup_option_3",0
"llr_binned_new_productGroup_option_3_x_binned_new_productGroup_option_4",0
"llr_binned_new_productGroup_option_3_x_productGroup_rrp",0
"llr_binned_new_productGroup_option_3_x_productGroup_rrp_of_10digit",0
"llr_binned_new_productGroup_option_3_x_productGroup_rrp_of_100digit",0
"llr_binned_new_productGroup_option_3_x_productGroup_rrp_of_1digit",0
"llr_binned_new_productGroup_option_4",0
"llr_binned_new_productGroup_option_4_x_productGroup_rrp",0
"llr_binned_new_productGroup_option_4_x_productGroup_rrp_of_10digit",0
"llr_binned_new_productGroup_option_4_x_productGroup_rrp_of_100digit",0
"llr_binned_new_productGroup_option_4_x_productGroup_rrp_of_1digit",0
"llr_productGroup_rrp",0
"llr_productGroup_rrp_x_productGroup_rrp_of_10digit",0
"llr_productGroup_rrp_x_productGroup_rrp_of_100digit",0
"llr_productGroup_rrp_x_productGroup_rrp_of_1digit",0
"llr_productGroup_rrp_of_10digit",0
"llr_productGroup_rrp_of_10digit_x_productGroup_rrp_of_100digit",0
"llr_productGroup_rrp_of_10digit_x_productGroup_rrp_of_1digit",0
"llr_productGroup_rrp_of_100digit",0
"llr_productGroup_rrp_of_100digit_x_productGroup_rrp_of_1digit",0
"llr_productGroup_rrp_of_1digit",0
