"Features","Stand_Score"
"quantity",10.8617543039364
"total_price_by_orderID",7.81283939277968
"colors_db_total_quantity",7.45238904675958
"llr_articleID_x_customerID",6.91558460673926
"totalPrice_minus_voucher",6.32772962418574
"llr_customerID_x_paymentMethod",6.01216254729276
"articleVsColor_per_order",5.78888414083422
"total_rrp0_by_orderID",5.5275962974525
"llr_customerID_x_dow",5.21545085851105
"llr_customerID_x_repeat_article",4.97643267677038
"llr_customerID_x_newproductgrouprrptwodigits_1",4.63221841798384
"llr_productGroup_x_customerID",4.45505829635585
"llr_sizeCode_x_customerID",4.37055100919356
"products_db_total_quantity",4.1252858067809
"customer_mean_voucherAmount",3.93338416341101
"llr_customerID_x_productGroup_article_t_h",3.81654806326471
"articles_db_total_quantity",3.59560199053418
"customer_mean_rrp",3.44358957513872
"unit_price_minus_mean_price_by_articleID",3.16779281837775
"llr_customerID_x_pattern_paste_numofcolor_numofsize_by_article_productgroup",3.0510834922525
"productVsSize_per_order",3.00582185243627
"llr_customerID_x_num_size_by_articleID_productgroup",2.87525175906267
"sizes_db_total_quantity",2.78682208451128
"llr_customerID_x_sameProductDiffSize",2.68669559251521
"quantity_prop",2.65878714147759
"customer_mean_price",2.57281881926329
"customer_median_rrp",2.54434388627621
"discountProp",2.4786171399008
"llr_articleID_x_sameProductDiffSize",2.4600521943399
"llr_customerID_x_deviceID",2.38707239001876
"llr_customerID_x_unitprice_vary_within_week_by_articleID",2.3808840748318
"max_price_per_article",2.33581272154827
"time_since_article_first_appearance",2.30733778856119
"articleVsProduct_per_order",2.26219263727482
"llr_articleID_x_sameArticleDiffSize",2.24666081661114
"llr_articleID_x_sizeCode",2.19346101530927
"llr_repeat_color_x_repeat_article",2.14220134683878
"llr_repeat_size_x_repeat_article",2.05567197641167
"llr_sameProductDiffSize_x_cluster_articleID_by_rrp_productgroup",2.04329534603774
"n_quantity_2w",2.03755159053371
"size_num",2.02044224628816
"llr_customerID_x_repeat_size",1.94009575731135
"llr_customerID_x_sameArticleDiffSize",1.93390744212439
"llr_customerID_x_voucher_Amount_coupon",1.85922819195485
"llr_deviceID_x_dow",1.84830716289626
"llr_paymentMethod_x_article_t_h",1.78511542373477
"total_rrp0_by_customerID",1.7789271085478
"customer_prod_counts",1.69283686406697
"customer_std_price",1.68765959051241
"llr_customerID",1.68191583500838
"llr_customerID_x_colorhundreddigit",1.65849625330933
"llr_customerID_x_extreme_size",1.6134249000258
"llr_customerID_x_general_holiday",1.6134249000258
"sizeVsColor_per_order",1.56685797359383
"llr_articleID_x_paymentMethod",1.51022531129941
"llr_customerID_x_repeatOrderSameSize",1.46414291638348
"llr_sameArticleDiffSize_x_sameArticleDiffColor",1.45277732764195
"llr_week_x_repeat_article",1.41094311508161
"runningTotalOrders",1.40475479989464
"totalPrice_per_meanTime",1.370414189137
"customer_std_rrp",1.32053632397902
"l2",1.28638599975408
"llr_articleID_x_extreme_size",1.27502041101255
"llr_articleID_x_repeat_article",1.26409938195396
"llr_customerID_x_legal_holiday",1.2589221083994
"llr_customerID_x_unitprice_vary_within_month_by_articleID",1.21858346898749
"llr_sameArticleDiffColor_x_unitprice_vary_within_week_by_articleID",1.20709595797944
"llr_voucherID_x_customerID",1.20709595797944
"llr_week_x_newproductgrouprrptwodigits_1",1.19573036923791
"n_days_articleSize",1.18998661373388
"n_quantity_3m",1.15434071636051
"llr_customerID_x_cluster_articleID_by_rrp_productgroup",1.11020660670655
"llr_customerID_x_sameArticleDiffColor",1.09871909569849
"llr_dow_x_max_freq_paymeth_letters_by_custome",1.09253078051152
"llr_voucherID_x_sameProductDiffSize",1.09253078051152
"mean_price_per_article",1.08160975145294
"n_days_articleColor",1.07542143626597
"customer_median_price",1.00700701798016
"customer_size_quantity",1.00700701798016
"llr_articleID_x_colorlasttwodigit",0.988886632102201
"llr_articleID_x_repeat_product",0.988886632102201
"llr_colorCode_x_unitprice_vary_within_week_by_articleID",0.983142876598174
"llr_colorlastthreesum_x_max_freq_color_code",0.943815278818671
"llr_customerID_x_repeat_product",0.937626963631705
"llr_num_color_by_articleID_productgroup_x_unitprice_vary_within_week_by_articleID",0.925694892940711
"llr_repeat_size_x_max_freq_paymeth_letters_by_custome",0.925694892940711
"llr_week_x_colorlastthree",0.896237310754298
"t.price",0.88531628169571
"unit_price",0.879127966508744
"articleVsSize_per_order",0.833982815222383
"customer_art_counts",0.828239059718354
"customer_size_counts",0.828239059718354
"llr_articleID_x_colorlastthreesum",0.782723146751885
"llr_articleID_x_productGroup_article_t_h",0.776979391247856
"llr_articleID_x_repeat_size",0.770791076060891
"llr_articleID_x_unitprice_vary_within_month_by_articleID",0.765613802506331
"llr_cluster_articleID_by_rrp_productgroup_x_max_freq_color_code",0.765613802506331
"llr_customerID_x_repeat_color",0.765613802506331
"llr_deviceID_x_sameArticleDiffColor",0.765613802506331
"llr_deviceID_x_unitprice_vary_within_week_by_articleID",0.760436528951771
"llr_dow_x_num_color_by_articleID_productgroup",0.725235191261329
"llr_dow_x_sameArticleDiffColor",0.725235191261329
"llr_paymentMethod_x_pattern_paste_numofcolor_numofsize_by_article_productgroup",0.713869602519804
"llr_productGroup_x_sameProductDiffSize",0.713869602519804
"llr_sameArticleDiffColor_x_newproductgrouprrptwodigits_1",0.708125847015775
"llr_sameArticleDiffColor_x_num_color_by_articleID_productgroup",0.708125847015775
"llr_sameArticleDiffSize_x_newproductgrouprrptwodigits_1",0.69676025827425
"llr_sizeCode_x_extreme_size",0.69676025827425
"llr_unitprice_vary_within_week_by_articleID_x_max_freq_paymeth_letters_by_custome",0.69676025827425
"llr_voucherID_x_repeat_product",0.69676025827425
"llr_voucher_Amount_coupon_x_unitprice_vary_within_month_by_articleID",0.69676025827425
"max_price_per_size",0.69676025827425
"price",0.690571943087284
"productVsColor_per_order",0.684828187583256
"total_voucherAmount_by_orderID",0.679650914028696
"articleID_last4",0.63551680437474
"customer_color_counts",0.63551680437474
"customer_std_voucherAmount",0.63551680437474
"llr_articleID_x_colorhundreddigit",0.601366480149796
"llr_articleID_x_num_size_by_articleID_productgroup",0.601366480149796
"llr_articleID_x_sameArticleDiffColor",0.595622724645767
"llr_articleID_x_voucherID",0.584257135904242
"llr_articleID_x_voucher_Amount_coupon",0.548611238530863
"llr_articleID_x_week",0.548611238530863
"llr_colorCode_x_productGroup_rrp_of_1digit",0.548611238530863
"llr_colorlastthreesum_x_article_t_h",0.542867483026835
"llr_colorlasttwodigit_x_unitprice_vary_within_week_by_articleID",0.542867483026835
"llr_customerID_x_article_t_h",0.542867483026835
"llr_dow_x_sameArticleDiffSize",0.542867483026835
"llr_dow_x_week",0.536679167839869
"llr_num_color_by_articleID_productgroup_x_max_freq_paymeth_letters_by_custome",0.531501894285309
"llr_paymentMethod_x_newproductgrouprrptwodigits_1",0.531501894285309
"llr_paymentMethod_x_repeat_color",0.525758138781281
"llr_paymentMethod_x_sameArticleDiffColor",0.525758138781281
"llr_repeat_article_x_num_color_by_articleID_productgroup",0.514392550039755
"llr_repeat_product_x_colorlastthree",0.514392550039755
"llr_repeat_product_x_extreme_size",0.480242225814812
"llr_repeat_size_x_extreme_size",0.474498470310783
"llr_sameArticleDiffColor_x_colorlastthreesum",0.474498470310783
"llr_sameArticleDiffColor_x_max_freq_color_code",0.474498470310783
"llr_sameArticleDiffSize_x_extreme_size",0.474498470310783
"llr_sameArticleDiffSize_x_repeat_product",0.474498470310783
"llr_sameProductDiffSize_x_article_t_h",0.474498470310783
"llr_sameProductDiffSize_x_num_color_by_articleID_productgroup",0.462566399619791
"llr_sameProductDiffSize_x_productGroup_article_t_h",0.462566399619791
"llr_sameProductDiffSize_x_repeat_article",0.462566399619791
"llr_sameProductDiffSize_x_repeat_size",0.462566399619791
"llr_sizeCode_x_dow",0.457389126065229
"llr_voucherID_x_colorhundreddigit",0.457389126065229
"llr_voucherID_x_dow",0.457389126065229
"llr_voucherID_x_num_color_by_articleID_productgroup",0.451200810878263
"llr_voucher_Amount_coupon_x_num_size_by_articleID_productgroup",0.451200810878263
"llr_week_x_article_t_h",0.451200810878263
"llr_week_x_max_freq_paymeth_letters_by_custome",0.446023537323703
"n_quantity_1m",0.446023537323703
"n_quantity_6m",0.440279781819677
"orders_per_meanTime",0.434091466632709
"runningTotalItems",0.4046338844463
"articleID_last2",0.3656770483469
"avg_price_per_day",0.3656770483469
"customer_order_article_prop",0.3656770483469
"customer_order_product_prop",0.3656770483469
"customer_order_size_prop",0.3656770483469
"llr_articleID_x_dow",0.3656770483469
"llr_articleID_x_max_freq_paymeth_letters_by_custome",0.331526724121957
"llr_colorCode_x_article_t_h",0.326349450567397
"llr_colorCode_x_cluster_articleID_by_rrp_productgroup",0.320161135380431
"llr_colorCode_x_paymentMethod",0.320161135380431
"llr_colorCode_x_repeat_article",0.320161135380431
"llr_colorlasttwodigit_x_newproductgrouprrptwodigits_1",0.320161135380431
"llr_customerID_x_binned_new_productGroup_option_1",0.320161135380431
"llr_customerID_x_colorlastthreesum",0.309240106321843
"llr_customerID_x_max_freq_color_code",0.309240106321843
"llr_customerID_x_productGroup_rrp_of_100digit",0.309240106321843
"llr_customerID_x_week",0.309240106321843
"llr_deviceID_x_newproductgrouprrptwodigits_1",0.309240106321843
"llr_deviceID_x_week",0.309240106321843
"llr_dow_x_max_freq_color_code",0.309240106321843
"llr_dow_x_pattern_paste_numofcolor_numofsize_by_article_productgroup",0.304062832767283
"llr_dow_x_sameProductDiffSize",0.304062832767283
"llr_max_freq_color_code_x_newproductgrouprrptwodigits_1",0.304062832767283
"llr_max_freq_color_code_x_productGroup_rrp_of_1digit",0.304062832767283
"llr_paymentMethod_x_productGroup_article_t_h",0.304062832767283
"llr_paymentMethod_x_unitprice_vary_within_week_by_articleID",0.292130762076289
"llr_productGroup_article_t_h_x_max_freq_color_code",0.286953488521729
"llr_productGroup_x_paymentMethod",0.286953488521729
"llr_repeatOrderSameSize_x_repeat_product",0.286953488521729
"llr_repeat_article_x_colorhundreddigit",0.286953488521729
"llr_repeat_article_x_extreme_size",0.257495906335315
"llr_repeat_article_x_newproductgrouprrptwodigits_1",0.252318632780755
"llr_repeat_color_x_num_color_by_articleID_productgroup",0.252318632780755
"llr_repeat_color_x_unitprice_vary_within_week_by_articleID",0.252318632780755
"llr_repeat_size_x_unitprice_vary_within_week_by_articleID",0.252318632780755
"llr_sameArticleDiffColor_x_unitprice_vary_within_month_by_articleID",0.252318632780755
"llr_sameArticleDiffSize_x_article_t_h",0.252318632780755
"llr_sameArticleDiffSize_x_productGroup_article_t_h",0.24613031759379
"llr_sameProductDiffSize_x_productGroup_rrp_of_10digit",0.235209288535201
"llr_sameProductDiffSize_x_unitprice_vary_within_week_by_articleID",0.235209288535201
"llr_sizeCode_x_repeat_article",0.235209288535201
"llr_sizeCode_x_sameArticleDiffSize",0.235209288535201
"llr_unitprice_vary_within_week_by_articleID_x_unitprice_vary_within_month_by_articleID",0.235209288535201
"llr_week_x_colorhundreddigit",0.235209288535201
"llr_week_x_max_freq_color_code",0.235209288535201
"llr_week_x_sameProductDiffSize",0.235209288535201
"llr_week_x_voucher_Amount_coupon",0.235209288535201
"mean_time_between",0.235209288535201
"total_price_per_day",0.235209288535201
"articleID_ones",0.196252452435805
"customer_color_quantity",0.190508696931779
"llr_articleID_x_any_holiday",0.190508696931779
"llr_articleID_x_colorCode",0.190508696931779
"llr_articleID_x_legal_holiday",0.190508696931779
"llr_articleID_x_repeat_color",0.190508696931779
"llr_article_t_h_x_cluster_articleID_by_rrp_productgroup",0.190508696931779
"llr_article_t_h_x_max_freq_paymeth_letters_by_custome",0.185331423377219
"llr_colorCode_x_customerID",0.185331423377219
"llr_colorCode_x_sameArticleDiffSize",0.185331423377219
"llr_colorCode_x_week",0.179143108190253
"llr_colorhundreddigit_x_article_t_h",0.179143108190253
"llr_colorlastthree_x_unitprice_vary_within_month_by_articleID",0.179143108190253
"llr_colorlastthree_x_voucher_Amount_coupon",0.179143108190253
"llr_colorlastthreesum_x_productGroup_article_t_h",0.179143108190253
"llr_colorlasttwodigit_x_num_size_by_articleID_productgroup",0.179143108190253
"llr_customerID_x_num_color_by_articleID_productgroup",0.179143108190253
"llr_customerID_x_productGroup_rrp_of_1digit",0.179143108190253
"llr_deviceID_x_any_holiday",0.139815510410748
"llr_deviceID_x_extreme_size",0.134071754906721
"llr_deviceID_x_max_freq_paymeth_letters_by_custome",0.134071754906721
"llr_deviceID_x_pattern_paste_numofcolor_numofsize_by_article_productgroup",0.134071754906721
"llr_deviceID_x_paymentMethod",0.134071754906721
"llr_deviceID_x_repeat_color",0.134071754906721
"llr_deviceID_x_unitprice_vary_within_month_by_articleID",0.104614172720308
"llr_dow_x_newproductgrouprrptwodigits_1",0.104614172720308
"llr_dow_x_repeat_color",0.0984258575333417
"llr_dow_x_repeat_size",0.0984258575333417
"llr_extreme_size_x_max_freq_color_code",0.0984258575333417
"llr_legal_holiday_x_num_color_by_articleID_productgroup",0.0984258575333417
"llr_max_freq_paymeth_letters_by_custome_x_newproductgrouprrptwodigits_1",0.0932485839787815
"llr_num_color_by_articleID_productgroup_x_unitprice_vary_within_month_by_articleID",0.0932485839787815
"llr_paymentMethod_x_max_freq_color_code",0.0932485839787815
"llr_paymentMethod_x_productGroup_rrp_of_1digit",0.0932485839787815
"llr_paymentMethod_x_repeat_article",0.0932485839787815
"llr_paymentMethod_x_repeat_size",0.0932485839787815
"llr_productGroup_article_t_h_x_max_freq_paymeth_letters_by_custome",0.0932485839787815
"llr_productGroup_x_unitprice_vary_within_week_by_articleID",0.0932485839787815
"llr_repeatOrderSameSize_x_extreme_size",0.0932485839787815
"llr_repeatOrderSameSize_x_num_color_by_articleID_productgroup",0.0932485839787815
"llr_repeat_article_x_productGroup_rrp_of_1digit",0.0875048284747537
"llr_repeat_color_x_max_freq_color_code",0.0875048284747537
"llr_repeat_product_x_num_color_by_articleID_productgroup",0.0875048284747537
"llr_repeat_size_x_max_freq_color_code",0.0875048284747537
"llr_repeat_size_x_unitprice_vary_within_month_by_articleID",0.0875048284747537
"llr_sameArticleDiffColor_x_cluster_articleID_by_rrp_productgroup",0.0875048284747537
"llr_sameArticleDiffColor_x_pattern_paste_numofcolor_numofsize_by_article_productgroup",0.0823275549201934
"llr_sameArticleDiffSize_x_cluster_articleID_by_rrp_productgroup",0.0823275549201934
"llr_sameArticleDiffSize_x_max_freq_paymeth_letters_by_custome",0.0823275549201934
"llr_sameArticleDiffSize_x_num_color_by_articleID_productgroup",0.0823275549201934
"llr_sameArticleDiffSize_x_repeat_size",0.0761392397332276
"llr_sameProductDiffSize_x_colorhundreddigit",0.0761392397332276
"llr_sameProductDiffSize_x_unitprice_vary_within_month_by_articleID",0.0761392397332276
"llr_sizeCode_x_repeat_size",0.0761392397332276
"llr_unitprice_vary_within_month_by_articleID_x_max_freq_color_code",0.0761392397332276
"llr_unitprice_vary_within_month_by_articleID_x_productGroup_rrp_of_1digit",0.0761392397332276
"llr_voucherID_x_deviceID",0.0761392397332276
"llr_voucherID_x_repeat_size",0.0761392397332276
"llr_voucherID_x_unitprice_vary_within_month_by_articleID",0.0761392397332276
"llr_voucherID_x_unitprice_vary_within_week_by_articleID",0.0761392397332276
"llr_voucherID_x_week",0.0761392397332276
"llr_voucher_Amount_coupon_x_extreme_size",0.0761392397332276
"llr_week_x_cluster_articleID_by_rrp_productgroup",0.0761392397332276
"llr_week_x_unitprice_vary_within_week_by_articleID",0.0761392397332276
"time_between",0.0761392397332276
"total_voucherAmount_by_articleID",0.0761392397332276
"total_voucherAmount_by_customerID",0.0761392397332276
"customer_order_color_prop",0.031438648129804
"llr_any_holiday_x_repeat_size",0.031438648129804
"llr_articleID",0.031438648129804
"llr_articleID_x_colorlastthree",0.031438648129804
"llr_articleID_x_repeatOrderSameSize",0.031438648129804
"llr_colorCode_x_any_holiday",0.031438648129804
"llr_colorCode_x_dow",0.0262613745752438
"llr_colorCode_x_max_freq_paymeth_letters_by_custome",0.0262613745752438
"llr_colorCode_x_repeat_color",-0.00319620761116931
"llr_colorCode_x_sameArticleDiffColor",-0.00938452279813518
"llr_colorCode_x_sizeCode",-0.00938452279813518
"llr_colorhundreddigit_x_num_color_by_articleID_productgroup",-0.00938452279813518
"llr_colorhundreddigit_x_unitprice_vary_within_month_by_articleID",-0.00938452279813518
"llr_colorlastthree_x_num_color_by_articleID_productgroup",-0.00938452279813518
"llr_colorlastthreesum_x_cluster_articleID_by_rrp_productgroup",-0.00938452279813518
"llr_colorlastthreesum_x_productGroup_rrp_of_1digit",-0.00938452279813518
"llr_colorlastthreesum_x_voucher_Amount_coupon",-0.0151282783021629
"llr_colorlasttwodigit_x_productGroup_rrp_of_1digit",-0.0151282783021629
"llr_customerID_x_any_holiday",-0.0151282783021629
"llr_deviceID_x_colorlastthree",-0.0151282783021629
"llr_deviceID_x_colorlastthreesum",-0.0151282783021629
"llr_deviceID_x_max_freq_color_code",-0.0151282783021629
"llr_deviceID_x_repeatOrderSameSize",-0.0151282783021629
"llr_deviceID_x_repeat_article",-0.0151282783021629
"llr_deviceID_x_sameProductDiffSize",-0.0151282783021629
"llr_deviceID_x_voucher_Amount_coupon",-0.0151282783021629
"llr_dow_x_cluster_articleID_by_rrp_productgroup",-0.0151282783021629
"llr_dow_x_colorlastthree",-0.0151282783021629
"llr_dow_x_colorlastthreesum",-0.0151282783021629
"llr_dow_x_repeatOrderSameSize",-0.0151282783021629
"llr_dow_x_repeat_article",-0.0203055518567232
"llr_extreme_size_x_newproductgrouprrptwodigits_1",-0.0203055518567232
"llr_legal_holiday_x_repeat_color",-0.0203055518567232
"llr_max_freq_color_code_x_productGroup_rrp_of_100digit",-0.0203055518567232
"llr_max_freq_paymeth_letters_by_custome_x_productGroup_rrp_of_10digit",-0.0203055518567232
"llr_num_color_by_articleID_productgroup_x_extreme_size",-0.0203055518567232
"llr_pattern_paste_numofcolor_numofsize_by_article_productgroup_x_productGroup_article_t_h",-0.0203055518567232
"llr_paymentMethod_x_sameArticleDiffSize",-0.0203055518567232
"llr_paymentMethod_x_sameProductDiffSize",-0.0203055518567232
"llr_paymentMethod_x_unitprice_vary_within_month_by_articleID",-0.0544558760816662
"llr_productGroup_article_t_h_x_productGroup_rrp_of_1digit",-0.0544558760816662
"llr_productGroup_x_dow",-0.0606441912686321
"llr_productGroup_x_max_freq_color_code",-0.0606441912686321
"llr_productGroup_x_sameArticleDiffColor",-0.0606441912686321
"llr_repeatOrderSameSize_x_max_freq_paymeth_letters_by_custome",-0.0606441912686321
"llr_repeatOrderSameSize_x_sameArticleDiffColor",-0.0606441912686321
"llr_repeatOrderSameSize_x_voucher_Amount_coupon",-0.0606441912686321
"llr_repeat_article_x_article_t_h",-0.0606441912686321
"llr_repeat_article_x_colorlastthreesum",-0.0606441912686321
"llr_repeat_article_x_colorlasttwodigit",-0.0606441912686321
"llr_repeat_article_x_unitprice_vary_within_month_by_articleID",-0.0606441912686321
"llr_repeat_color_x_productGroup_rrp_of_1digit",-0.0606441912686321
"llr_repeat_color_x_repeat_size",-0.0606441912686321
"llr_repeat_color_x_unitprice_vary_within_month_by_articleID",-0.0606441912686321
"llr_repeat_product_x_max_freq_color_code",-0.0663879467726599
"llr_repeat_product_x_productGroup_rrp_of_100digit",-0.0663879467726599
"llr_repeat_product_x_productGroup_rrp_of_1digit",-0.0715652203272201
"llr_repeat_size_x_colorlastthree",-0.0715652203272201
"llr_repeat_size_x_newproductgrouprrptwodigits_1",-0.0715652203272201
"llr_sameArticleDiffColor_x_colorlastthree",-0.0715652203272201
"llr_sameArticleDiffColor_x_sameProductDiffSize",-0.0715652203272201
"llr_sameArticleDiffSize_x_colorhundreddigit",-0.0715652203272201
"llr_sameArticleDiffSize_x_max_freq_color_code",-0.0715652203272201
"llr_sameProductDiffSize_x_any_holiday",-0.0715652203272201
"llr_sameProductDiffSize_x_colorlasttwodigit",-0.0715652203272201
"llr_sameProductDiffSize_x_legal_holiday",-0.0715652203272201
"llr_sameProductDiffSize_x_max_freq_color_code",-0.0715652203272201
"llr_sameProductDiffSize_x_repeat_product",-0.0715652203272201
"llr_sizeCode_x_colorhundreddigit",-0.0715652203272201
"llr_sizeCode_x_colorlasttwodigit",-0.0715652203272201
"llr_sizeCode_x_deviceID",-0.0715652203272201
"llr_sizeCode_x_max_freq_color_code",-0.0715652203272201
"llr_sizeCode_x_newproductgrouprrptwodigits_1",-0.0715652203272201
"llr_sizeCode_x_num_color_by_articleID_productgroup",-0.0715652203272201
"llr_sizeCode_x_voucherID",-0.0715652203272201
"llr_sizeCode_x_week",-0.0715652203272201
"llr_unitprice_vary_within_month_by_articleID_x_extreme_size",-0.0715652203272201
"llr_unitprice_vary_within_week_by_articleID_x_extreme_size",-0.077753535514186
"llr_voucherID_x_colorlastthreesum",-0.077753535514186
"llr_voucherID_x_extreme_size",-0.077753535514186
"llr_voucherID_x_legal_holiday",-0.077753535514186
"llr_voucherID_x_max_freq_paymeth_letters_by_custome",-0.077753535514186
"llr_voucherID_x_pattern_paste_numofcolor_numofsize_by_article_productgroup",-0.077753535514186
"llr_voucherID_x_paymentMethod",-0.077753535514186
"llr_voucherID_x_productGroup_rrp_of_1digit",-0.077753535514186
"llr_voucher_Amount_coupon_x_max_freq_color_code",-0.107211117700598
"llr_voucher_Amount_coupon_x_productGroup_rrp_of_100digit",-0.107211117700598
"llr_voucher_Amount_coupon_x_unitprice_vary_within_week_by_articleID",-0.112954873204626
"llr_week_x_any_holiday",-0.112954873204626
"llr_week_x_sameArticleDiffColor",-0.112954873204626
"llr_week_x_sameArticleDiffSize",-0.112954873204626
"llr_week_x_unitprice_vary_within_month_by_articleID",-0.118132146759186
"n_days_articleID",-0.118132146759186
"n_days_voucherArticle",-0.118132146759186
"time_between2",-0.118132146759186
"total_rrp0_by_articleID",-0.118132146759186
"vouchers_per_day",-0.118132146759186
"articleID_last3",-0.157088982858584
"avg_voucherAmt_per_day",-0.157088982858584
"diff_rrp_min_unitprice",-0.157088982858584
"llr_any_holiday_x_article_t_h",-0.157088982858584
"llr_any_holiday_x_newproductgrouprrptwodigits_1",-0.157088982858584
"llr_any_holiday_x_unitprice_vary_within_month_by_articleID",-0.157088982858584
"llr_articleID_x_deviceID",-0.157088982858584
"llr_articleID_x_unitprice_vary_within_week_by_articleID",-0.157088982858584
"llr_article_t_h_x_extreme_size",-0.157088982858584
"llr_colorCode_x_deviceID",-0.16327729804555
"llr_colorCode_x_extreme_size",-0.16327729804555
"llr_colorCode_x_newproductgrouprrptwodigits_1",-0.16327729804555
"llr_colorCode_x_productGroup",-0.16327729804555
"llr_colorCode_x_voucherID",-0.16327729804555
"llr_colorhundreddigit_x_cluster_articleID_by_rrp_productgroup",-0.16327729804555
"llr_colorhundreddigit_x_max_freq_color_code",-0.16327729804555
"llr_colorhundreddigit_x_max_freq_paymeth_letters_by_custome",-0.16327729804555
"llr_colorlastthree_x_num_size_by_articleID_productgroup",-0.16327729804555
"llr_colorlastthree_x_pattern_paste_numofcolor_numofsize_by_article_productgroup",-0.16327729804555
"llr_colorlastthree_x_productGroup_article_t_h",-0.174198327104138
"llr_colorlastthree_x_productGroup_rrp_of_100digit",-0.174198327104138
"llr_colorlastthree_x_productGroup_rrp_of_1digit",-0.174198327104138
"llr_colorlastthreesum_x_pattern_paste_numofcolor_numofsize_by_article_productgroup",-0.174198327104138
"llr_colorlasttwodigit_x_article_t_h",-0.174198327104138
"llr_colorlasttwodigit_x_cluster_articleID_by_rrp_productgroup",-0.174198327104138
"llr_colorlasttwodigit_x_max_freq_paymeth_letters_by_custome",-0.174198327104138
"llr_colorlasttwodigit_x_productGroup_article_t_h",-0.174198327104138
"llr_colorlasttwodigit_x_productGroup_rrp_of_100digit",-0.174198327104138
"llr_colorlasttwodigit_x_productGroup_rrp_of_10digit",-0.174198327104138
"llr_customerID_x_colorlastthree",-0.174198327104138
"llr_deviceID_x_cluster_articleID_by_rrp_productgroup",-0.174198327104138
"llr_deviceID_x_colorlasttwodigit",-0.174198327104138
"llr_deviceID_x_general_holiday",-0.174198327104138
"llr_deviceID_x_num_color_by_articleID_productgroup",-0.174198327104138
"llr_deviceID_x_num_size_by_articleID_productgroup",-0.174198327104138
"llr_deviceID_x_productGroup_article_t_h",-0.174198327104138
"llr_deviceID_x_productGroup_rrp_of_1digit",-0.174198327104138
"llr_deviceID_x_repeat_product",-0.174198327104138
"llr_deviceID_x_repeat_size",-0.174198327104138
"llr_dow",-0.174198327104138
"llr_dow_x_colorhundreddigit",-0.174198327104138
"llr_dow_x_repeat_product",-0.174198327104138
"llr_extreme_size_x_productGroup_rrp_of_100digit",-0.174198327104138
"llr_general_holiday_x_colorhundreddigit",-0.180386642291104
"llr_general_holiday_x_colorlastthreesum",-0.180386642291104
"llr_general_holiday_x_max_freq_color_code",-0.186130397795131
"llr_general_holiday_x_num_size_by_articleID_productgroup",-0.186130397795131
"llr_general_holiday_x_voucher_Amount_coupon",-0.186130397795131
"llr_legal_holiday_x_unitprice_vary_within_month_by_articleID",-0.186130397795131
"llr_max_freq_paymeth_letters_by_custome_x_productGroup_rrp_of_1digit",-0.186130397795131
"llr_num_color_by_articleID_productgroup_x_article_t_h",-0.186130397795131
"llr_num_color_by_articleID_productgroup_x_newproductgrouprrptwodigits_1",-0.186130397795131
"llr_num_color_by_articleID_productgroup_x_productGroup_article_t_h",-0.186130397795131
"llr_num_size_by_articleID_productgroup_x_article_t_h",-0.191307671349692
"llr_num_size_by_articleID_productgroup_x_max_freq_color_code",-0.191307671349692
"llr_num_size_by_articleID_productgroup_x_productGroup_article_t_h",-0.191307671349692
"llr_pattern_paste_numofcolor_numofsize_by_article_productgroup_x_extreme_size",-0.191307671349692
"llr_pattern_paste_numofcolor_numofsize_by_article_productgroup_x_max_freq_paymeth_letters_by_custome",-0.191307671349692
"llr_pattern_paste_numofcolor_numofsize_by_article_productgroup_x_newproductgrouprrptwodigits_1",-0.191307671349692
"llr_pattern_paste_numofcolor_numofsize_by_article_productgroup_x_unitprice_vary_within_month_by_articleID",-0.225457995574635
"llr_pattern_paste_numofcolor_numofsize_by_article_productgroup_x_unitprice_vary_within_week_by_articleID",-0.225457995574635
"llr_paymentMethod_x_colorhundreddigit",-0.225457995574635
"llr_paymentMethod_x_dow",-0.225457995574635
"llr_paymentMethod_x_extreme_size",-0.225457995574635
"llr_paymentMethod_x_num_color_by_articleID_productgroup",-0.225457995574635
"llr_paymentMethod_x_productGroup_rrp_of_10digit",-0.225457995574635
"llr_paymentMethod_x_week",-0.225457995574635
"llr_productGroup",-0.225457995574635
"llr_productGroup_article_t_h_x_newproductgrouprrptwodigits_1",-0.225457995574635
"llr_productGroup_x_article_t_h",-0.225457995574635
"llr_productGroup_x_colorlastthreesum",-0.225457995574635
"llr_productGroup_x_deviceID",-0.225457995574635
"llr_productGroup_x_extreme_size",-0.225457995574635
"llr_productGroup_x_repeat_product",-0.225457995574635
"llr_productGroup_x_sameArticleDiffSize",-0.225457995574635
"llr_productGroup_x_voucher_Amount_coupon",-0.225457995574635
"llr_repeatOrderSameSize_x_cluster_articleID_by_rrp_productgroup",-0.225457995574635
"llr_repeatOrderSameSize_x_repeat_article",-0.225457995574635
"llr_repeatOrderSameSize_x_repeat_size",-0.225457995574635
"llr_repeat_article_x_max_freq_color_code",-0.225457995574635
"llr_repeat_article_x_max_freq_paymeth_letters_by_custome",-0.225457995574635
"llr_repeat_color_x_colorlastthree",-0.225457995574635
"llr_repeat_color_x_max_freq_paymeth_letters_by_custome",-0.231201751078662
"llr_repeat_color_x_pattern_paste_numofcolor_numofsize_by_article_productgroup",-0.231201751078662
"llr_repeat_color_x_voucher_Amount_coupon",-0.231201751078662
"llr_repeat_product_x_colorlastthreesum",-0.231201751078662
"llr_repeat_product_x_max_freq_paymeth_letters_by_custome",-0.231201751078662
"llr_repeat_product_x_newproductgrouprrptwodigits_1",-0.231201751078662
"llr_repeat_product_x_pattern_paste_numofcolor_numofsize_by_article_productgroup",-0.231201751078662
"llr_repeat_product_x_unitprice_vary_within_month_by_articleID",-0.231201751078662
"llr_repeat_product_x_unitprice_vary_within_week_by_articleID",-0.231201751078662
"llr_repeat_size_x_article_t_h",-0.266847648452041
"llr_repeat_size_x_colorlasttwodigit",-0.266847648452041
"llr_repeat_size_x_productGroup_article_t_h",-0.266847648452041
"llr_repeat_size_x_repeat_product",-0.266847648452041
"llr_repeat_size_x_voucher_Amount_coupon",-0.266847648452041
"llr_sameArticleDiffColor_x_any_holiday",-0.266847648452041
"llr_sameArticleDiffColor_x_colorhundreddigit",-0.266847648452041
"llr_sameArticleDiffColor_x_general_holiday",-0.266847648452041
"llr_sameArticleDiffColor_x_productGroup_article_t_h",-0.266847648452041
"llr_sameArticleDiffColor_x_productGroup_rrp_of_100digit",-0.266847648452041
"llr_sameArticleDiffColor_x_productGroup_rrp_of_10digit",-0.266847648452041
"llr_sameArticleDiffColor_x_repeat_color",-0.266847648452041
"llr_sameArticleDiffColor_x_repeat_size",-0.266847648452041
"llr_sameArticleDiffSize_x_num_size_by_articleID_productgroup",-0.272024922006601
"llr_sameArticleDiffSize_x_pattern_paste_numofcolor_numofsize_by_article_productgroup",-0.272024922006601
"llr_sameArticleDiffSize_x_repeat_article",-0.272024922006601
"llr_sameArticleDiffSize_x_unitprice_vary_within_week_by_articleID",-0.272024922006601
"llr_sameArticleDiffSize_x_voucher_Amount_coupon",-0.272024922006601
"llr_sameProductDiffSize_x_extreme_size",-0.272024922006601
"llr_sameProductDiffSize_x_general_holiday",-0.272024922006601
"llr_sameProductDiffSize_x_newproductgrouprrptwodigits_1",-0.272024922006601
"llr_sameProductDiffSize_x_pattern_paste_numofcolor_numofsize_by_article_productgroup",-0.272024922006601
"llr_sizeCode_x_colorlastthreesum",-0.272024922006601
"llr_sizeCode_x_paymentMethod",-0.272024922006601
"llr_sizeCode_x_productGroup",-0.272024922006601
"llr_sizeCode_x_productGroup_rrp_of_1digit",-0.272024922006601
"llr_sizeCode_x_repeat_color",-0.272024922006601
"llr_sizeCode_x_repeat_product",-0.272024922006601
"llr_sizeCode_x_sameArticleDiffColor",-0.272024922006601
"llr_sizeCode_x_sameProductDiffSize",-0.272024922006601
"llr_sizeCode_x_unitprice_vary_within_month_by_articleID",-0.272024922006601
"llr_unitprice_vary_within_month_by_articleID_x_article_t_h",-0.272024922006601
"llr_voucherID_x_cluster_articleID_by_rrp_productgroup",-0.272024922006601
"llr_voucherID_x_colorlastthree",-0.272024922006601
"llr_voucherID_x_colorlasttwodigit",-0.272024922006601
"llr_voucherID_x_productGroup_rrp_of_100digit",-0.272024922006601
"llr_voucherID_x_repeatOrderSameSize",-0.272024922006601
"llr_voucherID_x_sameArticleDiffColor",-0.272024922006601
"llr_week_x_colorlastthreesum",-0.277768677510629
"llr_week_x_colorlasttwodigit",-0.277768677510629
"llr_week_x_productGroup_article_t_h",-0.277768677510629
"llr_week_x_productGroup_rrp_of_1digit",-0.277768677510629
"llr_week_x_repeat_color",-0.277768677510629
"llr_week_x_repeat_size",-0.277768677510629
"total_rrp_per_day",-0.277768677510629
"articles_per_day",-0.316725513610026
"llr_any_holiday_x_colorhundreddigit",-0.316725513610026
"llr_any_holiday_x_max_freq_color_code",-0.316725513610026
"llr_any_holiday_x_num_color_by_articleID_productgroup",-0.316725513610026
"llr_any_holiday_x_productGroup_article_t_h",-0.316725513610026
"llr_any_holiday_x_repeat_product",-0.316725513610026
"llr_any_holiday_x_unitprice_vary_within_week_by_articleID",-0.316725513610026
"llr_articleID_x_num_color_by_articleID_productgroup",-0.316725513610026
"llr_article_t_h",-0.316725513610026
"llr_article_t_h_x_newproductgrouprrptwodigits_1",-0.316725513610026
"llr_article_t_h_x_productGroup_article_t_h",-0.316725513610026
"llr_article_t_h_x_productGroup_rrp_of_1digit",-0.316725513610026
"llr_cluster_articleID_by_rrp_productgroup_x_extreme_size",-0.316725513610026
"llr_cluster_articleID_by_rrp_productgroup_x_max_freq_paymeth_letters_by_custome",-0.316725513610026
"llr_colorCode",-0.316725513610026
"llr_colorCode_x_general_holiday",-0.316725513610026
"llr_colorCode_x_productGroup_article_t_h",-0.316725513610026
"llr_colorCode_x_repeatOrderSameSize",-0.316725513610026
"llr_colorCode_x_repeat_size",-0.321902787164586
"llr_colorCode_x_sameProductDiffSize",-0.321902787164586
"llr_colorCode_x_unitprice_vary_within_month_by_articleID",-0.321902787164586
"llr_colorCode_x_voucher_Amount_coupon",-0.321902787164586
"llr_colorhundreddigit",-0.321902787164586
"llr_colorhundreddigit_x_productGroup_article_t_h",-0.321902787164586
"llr_colorlastthree_x_article_t_h",-0.328091102351552
"llr_colorlastthree_x_cluster_articleID_by_rrp_productgroup",-0.328091102351552
"llr_colorlastthree_x_extreme_size",-0.328091102351552
"llr_colorlastthree_x_max_freq_color_code",-0.328091102351552
"llr_colorlastthree_x_max_freq_paymeth_letters_by_custome",-0.328091102351552
"llr_colorlastthree_x_newproductgrouprrptwodigits_1",-0.328091102351552
"llr_colorlastthreesum_x_newproductgrouprrptwodigits_1",-0.328091102351552
"llr_colorlastthreesum_x_num_color_by_articleID_productgroup",-0.328091102351552
"llr_colorlastthreesum_x_num_size_by_articleID_productgroup",-0.328091102351552
"llr_colorlastthreesum_x_productGroup_rrp_of_100digit",-0.328091102351552
"llr_colorlastthreesum_x_unitprice_vary_within_month_by_articleID",-0.328091102351552
"llr_colorlastthreesum_x_unitprice_vary_within_week_by_articleID",-0.328091102351552
"llr_colorlasttwodigit_x_max_freq_color_code",-0.328091102351552
"llr_colorlasttwodigit_x_num_color_by_articleID_productgroup",-0.328091102351552
"llr_colorlasttwodigit_x_pattern_paste_numofcolor_numofsize_by_article_productgroup",-0.328091102351552
"llr_colorlasttwodigit_x_unitprice_vary_within_month_by_articleID",-0.328091102351552
"llr_colorlasttwodigit_x_voucher_Amount_coupon",-0.328091102351552
"llr_customerID_x_colorlasttwodigit",-0.328091102351552
"llr_deviceID",-0.328091102351552
"llr_deviceID_x_binned_new_productGroup_option_1",-0.328091102351552
"llr_deviceID_x_legal_holiday",-0.328091102351552
"llr_deviceID_x_productGroup_rrp_of_10digit",-0.328091102351552
"llr_dow_x_extreme_size",-0.328091102351552
"llr_dow_x_productGroup_article_t_h",-0.328091102351552
"llr_dow_x_productGroup_rrp_of_1digit",-0.328091102351552
"llr_dow_x_unitprice_vary_within_week_by_articleID",-0.362241426576495
"llr_extreme_size_x_productGroup_rrp_of_1digit",-0.362241426576495
"llr_general_holiday_x_colorlastthree",-0.362241426576495
"llr_general_holiday_x_colorlasttwodigit",-0.362241426576495
"llr_general_holiday_x_repeat_product",-0.367985182080523
"llr_general_holiday_x_unitprice_vary_within_month_by_articleID",-0.367985182080523
"llr_legal_holiday_x_article_t_h",-0.367985182080523
"llr_legal_holiday_x_cluster_articleID_by_rrp_productgroup",-0.367985182080523
"llr_legal_holiday_x_colorhundreddigit",-0.367985182080523
"llr_legal_holiday_x_max_freq_color_code",-0.367985182080523
"llr_legal_holiday_x_max_freq_paymeth_letters_by_custome",-0.367985182080523
"llr_legal_holiday_x_newproductgrouprrptwodigits_1",-0.367985182080523
"llr_legal_holiday_x_num_size_by_articleID_productgroup",-0.367985182080523
"llr_legal_holiday_x_repeat_product",-0.367985182080523
"llr_legal_holiday_x_repeat_size",-0.367985182080523
"llr_legal_holiday_x_unitprice_vary_within_week_by_articleID",-0.367985182080523
"llr_max_freq_color_code",-0.367985182080523
"llr_max_freq_paymeth_letters_by_custome",-0.367985182080523
"llr_max_freq_paymeth_letters_by_custome_x_extreme_size",-0.367985182080523
"llr_max_freq_paymeth_letters_by_custome_x_max_freq_color_code",-0.367985182080523
"llr_max_freq_paymeth_letters_by_custome_x_productGroup_rrp_of_100digit",-0.373162455635083
"llr_num_color_by_articleID_productgroup",-0.373162455635083
"llr_num_color_by_articleID_productgroup_x_cluster_articleID_by_rrp_productgroup",-0.373162455635083
"llr_num_color_by_articleID_productgroup_x_max_freq_color_code",-0.373162455635083
"llr_num_color_by_articleID_productgroup_x_productGroup_rrp_of_100digit",-0.373162455635083
"llr_num_color_by_articleID_productgroup_x_productGroup_rrp_of_10digit",-0.373162455635083
"llr_num_size_by_articleID_productgroup",-0.373162455635083
"llr_num_size_by_articleID_productgroup_x_unitprice_vary_within_week_by_articleID",-0.402620037821496
"llr_pattern_paste_numofcolor_numofsize_by_article_productgroup_x_article_t_h",-0.402620037821496
"llr_pattern_paste_numofcolor_numofsize_by_article_productgroup_x_max_freq_color_code",-0.402620037821496
"llr_pattern_paste_numofcolor_numofsize_by_article_productgroup_x_productGroup_rrp_of_10digit",-0.402620037821496
"llr_paymentMethod",-0.402620037821496
"llr_paymentMethod_x_colorlastthree",-0.402620037821496
"llr_paymentMethod_x_colorlasttwodigit",-0.402620037821496
"llr_paymentMethod_x_legal_holiday",-0.402620037821496
"llr_paymentMethod_x_repeat_product",-0.402620037821496
"llr_productGroup_x_colorlastthree",-0.402620037821496
"llr_productGroup_x_colorlasttwodigit",-0.402620037821496
"llr_productGroup_x_max_freq_paymeth_letters_by_custome",-0.402620037821496
"llr_productGroup_x_repeatOrderSameSize",-0.402620037821496
"llr_productGroup_x_repeat_article",-0.402620037821496
"llr_productGroup_x_repeat_color",-0.402620037821496
"llr_productGroup_x_unitprice_vary_within_month_by_articleID",-0.402620037821496
"llr_productGroup_x_week",-0.402620037821496
"llr_repeatOrderSameSize_x_colorhundreddigit",-0.402620037821496
"llr_repeatOrderSameSize_x_colorlastthree",-0.402620037821496
"llr_repeatOrderSameSize_x_legal_holiday",-0.402620037821496
"llr_repeatOrderSameSize_x_max_freq_color_code",-0.402620037821496
"llr_repeatOrderSameSize_x_pattern_paste_numofcolor_numofsize_by_article_productgroup",-0.402620037821496
"llr_repeatOrderSameSize_x_productGroup_article_t_h",-0.402620037821496
"llr_repeatOrderSameSize_x_sameProductDiffSize",-0.402620037821496
"llr_repeatOrderSameSize_x_unitprice_vary_within_month_by_articleID",-0.402620037821496
"llr_repeatOrderSameSize_x_unitprice_vary_within_week_by_articleID",-0.402620037821496
"llr_repeat_article_x_cluster_articleID_by_rrp_productgroup",-0.402620037821496
"llr_repeat_article_x_colorlastthree",-0.402620037821496
"llr_repeat_article_x_pattern_paste_numofcolor_numofsize_by_article_productgroup",-0.402620037821496
"llr_repeat_article_x_productGroup_article_t_h",-0.402620037821496
"llr_repeat_article_x_productGroup_rrp_of_10digit",-0.402620037821496
"llr_repeat_article_x_unitprice_vary_within_week_by_articleID",-0.402620037821496
"llr_repeat_article_x_voucher_Amount_coupon",-0.402620037821496
"llr_repeat_color_x_cluster_articleID_by_rrp_productgroup",-0.402620037821496
"llr_repeat_color_x_colorhundreddigit",-0.402620037821496
"llr_repeat_color_x_colorlastthreesum",-0.402620037821496
"llr_repeat_color_x_extreme_size",-0.402620037821496
"llr_repeat_color_x_newproductgrouprrptwodigits_1",-0.402620037821496
"llr_repeat_color_x_productGroup_article_t_h",-0.402620037821496
"llr_repeat_color_x_productGroup_rrp_of_100digit",-0.408363793325524
"llr_repeat_color_x_productGroup_rrp_of_10digit",-0.408363793325524
"llr_repeat_color_x_repeat_product",-0.408363793325524
"llr_repeat_product_x_colorlasttwodigit",-0.408363793325524
"llr_repeat_product_x_voucher_Amount_coupon",-0.408363793325524
"llr_repeat_size_x_num_color_by_articleID_productgroup",-0.408363793325524
"llr_repeat_size_x_pattern_paste_numofcolor_numofsize_by_article_productgroup",-0.408363793325524
"llr_sameArticleDiffColor_x_article_t_h",-0.408363793325524
"llr_sameArticleDiffColor_x_colorlasttwodigit",-0.408363793325524
"llr_sameArticleDiffColor_x_max_freq_paymeth_letters_by_custome",-0.408363793325524
"llr_sameArticleDiffColor_x_productGroup_rrp_of_1digit",-0.408363793325524
"llr_sameArticleDiffColor_x_repeat_article",-0.408363793325524
"llr_sameArticleDiffColor_x_repeat_product",-0.408363793325524
"llr_sameArticleDiffColor_x_voucher_Amount_coupon",-0.408363793325524
"llr_sameArticleDiffSize_x_binned_new_productGroup_option_1",-0.408363793325524
"llr_sameArticleDiffSize_x_colorlasttwodigit",-0.41455210851249
"llr_sameArticleDiffSize_x_general_holiday",-0.41455210851249
"llr_sameArticleDiffSize_x_legal_holiday",-0.41455210851249
"llr_sameArticleDiffSize_x_productGroup_rrp_of_10digit",-0.41455210851249
"llr_sameArticleDiffSize_x_unitprice_vary_within_month_by_articleID",-0.41455210851249
"llr_sameProductDiffSize_x_colorlastthree",-0.41455210851249
"llr_sameProductDiffSize_x_colorlastthreesum",-0.41455210851249
"llr_sameProductDiffSize_x_max_freq_paymeth_letters_by_custome",-0.41455210851249
"llr_sameProductDiffSize_x_num_size_by_articleID_productgroup",-0.41455210851249
"llr_sameProductDiffSize_x_productGroup_rrp_of_1digit",-0.41455210851249
"llr_sameProductDiffSize_x_repeat_color",-0.41455210851249
"llr_sizeCode_x_cluster_articleID_by_rrp_productgroup",-0.41455210851249
"llr_sizeCode_x_general_holiday",-0.41455210851249
"llr_sizeCode_x_max_freq_paymeth_letters_by_custome",-0.41455210851249
"llr_sizeCode_x_num_size_by_articleID_productgroup",-0.41455210851249
"llr_sizeCode_x_productGroup_rrp_of_100digit",-0.41455210851249
"llr_sizeCode_x_productGroup_rrp_of_10digit",-0.41455210851249
"llr_sizeCode_x_unitprice_vary_within_week_by_articleID",-0.41455210851249
"llr_sizeCode_x_voucher_Amount_coupon",-0.41455210851249
"llr_unitprice_vary_within_month_by_articleID_x_newproductgrouprrptwodigits_1",-0.41455210851249
"llr_unitprice_vary_within_month_by_articleID_x_productGroup_rrp_of_10digit",-0.41972938206705
"llr_unitprice_vary_within_week_by_articleID",-0.41972938206705
"llr_unitprice_vary_within_week_by_articleID_x_cluster_articleID_by_rrp_productgroup",-0.41972938206705
"llr_unitprice_vary_within_week_by_articleID_x_max_freq_color_code",-0.41972938206705
"llr_unitprice_vary_within_week_by_articleID_x_productGroup_article_t_h",-0.41972938206705
"llr_voucherID",-0.41972938206705
"llr_voucherID_x_article_t_h",-0.41972938206705
"llr_voucherID_x_general_holiday",-0.41972938206705
"llr_voucherID_x_max_freq_color_code",-0.41972938206705
"llr_voucherID_x_productGroup_article_t_h",-0.41972938206705
"llr_voucherID_x_repeat_color",-0.41972938206705
"llr_voucherID_x_sameArticleDiffSize",-0.41972938206705
"llr_voucher_Amount_coupon_x_article_t_h",-0.41972938206705
"llr_voucher_Amount_coupon_x_newproductgrouprrptwodigits_1",-0.41972938206705
"llr_voucher_Amount_coupon_x_num_color_by_articleID_productgroup",-0.41972938206705
"llr_voucher_Amount_coupon_x_pattern_paste_numofcolor_numofsize_by_article_productgroup",-0.41972938206705
"llr_week_x_binned_new_productGroup_option_1",-0.41972938206705
"llr_week_x_pattern_paste_numofcolor_numofsize_by_article_productgroup",-0.41972938206705
"llr_week_x_productGroup_rrp_of_100digit",-0.41972938206705
"repeat_article",-0.41972938206705
"runningTotalVoucherAmount",-0.41972938206705
"sameArticleDiffColor",-0.41972938206705
"sameArticleDiffSize",-0.41972938206705
"t.rrp",-0.41972938206705
"totalVoucher_per_meanTime",-0.41972938206705
"total_rrp_min_total_price_by_order",-0.41972938206705
"total_voucherAmt_per_day",-0.41972938206705
"voucherAmount_divided_ttal_rrp_by_order",-0.41972938206705
"avg_rrp_per_day",-0.458686218166448
"customer_per_day",-0.458686218166448
"repeatOrderSameSize",-0.458686218166448
"sameProductDiffSize",-0.458686218166448
"quantity_per_article",-0.458686218166448
"repeat_color",-0.458686218166448
"repeat_size",-0.458686218166448
"repeat_product",-0.458686218166448
"time_since_color_first_appearance",-0.458686218166448
"ratio_unitprice_divide_rrp",-0.458686218166448
"voucherAmount_divided_total_price_by_order",-0.458686218166448
"extreme_size",-0.458686218166448
"total_price_by_articleID",-0.458686218166448
"legal_holiday",-0.458686218166448
"general_holiday",-0.458686218166448
"any_holiday",-0.458686218166448
"llr_articleID_x_productGroup",-0.458686218166448
"llr_articleID_x_month",-0.458686218166448
"llr_articleID_x_general_holiday",-0.458686218166448
"llr_articleID_x_pattern_paste_numofcolor_numofsize_by_article_productgroup",-0.458686218166448
"llr_articleID_x_article_t_h",-0.458686218166448
"llr_articleID_x_cluster_articleID_by_rrp_productgroup",-0.458686218166448
"llr_articleID_x_max_freq_color_code",-0.458686218166448
"llr_articleID_x_newproductgrouprrptwodigits_1",-0.458686218166448
"llr_articleID_x_binned_new_productGroup_option_1",-0.458686218166448
"llr_articleID_x_productGroup_rrp_of_10digit",-0.458686218166448
"llr_articleID_x_productGroup_rrp_of_100digit",-0.458686218166448
"llr_articleID_x_productGroup_rrp_of_1digit",-0.458686218166448
"llr_colorCode_x_month",-0.458686218166448
"llr_colorCode_x_legal_holiday",-0.458686218166448
"llr_colorCode_x_repeat_product",-0.458686218166448
"llr_colorCode_x_colorhundreddigit",-0.458686218166448
"llr_colorCode_x_colorlastthree",-0.458686218166448
"llr_colorCode_x_colorlastthreesum",-0.458686218166448
"llr_colorCode_x_colorlasttwodigit",-0.458686218166448
"llr_colorCode_x_num_color_by_articleID_productgroup",-0.458686218166448
"llr_colorCode_x_num_size_by_articleID_productgroup",-0.458686218166448
"llr_colorCode_x_pattern_paste_numofcolor_numofsize_by_article_productgroup",-0.49283654239139
"llr_colorCode_x_max_freq_color_code",-0.49283654239139
"llr_colorCode_x_binned_new_productGroup_option_1",-0.49283654239139
"llr_colorCode_x_productGroup_rrp_of_10digit",-0.49283654239139
"llr_colorCode_x_productGroup_rrp_of_100digit",-0.49283654239139
"llr_sizeCode",-0.49283654239139
"llr_sizeCode_x_month",-0.49283654239139
"llr_sizeCode_x_repeatOrderSameSize",-0.49283654239139
"llr_sizeCode_x_legal_holiday",-0.49283654239139
"llr_sizeCode_x_any_holiday",-0.522294124577803
"llr_sizeCode_x_colorlastthree",-0.522294124577803
"llr_sizeCode_x_pattern_paste_numofcolor_numofsize_by_article_productgroup",-0.522294124577803
"llr_sizeCode_x_article_t_h",-0.522294124577803
"llr_sizeCode_x_productGroup_article_t_h",-0.522294124577803
"llr_sizeCode_x_binned_new_productGroup_option_1",-0.522294124577803
"llr_productGroup_x_voucherID",-0.522294124577803
"llr_productGroup_x_month",-0.522294124577803
"llr_productGroup_x_legal_holiday",-0.522294124577803
"llr_productGroup_x_general_holiday",-0.522294124577803
"llr_productGroup_x_any_holiday",-0.522294124577803
"llr_productGroup_x_repeat_size",-0.522294124577803
"llr_productGroup_x_colorhundreddigit",-0.522294124577803
"llr_productGroup_x_num_color_by_articleID_productgroup",-0.522294124577803
"llr_productGroup_x_num_size_by_articleID_productgroup",-0.522294124577803
"llr_productGroup_x_pattern_paste_numofcolor_numofsize_by_article_productgroup",-0.522294124577803
"llr_productGroup_x_productGroup_article_t_h",-0.522294124577803
"llr_productGroup_x_cluster_articleID_by_rrp_productgroup",-0.522294124577803
"llr_productGroup_x_newproductgrouprrptwodigits_1",-0.522294124577803
"llr_productGroup_x_binned_new_productGroup_option_1",-0.522294124577803
"llr_productGroup_x_productGroup_rrp_of_10digit",-0.522294124577803
"llr_productGroup_x_productGroup_rrp_of_100digit",-0.522294124577803
"llr_productGroup_x_productGroup_rrp_of_1digit",-0.522294124577803
"llr_voucherID_x_month",-0.522294124577803
"llr_voucherID_x_any_holiday",-0.522294124577803
"llr_voucherID_x_repeat_article",-0.522294124577803
"llr_voucherID_x_voucher_Amount_coupon",-0.522294124577803
"llr_voucherID_x_num_size_by_articleID_productgroup",-0.522294124577803
"llr_voucherID_x_newproductgrouprrptwodigits_1",-0.522294124577803
"llr_voucherID_x_binned_new_productGroup_option_1",-0.522294124577803
"llr_voucherID_x_productGroup_rrp_of_10digit",-0.522294124577803
"llr_customerID_x_month",-0.522294124577803
"llr_customerID_x_max_freq_paymeth_letters_by_custome",-0.522294124577803
"llr_customerID_x_productGroup_rrp_of_10digit",-0.522294124577803
"llr_deviceID_x_month",-0.522294124577803
"llr_deviceID_x_sameArticleDiffSize",-0.522294124577803
"llr_deviceID_x_colorhundreddigit",-0.522294124577803
"llr_deviceID_x_article_t_h",-0.522294124577803
"llr_deviceID_x_productGroup_rrp_of_100digit",-0.522294124577803
"llr_paymentMethod_x_month",-0.522294124577803
"llr_paymentMethod_x_repeatOrderSameSize",-0.522294124577803
"llr_paymentMethod_x_general_holiday",-0.522294124577803
"llr_paymentMethod_x_any_holiday",-0.522294124577803
"llr_paymentMethod_x_colorlastthreesum",-0.522294124577803
"llr_paymentMethod_x_voucher_Amount_coupon",-0.522294124577803
"llr_paymentMethod_x_num_size_by_articleID_productgroup",-0.522294124577803
"llr_paymentMethod_x_cluster_articleID_by_rrp_productgroup",-0.522294124577803
"llr_paymentMethod_x_max_freq_paymeth_letters_by_custome",-0.522294124577803
"llr_paymentMethod_x_binned_new_productGroup_option_1",-0.522294124577803
"llr_paymentMethod_x_productGroup_rrp_of_100digit",-0.522294124577803
"llr_month",-0.522294124577803
"llr_month_x_dow",-0.522294124577803
"llr_month_x_week",-0.522294124577803
"llr_month_x_repeatOrderSameSize",-0.522294124577803
"llr_month_x_sameArticleDiffSize",-0.522294124577803
"llr_month_x_sameArticleDiffColor",-0.522294124577803
"llr_month_x_sameProductDiffSize",-0.522294124577803
"llr_month_x_legal_holiday",-0.522294124577803
"llr_month_x_general_holiday",-0.522294124577803
"llr_month_x_any_holiday",-0.522294124577803
"llr_month_x_repeat_color",-0.522294124577803
"llr_month_x_repeat_size",-0.522294124577803
"llr_month_x_repeat_product",-0.522294124577803
"llr_month_x_repeat_article",-0.522294124577803
"llr_month_x_colorhundreddigit",-0.522294124577803
"llr_month_x_colorlastthree",-0.522294124577803
"llr_month_x_colorlastthreesum",-0.522294124577803
"llr_month_x_colorlasttwodigit",-0.522294124577803
"llr_month_x_voucher_Amount_coupon",-0.522294124577803
"llr_month_x_num_color_by_articleID_productgroup",-0.522294124577803
"llr_month_x_num_size_by_articleID_productgroup",-0.522294124577803
"llr_month_x_pattern_paste_numofcolor_numofsize_by_article_productgroup",-0.522294124577803
"llr_month_x_unitprice_vary_within_week_by_articleID",-0.522294124577803
"llr_month_x_unitprice_vary_within_month_by_articleID",-0.522294124577803
"llr_month_x_article_t_h",-0.522294124577803
"llr_month_x_productGroup_article_t_h",-0.522294124577803
"llr_month_x_cluster_articleID_by_rrp_productgroup",-0.522294124577803
"llr_month_x_max_freq_paymeth_letters_by_custome",-0.522294124577803
"llr_month_x_extreme_size",-0.522294124577803
"llr_month_x_max_freq_color_code",-0.522294124577803
"llr_month_x_newproductgrouprrptwodigits_1",-0.522294124577803
"llr_month_x_binned_new_productGroup_option_1",-0.522294124577803
"llr_month_x_productGroup_rrp_of_10digit",-0.522294124577803
"llr_month_x_productGroup_rrp_of_100digit",-0.522294124577803
"llr_month_x_productGroup_rrp_of_1digit",-0.522294124577803
"llr_dow_x_legal_holiday",-0.522294124577803
"llr_dow_x_general_holiday",-0.522294124577803
"llr_dow_x_any_holiday",-0.522294124577803
"llr_dow_x_colorlasttwodigit",-0.522294124577803
"llr_dow_x_voucher_Amount_coupon",-0.522294124577803
"llr_dow_x_num_size_by_articleID_productgroup",-0.522294124577803
"llr_dow_x_unitprice_vary_within_month_by_articleID",-0.522294124577803
"llr_dow_x_article_t_h",-0.522294124577803
"llr_dow_x_binned_new_productGroup_option_1",-0.522294124577803
"llr_dow_x_productGroup_rrp_of_10digit",-0.522294124577803
"llr_dow_x_productGroup_rrp_of_100digit",-0.522294124577803
"llr_week",-0.522294124577803
"llr_week_x_repeatOrderSameSize",-0.522294124577803
"llr_week_x_legal_holiday",-0.522294124577803
"llr_week_x_general_holiday",-0.522294124577803
"llr_week_x_repeat_product",-0.522294124577803
"llr_week_x_num_color_by_articleID_productgroup",-0.522294124577803
"llr_week_x_num_size_by_articleID_productgroup",-0.522294124577803
"llr_week_x_extreme_size",-0.522294124577803
"llr_week_x_productGroup_rrp_of_10digit",-0.522294124577803
"llr_repeatOrderSameSize_x_sameArticleDiffSize",-0.522294124577803
"llr_repeatOrderSameSize_x_general_holiday",-0.522294124577803
"llr_repeatOrderSameSize_x_any_holiday",-0.522294124577803
"llr_repeatOrderSameSize_x_repeat_color",-0.522294124577803
"llr_repeatOrderSameSize_x_colorlastthreesum",-0.522294124577803
"llr_repeatOrderSameSize_x_colorlasttwodigit",-0.522294124577803
"llr_repeatOrderSameSize_x_num_size_by_articleID_productgroup",-0.522294124577803
"llr_repeatOrderSameSize_x_article_t_h",-0.522294124577803
"llr_repeatOrderSameSize_x_newproductgrouprrptwodigits_1",-0.522294124577803
"llr_repeatOrderSameSize_x_binned_new_productGroup_option_1",-0.522294124577803
"llr_repeatOrderSameSize_x_productGroup_rrp_of_10digit",-0.522294124577803
"llr_repeatOrderSameSize_x_productGroup_rrp_of_100digit",-0.522294124577803
"llr_repeatOrderSameSize_x_productGroup_rrp_of_1digit",-0.522294124577803
"llr_sameArticleDiffSize_x_sameProductDiffSize",-0.522294124577803
"llr_sameArticleDiffSize_x_any_holiday",-0.522294124577803
"llr_sameArticleDiffSize_x_repeat_color",-0.522294124577803
"llr_sameArticleDiffSize_x_colorlastthree",-0.522294124577803
"llr_sameArticleDiffSize_x_colorlastthreesum",-0.522294124577803
"llr_sameArticleDiffSize_x_productGroup_rrp_of_100digit",-0.522294124577803
"llr_sameArticleDiffSize_x_productGroup_rrp_of_1digit",-0.522294124577803
"llr_sameArticleDiffColor_x_legal_holiday",-0.522294124577803
"llr_sameArticleDiffColor_x_num_size_by_articleID_productgroup",-0.522294124577803
"llr_sameArticleDiffColor_x_extreme_size",-0.522294124577803
"llr_sameArticleDiffColor_x_binned_new_productGroup_option_1",-0.522294124577803
"llr_sameProductDiffSize_x_voucher_Amount_coupon",-0.522294124577803
"llr_sameProductDiffSize_x_binned_new_productGroup_option_1",-0.522294124577803
"llr_sameProductDiffSize_x_productGroup_rrp_of_100digit",-0.522294124577803
"llr_legal_holiday_x_general_holiday",-0.522294124577803
"llr_legal_holiday_x_any_holiday",-0.522294124577803
"llr_legal_holiday_x_repeat_article",-0.522294124577803
"llr_legal_holiday_x_colorlastthree",-0.522294124577803
"llr_legal_holiday_x_colorlastthreesum",-0.522294124577803
"llr_legal_holiday_x_colorlasttwodigit",-0.522294124577803
"llr_legal_holiday_x_voucher_Amount_coupon",-0.522294124577803
"llr_legal_holiday_x_pattern_paste_numofcolor_numofsize_by_article_productgroup",-0.522294124577803
"llr_legal_holiday_x_productGroup_article_t_h",-0.522294124577803
"llr_legal_holiday_x_extreme_size",-0.522294124577803
"llr_legal_holiday_x_binned_new_productGroup_option_1",-0.522294124577803
"llr_legal_holiday_x_productGroup_rrp_of_10digit",-0.522294124577803
"llr_legal_holiday_x_productGroup_rrp_of_100digit",-0.522294124577803
"llr_legal_holiday_x_productGroup_rrp_of_1digit",-0.522294124577803
"llr_general_holiday_x_any_holiday",-0.522294124577803
"llr_general_holiday_x_repeat_color",-0.522294124577803
"llr_general_holiday_x_repeat_size",-0.522294124577803
"llr_general_holiday_x_repeat_article",-0.522294124577803
"llr_general_holiday_x_num_color_by_articleID_productgroup",-0.522294124577803
"llr_general_holiday_x_pattern_paste_numofcolor_numofsize_by_article_productgroup",-0.522294124577803
"llr_general_holiday_x_unitprice_vary_within_week_by_articleID",-0.522294124577803
"llr_general_holiday_x_article_t_h",-0.522294124577803
"llr_general_holiday_x_productGroup_article_t_h",-0.522294124577803
"llr_general_holiday_x_cluster_articleID_by_rrp_productgroup",-0.522294124577803
"llr_general_holiday_x_max_freq_paymeth_letters_by_custome",-0.522294124577803
"llr_general_holiday_x_extreme_size",-0.522294124577803
"llr_general_holiday_x_newproductgrouprrptwodigits_1",-0.522294124577803
"llr_general_holiday_x_binned_new_productGroup_option_1",-0.522294124577803
"llr_general_holiday_x_productGroup_rrp_of_10digit",-0.522294124577803
"llr_general_holiday_x_productGroup_rrp_of_100digit",-0.522294124577803
"llr_general_holiday_x_productGroup_rrp_of_1digit",-0.522294124577803
"llr_any_holiday_x_repeat_color",-0.522294124577803
"llr_any_holiday_x_repeat_article",-0.522294124577803
"llr_any_holiday_x_colorlastthree",-0.522294124577803
"llr_any_holiday_x_colorlastthreesum",-0.522294124577803
"llr_any_holiday_x_colorlasttwodigit",-0.522294124577803
"llr_any_holiday_x_voucher_Amount_coupon",-0.522294124577803
"llr_any_holiday_x_num_size_by_articleID_productgroup",-0.522294124577803
"llr_any_holiday_x_pattern_paste_numofcolor_numofsize_by_article_productgroup",-0.522294124577803
"llr_any_holiday_x_cluster_articleID_by_rrp_productgroup",-0.522294124577803
"llr_any_holiday_x_max_freq_paymeth_letters_by_custome",-0.522294124577803
"llr_any_holiday_x_extreme_size",-0.522294124577803
"llr_any_holiday_x_binned_new_productGroup_option_1",-0.522294124577803
"llr_any_holiday_x_productGroup_rrp_of_10digit",-0.522294124577803
"llr_any_holiday_x_productGroup_rrp_of_100digit",-0.522294124577803
"llr_any_holiday_x_productGroup_rrp_of_1digit",-0.522294124577803
"llr_repeat_color_x_colorlasttwodigit",-0.522294124577803
"llr_repeat_color_x_num_size_by_articleID_productgroup",-0.522294124577803
"llr_repeat_color_x_article_t_h",-0.522294124577803
"llr_repeat_color_x_binned_new_productGroup_option_1",-0.522294124577803
"llr_repeat_size_x_colorhundreddigit",-0.522294124577803
"llr_repeat_size_x_colorlastthreesum",-0.522294124577803
"llr_repeat_size_x_num_size_by_articleID_productgroup",-0.522294124577803
"llr_repeat_size_x_cluster_articleID_by_rrp_productgroup",-0.522294124577803
"llr_repeat_size_x_binned_new_productGroup_option_1",-0.522294124577803
"llr_repeat_size_x_productGroup_rrp_of_10digit",-0.522294124577803
"llr_repeat_size_x_productGroup_rrp_of_100digit",-0.522294124577803
"llr_repeat_size_x_productGroup_rrp_of_1digit",-0.522294124577803
"llr_repeat_product_x_repeat_article",-0.522294124577803
"llr_repeat_product_x_colorhundreddigit",-0.522294124577803
"llr_repeat_product_x_num_size_by_articleID_productgroup",-0.522294124577803
"llr_repeat_product_x_article_t_h",-0.522294124577803
"llr_repeat_product_x_productGroup_article_t_h",-0.522294124577803
"llr_repeat_product_x_cluster_articleID_by_rrp_productgroup",-0.522294124577803
"llr_repeat_product_x_binned_new_productGroup_option_1",-0.522294124577803
"llr_repeat_product_x_productGroup_rrp_of_10digit",-0.522294124577803
"llr_repeat_article_x_num_size_by_articleID_productgroup",-0.522294124577803
"llr_repeat_article_x_binned_new_productGroup_option_1",-0.522294124577803
"llr_repeat_article_x_productGroup_rrp_of_100digit",-0.522294124577803
"llr_colorhundreddigit_x_colorlastthree",-0.522294124577803
"llr_colorhundreddigit_x_colorlastthreesum",-0.522294124577803
"llr_colorhundreddigit_x_colorlasttwodigit",-0.522294124577803
"llr_colorhundreddigit_x_voucher_Amount_coupon",-0.522294124577803
"llr_colorhundreddigit_x_num_size_by_articleID_productgroup",-0.522294124577803
"llr_colorhundreddigit_x_pattern_paste_numofcolor_numofsize_by_article_productgroup",-0.522294124577803
"llr_colorhundreddigit_x_unitprice_vary_within_week_by_articleID",-0.522294124577803
"llr_colorhundreddigit_x_extreme_size",-0.522294124577803
"llr_colorhundreddigit_x_newproductgrouprrptwodigits_1",-0.522294124577803
"llr_colorhundreddigit_x_binned_new_productGroup_option_1",-0.522294124577803
"llr_colorhundreddigit_x_productGroup_rrp_of_10digit",-0.522294124577803
"llr_colorhundreddigit_x_productGroup_rrp_of_100digit",-0.522294124577803
"llr_colorhundreddigit_x_productGroup_rrp_of_1digit",-0.522294124577803
"llr_colorlastthree",-0.522294124577803
"llr_colorlastthree_x_colorlastthreesum",-0.522294124577803
"llr_colorlastthree_x_colorlasttwodigit",-0.522294124577803
"llr_colorlastthree_x_unitprice_vary_within_week_by_articleID",-0.522294124577803
"llr_colorlastthree_x_binned_new_productGroup_option_1",-0.522294124577803
"llr_colorlastthree_x_productGroup_rrp_of_10digit",-0.522294124577803
"llr_colorlastthreesum",-0.522294124577803
"llr_colorlastthreesum_x_colorlasttwodigit",-0.522294124577803
"llr_colorlastthreesum_x_max_freq_paymeth_letters_by_custome",-0.522294124577803
"llr_colorlastthreesum_x_extreme_size",-0.522294124577803
"llr_colorlastthreesum_x_binned_new_productGroup_option_1",-0.522294124577803
"llr_colorlastthreesum_x_productGroup_rrp_of_10digit",-0.522294124577803
"llr_colorlasttwodigit",-0.522294124577803
"llr_colorlasttwodigit_x_extreme_size",-0.522294124577803
"llr_colorlasttwodigit_x_binned_new_productGroup_option_1",-0.522294124577803
"llr_voucher_Amount_coupon",-0.522294124577803
"llr_voucher_Amount_coupon_x_productGroup_article_t_h",-0.522294124577803
"llr_voucher_Amount_coupon_x_cluster_articleID_by_rrp_productgroup",-0.522294124577803
"llr_voucher_Amount_coupon_x_max_freq_paymeth_letters_by_custome",-0.522294124577803
"llr_voucher_Amount_coupon_x_binned_new_productGroup_option_1",-0.522294124577803
"llr_voucher_Amount_coupon_x_productGroup_rrp_of_10digit",-0.522294124577803
"llr_voucher_Amount_coupon_x_productGroup_rrp_of_1digit",-0.522294124577803
"llr_num_color_by_articleID_productgroup_x_num_size_by_articleID_productgroup",-0.522294124577803
"llr_num_color_by_articleID_productgroup_x_pattern_paste_numofcolor_numofsize_by_article_productgroup",-0.522294124577803
"llr_num_color_by_articleID_productgroup_x_binned_new_productGroup_option_1",-0.522294124577803
"llr_num_color_by_articleID_productgroup_x_productGroup_rrp_of_1digit",-0.522294124577803
"llr_num_size_by_articleID_productgroup_x_pattern_paste_numofcolor_numofsize_by_article_productgroup",-0.522294124577803
"llr_num_size_by_articleID_productgroup_x_unitprice_vary_within_month_by_articleID",-0.522294124577803
"llr_num_size_by_articleID_productgroup_x_cluster_articleID_by_rrp_productgroup",-0.522294124577803
"llr_num_size_by_articleID_productgroup_x_max_freq_paymeth_letters_by_custome",-0.522294124577803
"llr_num_size_by_articleID_productgroup_x_extreme_size",-0.522294124577803
"llr_num_size_by_articleID_productgroup_x_newproductgrouprrptwodigits_1",-0.522294124577803
"llr_num_size_by_articleID_productgroup_x_binned_new_productGroup_option_1",-0.522294124577803
"llr_num_size_by_articleID_productgroup_x_productGroup_rrp_of_10digit",-0.522294124577803
"llr_num_size_by_articleID_productgroup_x_productGroup_rrp_of_100digit",-0.522294124577803
"llr_num_size_by_articleID_productgroup_x_productGroup_rrp_of_1digit",-0.522294124577803
"llr_pattern_paste_numofcolor_numofsize_by_article_productgroup",-0.522294124577803
"llr_pattern_paste_numofcolor_numofsize_by_article_productgroup_x_cluster_articleID_by_rrp_productgroup",-0.522294124577803
"llr_pattern_paste_numofcolor_numofsize_by_article_productgroup_x_binned_new_productGroup_option_1",-0.522294124577803
"llr_pattern_paste_numofcolor_numofsize_by_article_productgroup_x_productGroup_rrp_of_100digit",-0.522294124577803
"llr_pattern_paste_numofcolor_numofsize_by_article_productgroup_x_productGroup_rrp_of_1digit",-0.522294124577803
"llr_unitprice_vary_within_week_by_articleID_x_article_t_h",-0.522294124577803
"llr_unitprice_vary_within_week_by_articleID_x_newproductgrouprrptwodigits_1",-0.522294124577803
"llr_unitprice_vary_within_week_by_articleID_x_binned_new_productGroup_option_1",-0.522294124577803
"llr_unitprice_vary_within_week_by_articleID_x_productGroup_rrp_of_10digit",-0.522294124577803
"llr_unitprice_vary_within_week_by_articleID_x_productGroup_rrp_of_100digit",-0.522294124577803
"llr_unitprice_vary_within_week_by_articleID_x_productGroup_rrp_of_1digit",-0.522294124577803
"llr_unitprice_vary_within_month_by_articleID",-0.522294124577803
"llr_unitprice_vary_within_month_by_articleID_x_productGroup_article_t_h",-0.522294124577803
"llr_unitprice_vary_within_month_by_articleID_x_cluster_articleID_by_rrp_productgroup",-0.522294124577803
"llr_unitprice_vary_within_month_by_articleID_x_max_freq_paymeth_letters_by_custome",-0.522294124577803
"llr_unitprice_vary_within_month_by_articleID_x_binned_new_productGroup_option_1",-0.522294124577803
"llr_unitprice_vary_within_month_by_articleID_x_productGroup_rrp_of_100digit",-0.522294124577803
"llr_article_t_h_x_max_freq_color_code",-0.522294124577803
"llr_article_t_h_x_binned_new_productGroup_option_1",-0.522294124577803
"llr_article_t_h_x_productGroup_rrp_of_10digit",-0.522294124577803
"llr_article_t_h_x_productGroup_rrp_of_100digit",-0.522294124577803
"llr_productGroup_article_t_h",-0.522294124577803
"llr_productGroup_article_t_h_x_cluster_articleID_by_rrp_productgroup",-0.522294124577803
"llr_productGroup_article_t_h_x_extreme_size",-0.522294124577803
"llr_productGroup_article_t_h_x_binned_new_productGroup_option_1",-0.522294124577803
"llr_productGroup_article_t_h_x_productGroup_rrp_of_10digit",-0.522294124577803
"llr_productGroup_article_t_h_x_productGroup_rrp_of_100digit",-0.522294124577803
"llr_cluster_articleID_by_rrp_productgroup",-0.522294124577803
"llr_cluster_articleID_by_rrp_productgroup_x_newproductgrouprrptwodigits_1",-0.522294124577803
"llr_cluster_articleID_by_rrp_productgroup_x_binned_new_productGroup_option_1",-0.522294124577803
"llr_cluster_articleID_by_rrp_productgroup_x_productGroup_rrp_of_10digit",-0.522294124577803
"llr_cluster_articleID_by_rrp_productgroup_x_productGroup_rrp_of_100digit",-0.522294124577803
"llr_cluster_articleID_by_rrp_productgroup_x_productGroup_rrp_of_1digit",-0.522294124577803
"llr_max_freq_paymeth_letters_by_custome_x_binned_new_productGroup_option_1",-0.522294124577803
"llr_extreme_size_x_binned_new_productGroup_option_1",-0.522294124577803
"llr_extreme_size_x_productGroup_rrp_of_10digit",-0.522294124577803
"llr_max_freq_color_code_x_binned_new_productGroup_option_1",-0.522294124577803
"llr_max_freq_color_code_x_productGroup_rrp_of_10digit",-0.522294124577803
"llr_newproductgrouprrptwodigits_1",-0.522294124577803
"llr_newproductgrouprrptwodigits_1_x_binned_new_productGroup_option_1",-0.522294124577803
"llr_newproductgrouprrptwodigits_1_x_productGroup_rrp_of_10digit",-0.522294124577803
"llr_newproductgrouprrptwodigits_1_x_productGroup_rrp_of_100digit",-0.522294124577803
"llr_newproductgrouprrptwodigits_1_x_productGroup_rrp_of_1digit",-0.522294124577803
"llr_binned_new_productGroup_option_1",-0.522294124577803
"llr_binned_new_productGroup_option_1_x_productGroup_rrp_of_10digit",-0.522294124577803
"llr_binned_new_productGroup_option_1_x_productGroup_rrp_of_100digit",-0.522294124577803
"llr_binned_new_productGroup_option_1_x_productGroup_rrp_of_1digit",-0.522294124577803
"llr_productGroup_rrp_of_10digit",-0.522294124577803
"llr_productGroup_rrp_of_10digit_x_productGroup_rrp_of_100digit",-0.522294124577803
"llr_productGroup_rrp_of_10digit_x_productGroup_rrp_of_1digit",-0.522294124577803
"llr_productGroup_rrp_of_100digit",-0.522294124577803
"llr_productGroup_rrp_of_100digit_x_productGroup_rrp_of_1digit",-0.522294124577803
"llr_productGroup_rrp_of_1digit",-0.522294124577803
