"Features","splits"
"llr_articleID_x_customerID",5.97247997633976
"llr_sizeCode_x_customerID",3.54225777093041
"llr_colorCode_x_customerID",3.22712965852885
"llr_customerID_x_week",2.22750138317775
"customer_order_article_prop",2.07384338797238
"customer_order_color_prop",1.75636629491571
"customer_order_size_prop",1.47365451796696
"llr_customerID_x_voucher_Amount_coupon",1.43454782291987
"quantity",1.36269173101631
"llr_articleID_x_voucher_Amount_coupon",1.26345371997502
"llr_articleID_x_sizeCode",1.13706602546022
"llr_sizeCode_x_max_freq_color_code",1.04885959679806
"llr_customerID_x_dow",0.996446391501533
"customer_article_quantity",0.918498147194677
"t.price",0.903291158248145
"llr_articleID_x_voucherID",0.881845914081365
"llr_customerID_x_extreme_size",0.808147363358192
"total_rrp_min_total_price_by_order",0.777591703955972
"llr_customerID_x_repeat_size",0.772147989128792
"llr_customerID_x_pattern_paste_numofcolor_numofsize_by_article_productgroup",0.735289605151716
"llr_customerID_x_colorlastthreesum",0.713308594979231
"llr_customerID_x_article_t_h",0.694482132794159
"llr_customerID_x_num_color_by_articleID_productgroup",0.68132914988489
"llr_customerID_x_repeat_color",0.635919730262939
"llr_customerID_x_productGroup_article_t_h",0.625850454586506
"llr_voucherID_x_max_freq_color_code",0.610107699634269
"llr_customerID_x_colorlasttwodigit",0.598008031505432
"llr_customerID_x_num_size_by_articleID_productgroup",0.567317061994027
"llr_customerID_x_unitprice_vary_within_week_by_articleID",0.559048414321374
"discountProp",0.55519378028033
"llr_week_x_voucher_Amount_coupon",0.542252344588706
"llr_customerID",0.535549164117331
"llr_colorCode_x_sizeCode",0.525479888440898
"llr_sizeCode_x_week",0.516228766742392
"llr_repeat_article_x_voucher_Amount_coupon",0.504852798252045
"llr_voucher_Amount_coupon_x_max_freq_color_code",0.482171702025929
"llr_colorlastthree_x_voucher_Amount_coupon",0.474415206774122
"llr_customerID_x_colorhundreddigit",0.46429870392797
"llr_customerID_x_newproductgrouprrptwodigits_1",0.450586341428137
"voucherAmount_divided_ttal_rrp_by_order",0.438721834101804
"customer_size_quantity",0.436409053677177
"llr_colorlasttwodigit_x_voucher_Amount_coupon",0.430476800014011
"llr_customerID_x_colorlastthree",0.421972991538854
"llr_customerID_x_sameArticleDiffSize",0.418094743912951
"llr_voucher_Amount_coupon_x_unitprice_vary_within_month_by_articleID",0.418094743912951
"max_price_per_article",0.40905516943209
"llr_repeat_product_x_voucher_Amount_coupon",0.403611454604909
"llr_month_x_voucher_Amount_coupon",0.390976020470367
"llr_sizeCode_x_productGroup_article_t_h",0.387868699652673
"llr_customerID_x_cluster_articleID_by_rrp_productgroup",0.387097772844464
"llr_voucher_Amount_coupon_x_extreme_size",0.377287271555394
"llr_repeatOrderSameSize_x_voucher_Amount_coupon",0.368807076665097
"llr_customerID_x_unitprice_vary_within_month_by_articleID",0.365699755847402
"llr_sizeCode_x_colorhundreddigit",0.362592435029707
"llr_sizeCode_x_dow",0.356660181366541
"llr_week_x_repeatOrderSameSize",0.349650999338084
"llr_sizeCode_x_voucherID",0.34140596525029
"llr_articleID_x_unitprice_vary_within_week_by_articleID",0.325663210298054
"llr_sizeCode_x_colorlastthreesum",0.323326816288568
"customer_color_counts",0.317883101461388
"llr_colorCode_x_voucher_Amount_coupon",0.314004853835484
"llr_voucher_Amount_coupon_x_num_size_by_articleID_productgroup",0.314004853835484
"llr_customerID_x_repeat_article",0.310126606209581
"llr_repeat_size_x_max_freq_color_code",0.300316104920511
"llr_sizeCode_x_num_color_by_articleID_productgroup",0.291276530439649
"llr_voucher_Amount_coupon_x_pattern_paste_numofcolor_numofsize_by_article_productgroup",0.285832815612469
"llr_colorlasttwodigit_x_newproductgrouprrptwodigits_1",0.284290961996051
"llr_sizeCode_x_newproductgrouprrptwodigits_1",0.281954567986566
"llr_voucherID_x_article_t_h",0.281954567986566
"diff_rrp_min_unitprice",0.281183641178357
"llr_articleID_x_repeat_article",0.272914993505704
"llr_sizeCode_x_voucher_Amount_coupon",0.267494892263383
"llr_voucher_Amount_coupon_x_newproductgrouprrptwodigits_1",0.266723965455175
"llr_colorCode_x_num_color_by_articleID_productgroup",0.265953038646966
"llr_max_freq_paymeth_letters_by_custome_x_productGroup_rrp_of_1digit",0.26361664463748
"unit_price_minus_mean_price_by_articleID",0.257684390974313
"colors_db_total_quantity",0.254577070156619
"llr_articleID_x_dow",0.254577070156619
"customer_product_quantity",0.251469749338924
"llr_sizeCode_x_colorlastthree",0.249133355329438
"llr_colorlastthreesum_x_voucher_Amount_coupon",0.241659248049854
"llr_articleID_x_pattern_paste_numofcolor_numofsize_by_article_productgroup",0.237781000423951
"llr_productGroup_article_t_h_x_extreme_size",0.237781000423951
"llr_dow_x_max_freq_color_code",0.237010073615742
"llr_customerID_x_sameArticleDiffColor",0.233902752798047
"llr_repeat_size_x_voucher_Amount_coupon",0.233902752798047
"llr_sizeCode_x_article_t_h",0.233902752798047
"llr_customerID_x_max_freq_color_code",0.230795431980353
"llr_sizeCode_x_pattern_paste_numofcolor_numofsize_by_article_productgroup",0.230795431980353
"llr_colorlastthreesum_x_extreme_size",0.230024505172144
"llr_legal_holiday_x_voucher_Amount_coupon",0.230024505172144
"t.rrp",0.22255039789256
"llr_any_holiday_x_voucher_Amount_coupon",0.221008544276142
"llr_sizeCode_x_month",0.221008544276142
"llr_articleID_x_paymentMethod",0.217130296650238
"llr_voucherID_x_repeat_size",0.217130296650238
"customer_median_voucherAmount",0.21635936984203
"llr_num_color_by_articleID_productgroup_x_article_t_h",0.214022975832544
"llr_paymentMethod_x_colorlastthree",0.213252049024335
"llr_repeat_color_x_colorlasttwodigit",0.204983401351683
"n_days_articleSize",0.204983401351683
"customer_mean_rrp",0.204212474543474
"llr_articleID_x_num_color_by_articleID_productgroup",0.204212474543474
"llr_dow_x_voucher_Amount_coupon",0.204212474543474
"llr_voucher_Amount_coupon_x_num_color_by_articleID_productgroup",0.204212474543474
"llr_articleID_x_extreme_size",0.203441547735265
"llr_businessCustomer_x_voucher_Amount_coupon",0.203441547735265
"llr_colorCode_x_repeat_article",0.20033422691757
"llr_dow_x_colorhundreddigit",0.20033422691757
"llr_articleID_x_deviceID",0.199563300109362
"llr_paymentMethod_x_colorhundreddigit",0.199563300109362
"llr_week_x_colorlasttwodigit",0.199563300109362
"n_quantity_1w",0.197226906099876
"llr_week_x_colorlastthreesum",0.196455979291667
"mean_price_per_color",0.196455979291667
"totalPrice_minus_voucher",0.196455979291667
"llr_colorlastthreesum_x_unitprice_vary_within_week_by_articleID",0.189752798820292
"llr_customerID_x_repeatOrderSameSize",0.189752798820292
"freqSizeCode",0.188981872012083
"llr_colorCode_x_week",0.188981872012083
"llr_sameArticleDiffSize_x_max_freq_paymeth_letters_by_custome",0.188210945203874
"llr_week_x_max_freq_color_code",0.188210945203874
"runningTotalItems",0.188210945203874
"runningTotalOrders",0.185874551194388
"articleID_last4",0.185103624386179
"customer_mean_voucherAmount",0.185103624386179
"llr_articleID_x_businessCustomer",0.185103624386179
"llr_paymentMethod_x_productGroup_rrp_of_1digit",0.185103624386179
"n_quantity_1m",0.185103624386179
"customer_color_quantity",0.178400443914804
"llr_any_holiday_x_max_freq_color_code",0.178400443914804
"llr_articleID_x_repeat_color",0.176064049905318
"llr_voucherID_x_voucher_Amount_coupon",0.175293123097109
"ratio_unitprice_divide_rrp",0.175293123097109
"total_quantity_per_order",0.175293123097109
"llr_deviceID_x_max_freq_color_code",0.1745221962889
"llr_colorlastthreesum_x_max_freq_paymeth_letters_by_custome",0.173751269480692
"llr_week_x_colorlastthree",0.173751269480692
"sizes_db_total_quantity",0.173751269480692
"llr_customerID_x_month",0.170643948662997
"llr_voucherID_x_newproductgrouprrptwodigits_1",0.16471169499983
"llr_voucherID_x_month",0.163940768191622
"uniqueArticles_per_order",0.163940768191622
"llr_colorlasttwodigit_x_max_freq_paymeth_letters_by_custome",0.163169841383413
"llr_customerID_x_legal_holiday",0.163169841383413
"llr_dow_x_newproductgrouprrptwodigits_1",0.160833447373927
"llr_productGroup_x_max_freq_color_code",0.160833447373927
"llr_sameArticleDiffSize_x_voucher_Amount_coupon",0.160833447373927
"llr_week_x_cluster_articleID_by_rrp_productgroup",0.160833447373927
"llr_businessCustomer2_x_voucher_Amount_coupon",0.159291593757509
"llr_deviceID_x_legal_holiday",0.1585206669493
"llr_month_x_max_freq_color_code",0.1585206669493
"llr_sizeCode_x_colorlasttwodigit",0.156184272939815
"llr_dow_x_colorlastthree",0.149481092468439
"llr_sizeCode_x_cluster_articleID_by_rrp_productgroup",0.149481092468439
"llr_voucherID_x_unitprice_vary_within_month_by_articleID",0.149481092468439
"llr_articleID_x_sameProductDiffSize",0.14871016566023
"llr_articleID_x_week",0.14871016566023
"llr_paymentMethod_x_newproductgrouprrptwodigits_1",0.14871016566023
"llr_colorCode_x_pattern_paste_numofcolor_numofsize_by_article_productgroup",0.147939238852022
"llr_general_holiday_x_max_freq_color_code",0.144831918034327
"llr_paymentMethod_x_max_freq_paymeth_letters_by_custome",0.144831918034327
"llr_repeat_color_x_repeat_article",0.144831918034327
"llr_sizeCode_x_unitprice_vary_within_month_by_articleID",0.144831918034327
"time_since_color_first_appearance",0.13889966437116
"llr_voucherID_x_colorhundreddigit",0.138128737562952
"llr_voucherID_x_week",0.138128737562952
"llr_voucher_Amount_coupon_x_productGroup_rrp_of_100digit",0.138128737562952
"customer_median_rrp",0.137357810754743
"llr_colorlastthreesum_x_num_color_by_articleID_productgroup",0.135021416745257
"llr_colorlasttwodigit_x_max_freq_color_code",0.135021416745257
"llr_repeat_article_x_max_freq_color_code",0.135021416745257
"llr_repeat_product_x_extreme_size",0.135021416745257
"llr_articleID_x_colorlastthreesum",0.134250489937048
"llr_deviceID_x_voucher_Amount_coupon",0.134250489937048
"llr_extreme_size_x_newproductgrouprrptwodigits_1",0.134250489937048
"llr_general_holiday_x_article_t_h",0.134250489937048
"llr_num_color_by_articleID_productgroup_x_max_freq_color_code",0.134250489937048
"llr_sameArticleDiffColor_x_colorlastthree",0.134250489937048
"llr_voucherID_x_colorlasttwodigit",0.134250489937048
"llr_voucherID_x_dow",0.134250489937048
"quantity_prop",0.128318236273881
"llr_colorlastthree_x_productGroup_article_t_h",0.125210915456187
"llr_customerID_x_sameProductDiffSize",0.125210915456187
"llr_unitprice_vary_within_month_by_articleID_x_extreme_size",0.125210915456187
"customer_mean_price",0.124439988647978
"llr_articleID_x_sameArticleDiffColor",0.124439988647978
"llr_colorhundreddigit_x_num_color_by_articleID_productgroup",0.124439988647978
"llr_general_holiday_x_voucher_Amount_coupon",0.124439988647978
"llr_businessCustomer_x_max_freq_color_code",0.123669061839769
"llr_colorCode_x_dow",0.123669061839769
"llr_colorCode_x_sameArticleDiffSize",0.123669061839769
"llr_colorCode_x_sameProductDiffSize",0.123669061839769
"llr_colorhundreddigit_x_voucher_Amount_coupon",0.123669061839769
"llr_productGroup_x_dow",0.123669061839769
"llr_sameArticleDiffColor_x_colorlastthreesum",0.121332667830283
"llr_sizeCode_x_sameArticleDiffColor",0.121332667830283
"llr_voucherID_x_sameProductDiffSize",0.121332667830283
"llr_week_x_repeat_size",0.121332667830283
"n_days_articleColor",0.121332667830283
"customer_size_counts",0.120561741022075
"llr_sizeCode_x_repeat_product",0.120561741022075
"llr_week_x_productGroup_rrp_of_100digit",0.120561741022075
"customer_std_rrp",0.119790814213866
"llr_articleID_x_any_holiday",0.119790814213866
"llr_colorCode_x_repeat_color",0.113858560550699
"llr_customerID_x_any_holiday",0.113858560550699
"llr_deviceID_x_colorlastthree",0.113858560550699
"llr_productGroup_x_week",0.113858560550699
"llr_unitprice_vary_within_week_by_articleID_x_newproductgrouprrptwodigits_1",0.113858560550699
"llr_voucherID_x_num_color_by_articleID_productgroup",0.113858560550699
"llr_month_x_colorlastthreesum",0.11308763374249
"llr_voucherID_x_colorlastthreesum",0.110751239733005
"total_rrp0_by_colorCode",0.110751239733005
"total_rrp0_by_customerID",0.110751239733005
"llr_dow_x_productGroup_article_t_h",0.109980312924796
"llr_unitprice_vary_within_week_by_articleID_x_max_freq_color_code",0.109980312924796
"llr_cluster_articleID_by_rrp_productgroup_x_max_freq_paymeth_letters_by_custome",0.109209386116587
"llr_colorCode_x_deviceID",0.109209386116587
"llr_colorCode_x_max_freq_paymeth_letters_by_custome",0.109209386116587
"llr_colorCode_x_voucherID",0.109209386116587
"llr_deviceID_x_colorlasttwodigit",0.109209386116587
"llr_voucherID_x_repeat_color",0.109209386116587
"llr_voucherID_x_unitprice_vary_within_week_by_articleID",0.109209386116587
"mean_price_per_size",0.109209386116587
"total_price_by_orderID",0.109209386116587
"customer_std_voucherAmount",0.106102065298892
"llr_paymentMethod_x_max_freq_color_code",0.106102065298892
"llr_sizeCode_x_general_holiday",0.106102065298892
"llr_voucherID_x_colorlastthree",0.100169811635726
"llr_week_x_extreme_size",0.100169811635726
"total_rrp0_by_orderID",0.100169811635726
"customer_median_price",0.0993988848275169
"customer_prod_counts",0.0993988848275169
"llr_colorlastthree_x_unitprice_vary_within_month_by_articleID",0.0993988848275169
"llr_pattern_paste_numofcolor_numofsize_by_article_productgroup_x_article_t_h",0.0993988848275169
"llr_week_x_productGroup_article_t_h",0.0993988848275169
"totalVoucher_per_meanTime",0.0993988848275169
"llr_articleID_x_repeat_size",0.098627958019308
"llr_repeat_size_x_colorlasttwodigit",0.098627958019308
"llr_sameArticleDiffColor_x_article_t_h",0.098627958019308
"llr_sizeCode_x_max_freq_paymeth_letters_by_custome",0.098627958019308
"llr_sizeCode_x_unitprice_vary_within_week_by_articleID",0.0962915640098223
"llr_voucherID_x_pattern_paste_numofcolor_numofsize_by_article_productgroup",0.0962915640098223
"articleVsColor_per_order",0.0955206372016135
"llr_colorlastthree_x_num_color_by_articleID_productgroup",0.0955206372016135
"llr_customerID_x_general_holiday",0.0955206372016135
"llr_deviceID_x_colorlastthreesum",0.0955206372016135
"llr_dow_x_repeatOrderSameSize",0.0955206372016135
"llr_extreme_size_x_max_freq_color_code",0.0955206372016135
"llr_repeat_size_x_unitprice_vary_within_week_by_articleID",0.0955206372016135
"llr_sizeCode_x_productGroup",0.0955206372016135
"min_price_per_article",0.0955206372016135
"llr_any_holiday_x_colorlasttwodigit",0.0947497103934046
"llr_month_x_colorlasttwodigit",0.0947497103934046
"llr_sizeCode_x_deviceID",0.0947497103934046
"llr_colorCode_x_month",0.0939787835851958
"llr_colorCode_x_repeat_product",0.09164238957571
"llr_num_color_by_articleID_productgroup_x_productGroup_article_t_h",0.0857101359125434
"llr_pattern_paste_numofcolor_numofsize_by_article_productgroup_x_extreme_size",0.0857101359125434
"llr_sizeCode_x_repeat_size",0.0857101359125434
"llr_voucherID_x_businessCustomer",0.0857101359125434
"n_orders",0.0857101359125434
"runningTotalVoucherAmount",0.0857101359125434
"llr_colorCode_x_repeat_size",0.0849392091043346
"llr_colorlastthreesum_x_newproductgrouprrptwodigits_1",0.0849392091043346
"llr_colorlasttwodigit_x_unitprice_vary_within_month_by_articleID",0.0849392091043346
"llr_dow_x_max_freq_paymeth_letters_by_custome",0.0849392091043346
"llr_repeatOrderSameSize_x_max_freq_color_code",0.0849392091043346
"llr_sizeCode_x_repeatOrderSameSize",0.0849392091043346
"llr_voucher_Amount_coupon_x_unitprice_vary_within_week_by_articleID",0.0849392091043346
"median_price_per_color",0.0849392091043346
"llr_businessCustomer_x_cluster_articleID_by_rrp_productgroup",0.0841682822961257
"llr_colorCode_x_productGroup_article_t_h",0.0841682822961257
"llr_paymentMethod_x_colorlastthreesum",0.0841682822961257
"llr_paymentMethod_x_colorlasttwodigit",0.0841682822961257
"llr_repeatOrderSameSize_x_repeat_product",0.08183188828664
"llr_repeat_article_x_article_t_h",0.08183188828664
"llr_repeat_color_x_colorlastthree",0.08183188828664
"llr_voucherID_x_sameArticleDiffSize",0.08183188828664
"n_days_voucherSize",0.08183188828664
"total_voucherAmount_by_orderID",0.08183188828664
"llr_articleID_x_repeatOrderSameSize",0.0810609614784312
"llr_article_t_h_x_extreme_size",0.0810609614784312
"llr_colorlastthreesum_x_cluster_articleID_by_rrp_productgroup",0.0810609614784312
"llr_deviceID_x_newproductgrouprrptwodigits_1",0.0810609614784312
"llr_sameArticleDiffSize_x_productGroup_article_t_h",0.0810609614784312
"time_since_article_first_appearance",0.0810609614784312
"total_voucherAmount_by_articleID",0.0810609614784312
"llr_colorlastthreesum_x_productGroup_article_t_h",0.0802900346702223
"llr_sameArticleDiffColor_x_colorlasttwodigit",0.0743577810070557
"llr_voucherID_x_customerID",0.0743577810070557
"llr_voucher_Amount_coupon_x_max_freq_paymeth_letters_by_custome",0.0743577810070557
"llr_articleID_x_max_freq_paymeth_letters_by_custome",0.0735868541988469
"llr_colorlasttwodigit_x_article_t_h",0.0735868541988469
"llr_colorlasttwodigit_x_num_size_by_articleID_productgroup",0.0735868541988469
"llr_dow_x_colorlastthreesum",0.0735868541988469
"llr_num_color_by_articleID_productgroup_x_unitprice_vary_within_week_by_articleID",0.0735868541988469
"llr_paymentMethod_x_extreme_size",0.0735868541988469
"llr_repeat_size_x_colorlastthree",0.0735868541988469
"llr_sameProductDiffSize_x_voucher_Amount_coupon",0.0712504601893611
"llr_voucherID_x_repeatOrderSameSize",0.0712504601893611
"llr_week_x_article_t_h",0.0712504601893611
"llr_articleID_x_colorhundreddigit",0.0704795333811523
"llr_colorCode_x_cluster_articleID_by_rrp_productgroup",0.0704795333811523
"llr_colorCode_x_paymentMethod",0.0704795333811523
"llr_colorCode_x_unitprice_vary_within_month_by_articleID",0.0704795333811523
"llr_colorlastthreesum_x_productGroup_rrp_of_1digit",0.0704795333811523
"llr_deviceID_x_general_holiday",0.0704795333811523
"llr_dow_x_colorlasttwodigit",0.0704795333811523
"llr_num_color_by_articleID_productgroup_x_newproductgrouprrptwodigits_1",0.0704795333811523
"llr_pattern_paste_numofcolor_numofsize_by_article_productgroup_x_productGroup_article_t_h",0.0704795333811523
"llr_paymentMethod_x_businessCustomer",0.0704795333811523
"llr_repeat_article_x_colorlasttwodigit",0.0704795333811523
"llr_repeat_product_x_colorlasttwodigit",0.0704795333811523
"llr_sameArticleDiffSize_x_colorlastthreesum",0.0704795333811523
"llr_unitprice_vary_within_month_by_articleID_x_cluster_articleID_by_rrp_productgroup",0.0704795333811523
"llr_unitprice_vary_within_month_by_articleID_x_max_freq_color_code",0.0704795333811523
"llr_unitprice_vary_within_month_by_articleID_x_productGroup_article_t_h",0.0704795333811523
"n_days_voucherColor",0.0704795333811523
"articles_db_total_quantity",0.0697086065729434
"llr_deviceID_x_cluster_articleID_by_rrp_productgroup",0.0697086065729434
"llr_paymentMethod_x_voucher_Amount_coupon",0.0697086065729434
"llr_sizeCode_x_extreme_size",0.0697086065729434
"llr_week_x_businessCustomer2",0.0673722125634577
"freqColorCode",0.0666012857552488
"llr_colorCode_x_newproductgrouprrptwodigits_1",0.0666012857552488
"llr_dow_x_article_t_h",0.0666012857552488
"llr_productGroup_article_t_h_x_max_freq_color_code",0.0666012857552488
"llr_sameProductDiffSize_x_colorlastthree",0.0666012857552488
"max_price_per_color",0.0666012857552488
"n_quantity_2w",0.0666012857552488
"quantity_per_article",0.0666012857552488
"llr_businessCustomer_x_colorlastthree",0.06583035894704
"llr_colorlastthreesum_x_unitprice_vary_within_month_by_articleID",0.06583035894704
"llr_legal_holiday_x_max_freq_color_code",0.06583035894704
"llr_productGroup_x_unitprice_vary_within_month_by_articleID",0.06583035894704
"llr_voucherID_x_repeat_article",0.06583035894704
"productVsSize_per_order",0.0634939649375543
"customer_art_counts",0.0627230381293454
"llr_articleID_x_sameArticleDiffSize",0.0567907844661788
"llr_colorCode_x_extreme_size",0.0567907844661788
"llr_deviceID_x_productGroup_article_t_h",0.0567907844661788
"llr_deviceID_x_week",0.0567907844661788
"llr_extreme_size_x_productGroup_rrp_of_1digit",0.0567907844661788
"llr_general_holiday_x_extreme_size",0.0567907844661788
"llr_general_holiday_x_repeat_product",0.0567907844661788
"llr_pattern_paste_numofcolor_numofsize_by_article_productgroup_x_cluster_articleID_by_rrp_productgroup",0.0567907844661788
"llr_productGroup_x_colorlastthree",0.0567907844661788
"llr_repeat_article_x_unitprice_vary_within_week_by_articleID",0.0567907844661788
"llr_sameProductDiffSize_x_colorhundreddigit",0.0567907844661788
"llr_unitprice_vary_within_week_by_articleID_x_article_t_h",0.0567907844661788
"totalPrice_per_meanTime",0.0567907844661788
"voucherAmount_divided_total_price_by_order",0.0567907844661788
"llr_businessCustomer2_x_colorlastthree",0.05601985765797
"llr_colorCode_x_sameArticleDiffColor",0.05601985765797
"llr_colorlasttwodigit_x_cluster_articleID_by_rrp_productgroup",0.05601985765797
"llr_legal_holiday_x_article_t_h",0.05601985765797
"llr_max_freq_paymeth_letters_by_custome_x_extreme_size",0.05601985765797
"llr_repeat_article_x_extreme_size",0.05601985765797
"llr_repeat_color_x_productGroup_article_t_h",0.0536834636484842
"llr_sameArticleDiffColor_x_voucher_Amount_coupon",0.0536834636484842
"llr_sizeCode_x_paymentMethod",0.0536834636484842
"articleVsProduct_per_order",0.0529125368402754
"llr_businessCustomer_x_colorhundreddigit",0.0529125368402754
"llr_businessCustomer_x_num_color_by_articleID_productgroup",0.0529125368402754
"llr_colorCode_x_article_t_h",0.0529125368402754
"llr_colorCode_x_repeatOrderSameSize",0.0529125368402754
"llr_legal_holiday_x_colorlastthreesum",0.0529125368402754
"llr_max_freq_paymeth_letters_by_custome_x_newproductgrouprrptwodigits_1",0.0529125368402754
"llr_repeat_product_x_colorlastthree",0.0529125368402754
"llr_sameArticleDiffSize_x_repeat_size",0.0529125368402754
"llr_sizeCode_x_productGroup_rrp_of_1digit",0.0529125368402754
"llr_colorCode_x_businessCustomer",0.0521416100320666
"llr_colorlastthree_x_article_t_h",0.0521416100320666
"llr_dow_x_extreme_size",0.0521416100320666
"llr_legal_holiday_x_colorhundreddigit",0.0521416100320666
"llr_num_color_by_articleID_productgroup_x_unitprice_vary_within_month_by_articleID",0.0521416100320666
"llr_repeatOrderSameSize_x_max_freq_paymeth_letters_by_custome",0.0521416100320666
"llr_repeat_color_x_num_color_by_articleID_productgroup",0.0521416100320666
"llr_repeat_product_x_max_freq_color_code",0.0521416100320666
"llr_sameArticleDiffColor_x_productGroup_rrp_of_100digit",0.0521416100320666
"llr_sameArticleDiffSize_x_colorlasttwodigit",0.0521416100320666
"llr_sizeCode_x_repeat_article",0.0521416100320666
"llr_voucher_Amount_coupon_x_productGroup_article_t_h",0.0521416100320666
"llr_week_x_newproductgrouprrptwodigits_1",0.0521416100320666
"llr_week_x_productGroup_rrp_of_1digit",0.0521416100320666
"median_price_per_article",0.0521416100320666
"price",0.0521416100320666
"freqArticleID",0.0513706832238577
"llr_article_t_h_x_max_freq_color_code",0.049034289214372
"llr_colorhundreddigit_x_max_freq_color_code",0.049034289214372
"llr_month_x_newproductgrouprrptwodigits_1",0.049034289214372
"llr_repeatOrderSameSize_x_sameArticleDiffSize",0.049034289214372
"llr_voucherID_x_extreme_size",0.049034289214372
"llr_voucherID_x_productGroup_rrp_of_1digit",0.049034289214372
"total_voucherAmount_by_customerID",0.049034289214372
"articleID_last3",0.0482633624061631
"llr_colorlastthree_x_newproductgrouprrptwodigits_1",0.0482633624061631
"llr_deviceID_x_dow",0.0482633624061631
"llr_deviceID_x_pattern_paste_numofcolor_numofsize_by_article_productgroup",0.0482633624061631
"llr_dow_x_productGroup_rrp_of_1digit",0.0482633624061631
"llr_general_holiday_x_colorhundreddigit",0.0482633624061631
"llr_productGroup_x_voucher_Amount_coupon",0.0423311087429965
"llr_repeat_product_x_newproductgrouprrptwodigits_1",0.0423311087429965
"llr_sameArticleDiffColor_x_max_freq_paymeth_letters_by_custome",0.0423311087429965
"llr_sameArticleDiffColor_x_productGroup_article_t_h",0.0423311087429965
"llr_colorlastthreesum_x_max_freq_color_code",0.0415601819347877
"llr_colorlasttwodigit_x_num_color_by_articleID_productgroup",0.0415601819347877
"llr_deviceID_x_num_color_by_articleID_productgroup",0.0415601819347877
"llr_max_freq_paymeth_letters_by_custome_x_max_freq_color_code",0.0415601819347877
"llr_productGroup_x_colorlasttwodigit",0.0415601819347877
"llr_repeatOrderSameSize_x_colorlastthree",0.0415601819347877
"llr_repeat_color_x_max_freq_color_code",0.0415601819347877
"llr_unitprice_vary_within_week_by_articleID_x_max_freq_paymeth_letters_by_custome",0.0415601819347877
"unit_price",0.0415601819347877
"llr_articleID_x_month",0.0384528611170931
"llr_colorCode_x_productGroup",0.0384528611170931
"llr_colorhundreddigit_x_unitprice_vary_within_month_by_articleID",0.0384528611170931
"llr_colorlastthree_x_max_freq_paymeth_letters_by_custome",0.0384528611170931
"llr_deviceID_x_productGroup_rrp_of_1digit",0.0384528611170931
"llr_legal_holiday_x_unitprice_vary_within_month_by_articleID",0.0384528611170931
"llr_pattern_paste_numofcolor_numofsize_by_article_productgroup_x_max_freq_color_code",0.0384528611170931
"llr_unitprice_vary_within_week_by_articleID_x_productGroup_article_t_h",0.0384528611170931
"llr_voucherID_x_businessCustomer2",0.0384528611170931
"n_days_articleID",0.0384528611170931
"end_voucherAmount",0.0376819343088843
"llr_articleID_x_productGroup_article_t_h",0.0376819343088843
"llr_businessCustomer_x_colorlastthreesum",0.0376819343088843
"llr_customerID_x_deviceID",0.0376819343088843
"llr_customerID_x_paymentMethod",0.0376819343088843
"llr_legal_holiday_x_repeat_product",0.0376819343088843
"llr_sameProductDiffSize_x_cluster_articleID_by_rrp_productgroup",0.0376819343088843
"llr_sizeCode_x_repeat_color",0.0376819343088843
"llr_unitprice_vary_within_month_by_articleID_x_newproductgrouprrptwodigits_1",0.0376819343088843
"mean_time_between",0.0376819343088843
"articleVsSize_per_order",0.0369110075006754
"customer_std_price",0.0369110075006754
"freqColorCode_last2",0.0369110075006754
"llr_deviceID_x_colorhundreddigit",0.0369110075006754
"llr_dow_x_cluster_articleID_by_rrp_productgroup",0.0369110075006754
"llr_general_holiday_x_binned_new_productGroup_option_1",0.0369110075006754
"llr_paymentMethod_x_repeatOrderSameSize",0.0369110075006754
"llr_productGroup_x_customerID",0.0369110075006754
"llr_productGroup_x_voucherID",0.0345746134911897
"llr_repeat_product_x_num_size_by_articleID_productgroup",0.0345746134911897
"llr_sizeCode_x_productGroup_rrp_of_100digit",0.0345746134911897
"llr_week_x_colorhundreddigit",0.0345746134911897
"llr_articleID_x_repeat_product",0.0338036866829808
"llr_article_t_h_x_max_freq_paymeth_letters_by_custome",0.0338036866829808
"llr_businessCustomer_x_repeat_size",0.0338036866829808
"llr_num_color_by_articleID_productgroup_x_cluster_articleID_by_rrp_productgroup",0.0338036866829808
"llr_repeat_color_x_voucher_Amount_coupon",0.0338036866829808
"llr_sameProductDiffSize_x_newproductgrouprrptwodigits_1",0.0338036866829808
"llr_sizeCode_x_legal_holiday",0.0338036866829808
"llr_sizeCode_x_sameProductDiffSize",0.0338036866829808
"llr_voucherID_x_deviceID",0.0338036866829808
"llr_week_x_unitprice_vary_within_month_by_articleID",0.0338036866829808
"products_db_total_quantity",0.0338036866829808
"revisit_in_one_week",0.0338036866829808
"size_num",0.0338036866829808
"llr_colorlasttwodigit_x_productGroup_article_t_h",0.033032759874772
"llr_colorlasttwodigit_x_unitprice_vary_within_week_by_articleID",0.033032759874772
"llr_repeat_size_x_productGroup_rrp_of_1digit",0.033032759874772
"llr_week_x_businessCustomer",0.033032759874772
"median_price_per_size",0.033032759874772
"llr_articleID_x_legal_holiday",0.0322618330665632
"llr_businessCustomer_x_extreme_size",0.0322618330665632
"llr_colorhundreddigit_x_newproductgrouprrptwodigits_1",0.0322618330665632
"llr_colorlastthree_x_extreme_size",0.0322618330665632
"llr_extreme_size_x_productGroup_rrp_of_10digit",0.0322618330665632
"llr_legal_holiday_x_extreme_size",0.0322618330665632
"llr_pattern_paste_numofcolor_numofsize_by_article_productgroup_x_productGroup_rrp_of_100digit",0.0322618330665632
"llr_repeat_product_x_productGroup_article_t_h",0.0322618330665632
"llr_repeat_size_x_extreme_size",0.0322618330665632
"total_price_by_articleID",0.0322618330665632
"llr_colorCode_x_max_freq_color_code",0.0314909062583544
"llr_colorCode_x_unitprice_vary_within_week_by_articleID",0.0314909062583544
"llr_deviceID_x_article_t_h",0.0314909062583544
"llr_paymentMethod_x_legal_holiday",0.0314909062583544
"llr_productGroup_x_extreme_size",0.0314909062583544
"llr_productGroup_x_repeatOrderSameSize",0.0314909062583544
"llr_productGroup_x_repeat_article",0.0314909062583544
"llr_sameArticleDiffSize_x_newproductgrouprrptwodigits_1",0.0314909062583544
"llr_voucherID_x_productGroup_article_t_h",0.0314909062583544
"max_price_per_size",0.0314909062583544
"uniqueProducts_per_order",0.0314909062583544
"llr_month_x_productGroup_rrp_of_1digit",0.0307199794501455
"llr_num_color_by_articleID_productgroup_x_extreme_size",0.0307199794501455
"llr_pattern_paste_numofcolor_numofsize_by_article_productgroup_x_unitprice_vary_within_month_by_articleID",0.0283835854406598
"llr_sameArticleDiffColor_x_num_color_by_articleID_productgroup",0.0283835854406598
"llr_voucherID_x_legal_holiday",0.0283835854406598
"llr_week_x_max_freq_paymeth_letters_by_custome",0.0283835854406598
"llr_week_x_unitprice_vary_within_week_by_articleID",0.0283835854406598
"llr_any_holiday_x_extreme_size",0.0276126586324509
"llr_articleID_x_unitprice_vary_within_month_by_articleID",0.0276126586324509
"llr_businessCustomer2_x_colorlastthreesum",0.0276126586324509
"llr_businessCustomer2_x_max_freq_color_code",0.0276126586324509
"llr_colorlastthree_x_productGroup_rrp_of_1digit",0.0276126586324509
"llr_legal_holiday_x_productGroup_article_t_h",0.0216804049692843
"llr_legal_holiday_x_repeat_size",0.0216804049692843
"llr_num_size_by_articleID_productgroup",0.0216804049692843
"llr_paymentMethod_x_pattern_paste_numofcolor_numofsize_by_article_productgroup",0.0216804049692843
"llr_repeatOrderSameSize_x_extreme_size",0.0216804049692843
"llr_repeatOrderSameSize_x_pattern_paste_numofcolor_numofsize_by_article_productgroup",0.0216804049692843
"llr_voucher_Amount_coupon_x_productGroup_rrp_of_1digit",0.0216804049692843
"productVsColor_per_order",0.0216804049692843
"customer_visits",0.0209094781610755
"llr_businessCustomer_x_productGroup_article_t_h",0.0209094781610755
"llr_businessCustomer_x_unitprice_vary_within_month_by_articleID",0.0209094781610755
"llr_dow_x_pattern_paste_numofcolor_numofsize_by_article_productgroup",0.0209094781610755
"llr_pattern_paste_numofcolor_numofsize_by_article_productgroup_x_max_freq_paymeth_letters_by_custome",0.0209094781610755
"llr_paymentMethod_x_article_t_h",0.0209094781610755
"llr_paymentMethod_x_sameArticleDiffColor",0.0209094781610755
"llr_productGroup_x_num_color_by_articleID_productgroup",0.0209094781610755
"llr_sameArticleDiffColor_x_cluster_articleID_by_rrp_productgroup",0.0209094781610755
"llr_sameArticleDiffSize_x_article_t_h",0.0209094781610755
"llr_sameProductDiffSize_x_repeat_size",0.0209094781610755
"llr_voucherID_x_general_holiday",0.0209094781610755
"llr_voucherID_x_repeat_product",0.0209094781610755
"llr_voucher_Amount_coupon_x_cluster_articleID_by_rrp_productgroup",0.0209094781610755
"mean_price_per_article",0.0209094781610755
"paymentMethod_per_customer",0.0209094781610755
"uniqueSizes_per_order",0.0209094781610755
"llr_articleID_x_general_holiday",0.0178021573433809
"llr_businessCustomer_x_pattern_paste_numofcolor_numofsize_by_article_productgroup",0.0178021573433809
"llr_colorhundreddigit_x_colorlastthreesum",0.0178021573433809
"llr_colorlastthree_x_cluster_articleID_by_rrp_productgroup",0.0178021573433809
"llr_customerID_x_productGroup_rrp_of_1digit",0.0178021573433809
"llr_max_freq_color_code_x_newproductgrouprrptwodigits_1",0.0178021573433809
"llr_productGroup_x_repeat_size",0.0178021573433809
"llr_repeat_color_x_repeat_size",0.0178021573433809
"llr_sameArticleDiffSize_x_sameProductDiffSize",0.0178021573433809
"llr_sameProductDiffSize_x_productGroup_article_t_h",0.0178021573433809
"llr_voucher_Amount_coupon",0.0178021573433809
"n_quantity_6m",0.0178021573433809
"llr_businessCustomer_x_colorlasttwodigit",0.0170312305351721
"llr_colorCode_x_general_holiday",0.0170312305351721
"llr_colorCode_x_productGroup_rrp_of_1digit",0.0170312305351721
"llr_colorlasttwodigit_x_extreme_size",0.0170312305351721
"llr_colorlasttwodigit_x_productGroup_rrp_of_100digit",0.0170312305351721
"llr_dow_x_businessCustomer2",0.0170312305351721
"llr_month_x_colorlastthree",0.0170312305351721
"llr_paymentMethod_x_productGroup_article_t_h",0.0170312305351721
"llr_repeatOrderSameSize_x_colorlasttwodigit",0.0170312305351721
"llr_repeat_color_x_article_t_h",0.0170312305351721
"llr_repeat_product_x_unitprice_vary_within_week_by_articleID",0.0170312305351721
"llr_repeat_size_x_newproductgrouprrptwodigits_1",0.0170312305351721
"llr_sameArticleDiffColor_x_max_freq_color_code",0.0170312305351721
"llr_sameProductDiffSize_x_article_t_h",0.0170312305351721
"llr_sameProductDiffSize_x_colorlastthreesum",0.0170312305351721
"llr_sameProductDiffSize_x_repeat_color",0.0170312305351721
"llr_sizeCode_x_any_holiday",0.0170312305351721
"sizeVsColor_per_order",0.0170312305351721
"voucherID_last3",0.0170312305351721
"l",0.0162603037269632
"llr_any_holiday_x_repeat_product",0.0162603037269632
"llr_articleID_x_businessCustomer2",0.0162603037269632
"llr_businessCustomer_x_repeat_product",0.0162603037269632
"llr_colorhundreddigit_x_productGroup_article_t_h",0.0162603037269632
"llr_deviceID_x_max_freq_paymeth_letters_by_custome",0.0162603037269632
"llr_month_x_cluster_articleID_by_rrp_productgroup",0.0162603037269632
"llr_paymentMethod_x_repeat_color",0.0162603037269632
"llr_paymentMethod_x_repeat_size",0.0162603037269632
"llr_productGroup_x_businessCustomer",0.0162603037269632
"llr_productGroup_x_colorlastthreesum",0.0162603037269632
"llr_productGroup_x_max_freq_paymeth_letters_by_custome",0.0162603037269632
"llr_repeat_article_x_productGroup_article_t_h",0.0162603037269632
"llr_repeat_article_x_productGroup_rrp_of_1digit",0.0162603037269632
"llr_repeat_product_x_cluster_articleID_by_rrp_productgroup",0.0162603037269632
"llr_sameProductDiffSize_x_max_freq_color_code",0.0162603037269632
"voucherAmount",0.0162603037269632
"articles_per_day",0.0154893769187544
"llr_article_t_h_x_newproductgrouprrptwodigits_1",0.0154893769187544
"llr_cluster_articleID_by_rrp_productgroup_x_extreme_size",0.0154893769187544
"llr_colorCode_x_productGroup_rrp_of_100digit",0.0154893769187544
"llr_colorhundreddigit_x_pattern_paste_numofcolor_numofsize_by_article_productgroup",0.0154893769187544
"llr_colorhundreddigit_x_unitprice_vary_within_week_by_articleID",0.0154893769187544
"llr_deviceID_x_businessCustomer",0.0131529829092686
"llr_deviceID_x_paymentMethod",0.0131529829092686
"llr_general_holiday_x_productGroup_rrp_of_10digit",0.0131529829092686
"llr_max_freq_color_code",0.0131529829092686
"llr_month_x_colorhundreddigit",0.0131529829092686
"llr_month_x_productGroup_article_t_h",0.0131529829092686
"llr_month_x_unitprice_vary_within_month_by_articleID",0.0131529829092686
"llr_paymentMethod_x_any_holiday",0.0131529829092686
"llr_paymentMethod_x_unitprice_vary_within_month_by_articleID",0.0131529829092686
"llr_paymentMethod_x_week",0.0131529829092686
"llr_productGroup_x_month",0.0131529829092686
"llr_repeat_color_x_colorhundreddigit",0.0131529829092686
"llr_repeat_color_x_newproductgrouprrptwodigits_1",0.0131529829092686
"llr_repeat_product_x_colorhundreddigit",0.0131529829092686
"llr_sameArticleDiffSize_x_cluster_articleID_by_rrp_productgroup",0.0131529829092686
"llr_sameArticleDiffSize_x_colorlastthree",0.0131529829092686
"llr_sameArticleDiffSize_x_productGroup_rrp_of_10digit",0.0131529829092686
"llr_sameArticleDiffSize_x_repeat_color",0.0131529829092686
"n_quantity_3m",0.0131529829092686
"quantity_per_customer",0.0131529829092686
"llr_colorhundreddigit_x_productGroup_rrp_of_1digit",0.0123820561010598
"llr_colorlastthree_x_pattern_paste_numofcolor_numofsize_by_article_productgroup",0.0123820561010598
"llr_colorlastthree_x_productGroup_rrp_of_100digit",0.0123820561010598
"llr_colorlastthreesum_x_num_size_by_articleID_productgroup",0.0123820561010598
"llr_colorlasttwodigit_x_productGroup_rrp_of_1digit",0.0123820561010598
"llr_deviceID_x_unitprice_vary_within_month_by_articleID",0.0123820561010598
"llr_deviceID_x_unitprice_vary_within_week_by_articleID",0.0123820561010598
"llr_dow_x_legal_holiday",0.0123820561010598
"llr_dow_x_num_size_by_articleID_productgroup",0.0123820561010598
"llr_dow_x_unitprice_vary_within_month_by_articleID",0.0123820561010598
"llr_paymentMethod_x_dow",0.0123820561010598
"llr_paymentMethod_x_sameArticleDiffSize",0.0123820561010598
"llr_productGroup_x_productGroup_article_t_h",0.0123820561010598
"llr_productGroup_x_repeat_product",0.0123820561010598
"llr_repeatOrderSameSize_x_productGroup_article_t_h",0.0123820561010598
"llr_repeat_product_x_productGroup_rrp_of_1digit",0.0123820561010598
"llr_repeat_size_x_unitprice_vary_within_month_by_articleID",0.0123820561010598
"llr_sameArticleDiffColor_x_unitprice_vary_within_week_by_articleID",0.0123820561010598
"llr_sameProductDiffSize_x_productGroup_rrp_of_1digit",0.0123820561010598
"llr_sizeCode_x_productGroup_rrp_of_10digit",0.0123820561010598
"llr_voucher_Amount_coupon_x_article_t_h",0.0123820561010598
"n_days_voucherArticle",0.0123820561010598
"llr_businessCustomer2_x_colorlasttwodigit",0.011611129292851
"llr_businessCustomer2_x_max_freq_paymeth_letters_by_custome",0.011611129292851
"llr_colorlastthreesum_x_pattern_paste_numofcolor_numofsize_by_article_productgroup",0.011611129292851
"llr_dow_x_num_color_by_articleID_productgroup",0.011611129292851
"llr_legal_holiday_x_repeat_article",0.011611129292851
"llr_month_x_num_color_by_articleID_productgroup",0.011611129292851
"llr_num_color_by_articleID_productgroup_x_productGroup_rrp_of_100digit",0.011611129292851
"llr_pattern_paste_numofcolor_numofsize_by_article_productgroup_x_unitprice_vary_within_week_by_articleID",0.011611129292851
"llr_paymentMethod_x_sameProductDiffSize",0.011611129292851
"llr_paymentMethod_x_unitprice_vary_within_week_by_articleID",0.011611129292851
"llr_repeatOrderSameSize_x_repeat_size",0.011611129292851
"llr_sameArticleDiffSize_x_max_freq_color_code",0.011611129292851
"llr_sameArticleDiffSize_x_num_size_by_articleID_productgroup",0.011611129292851
"llr_sameArticleDiffSize_x_productGroup_rrp_of_1digit",0.011611129292851
"llr_sameProductDiffSize_x_num_color_by_articleID_productgroup",0.011611129292851
"llr_voucherID_x_paymentMethod",0.011611129292851
"n_days_voucherProd",0.011611129292851
"total_price_by_productGroup0",0.011611129292851
"articleID_last2",0.0108402024846421
"llr_any_holiday_x_newproductgrouprrptwodigits_1",0.0108402024846421
"llr_articleID_x_colorlasttwodigit",0.0108402024846421
"llr_deviceID_x_extreme_size",0.00850380847515639
"llr_month_x_max_freq_paymeth_letters_by_custome",0.00850380847515639
"llr_paymentMethod_x_num_color_by_articleID_productgroup",0.00850380847515639
"llr_productGroup_x_paymentMethod",0.00850380847515639
"llr_repeat_article_x_colorhundreddigit",0.00850380847515639
"llr_repeat_article_x_colorlastthreesum",0.00850380847515639
"llr_repeat_article_x_max_freq_paymeth_letters_by_custome",0.00850380847515639
"llr_repeat_size_x_colorhundreddigit",0.00850380847515639
"llr_sameArticleDiffColor_x_num_size_by_articleID_productgroup",0.00850380847515639
"llr_unitprice_vary_within_month_by_articleID_x_productGroup_rrp_of_100digit",0.00850380847515639
"llr_unitprice_vary_within_month_by_articleID_x_productGroup_rrp_of_1digit",0.00850380847515639
"llr_unitprice_vary_within_week_by_articleID_x_cluster_articleID_by_rrp_productgroup",0.00850380847515639
"min_price_per_color",0.00850380847515639
"total_voucherAmount_by_colorCode",0.00850380847515639
"avg_voucherAmt_per_day",0.00773288166694756
"llr_any_holiday_x_colorlastthreesum",0.00773288166694756
"llr_articleID",0.00773288166694756
"llr_businessCustomer2_x_article_t_h",0.00773288166694756
"llr_businessCustomer2_x_num_size_by_articleID_productgroup",0.00773288166694756
"llr_businessCustomer2_x_productGroup_rrp_of_1digit",0.00773288166694756
"llr_businessCustomer_x_article_t_h",0.00773288166694756
"llr_colorCode_x_businessCustomer2",0.00773288166694756
"llr_colorCode_x_legal_holiday",0.00773288166694756
"llr_colorhundreddigit_x_extreme_size",0.00773288166694756
"llr_colorlasttwodigit_x_pattern_paste_numofcolor_numofsize_by_article_productgroup",0.00773288166694756
"llr_deviceID_x_sameProductDiffSize",0.00773288166694756
"llr_general_holiday_x_productGroup_article_t_h",0.00773288166694756
"llr_month_x_num_size_by_articleID_productgroup",0.00773288166694756
"llr_month_x_productGroup_rrp_of_100digit",0.00773288166694756
"llr_pattern_paste_numofcolor_numofsize_by_article_productgroup_x_newproductgrouprrptwodigits_1",0.00773288166694756
"llr_paymentMethod_x_cluster_articleID_by_rrp_productgroup",0.00773288166694756
"llr_paymentMethod_x_productGroup_rrp_of_100digit",0.00773288166694756
"llr_repeatOrderSameSize_x_unitprice_vary_within_week_by_articleID",0.00773288166694756
"llr_repeat_article_x_colorlastthree",0.00773288166694756
"llr_repeat_size_x_cluster_articleID_by_rrp_productgroup",0.00773288166694756
"llr_repeat_size_x_productGroup_article_t_h",0.00773288166694756
"llr_sameProductDiffSize_x_max_freq_paymeth_letters_by_custome",0.00773288166694756
"llr_unitprice_vary_within_month_by_articleID_x_max_freq_paymeth_letters_by_custome",0.00773288166694756
"time_between",0.00773288166694756
"llr_article_t_h_x_productGroup_rrp_of_1digit",0.00696195485873873
"llr_colorhundreddigit_x_productGroup_rrp_of_100digit",0.00696195485873873
"llr_colorlastthreesum_x_article_t_h",0.00696195485873873
"llr_legal_holiday_x_newproductgrouprrptwodigits_1",0.00696195485873873
"llr_legal_holiday_x_num_color_by_articleID_productgroup",0.00696195485873873
"llr_productGroup_article_t_h_x_newproductgrouprrptwodigits_1",0.00696195485873873
"llr_productGroup_x_deviceID",0.00696195485873873
"llr_productGroup_x_general_holiday",0.00696195485873873
"llr_productGroup_x_newproductgrouprrptwodigits_1",0.00696195485873873
"llr_productGroup_x_pattern_paste_numofcolor_numofsize_by_article_productgroup",0.00696195485873873
"llr_repeat_article_x_num_size_by_articleID_productgroup",0.00696195485873873
"llr_repeat_color_x_cluster_articleID_by_rrp_productgroup",0.00696195485873873
"llr_repeat_product_x_article_t_h",0.00696195485873873
"llr_repeat_product_x_colorlastthreesum",0.00696195485873873
"llr_repeat_product_x_max_freq_paymeth_letters_by_custome",0.00696195485873873
"llr_repeat_product_x_num_color_by_articleID_productgroup",0.00696195485873873
"llr_sameArticleDiffSize_x_pattern_paste_numofcolor_numofsize_by_article_productgroup",0.00696195485873873
"llr_unitprice_vary_within_week_by_articleID_x_unitprice_vary_within_month_by_articleID",0.00696195485873873
"llr_voucherID_x_sameArticleDiffColor",0.00696195485873873
"llr_week_x_repeat_product",0.00696195485873873
"median_price_day",0.00696195485873873
"quantity_per_color",0.00696195485873873
"llr_any_holiday_x_cluster_articleID_by_rrp_productgroup",0.0061910280505299
"llr_businessCustomer2_x_colorhundreddigit",0.0061910280505299
"llr_businessCustomer2_x_repeat_article",0.0061910280505299
"llr_businessCustomer2_x_unitprice_vary_within_month_by_articleID",0.0061910280505299
"llr_colorCode_x_any_holiday",0.0061910280505299
"llr_customerID_x_repeat_product",0.0061910280505299
"llr_dow_x_unitprice_vary_within_week_by_articleID",0.0061910280505299
"llr_num_color_by_articleID_productgroup_x_max_freq_paymeth_letters_by_custome",0.0061910280505299
"llr_num_color_by_articleID_productgroup_x_productGroup_rrp_of_10digit",0.0061910280505299
"llr_paymentMethod_x_repeat_product",0.0061910280505299
"llr_productGroup_article_t_h_x_max_freq_paymeth_letters_by_custome",0.0061910280505299
"llr_repeat_size_x_article_t_h",0.0061910280505299
"llr_repeat_size_x_num_color_by_articleID_productgroup",0.0061910280505299
"llr_sameArticleDiffColor_x_newproductgrouprrptwodigits_1",0.0061910280505299
"llr_sameArticleDiffColor_x_pattern_paste_numofcolor_numofsize_by_article_productgroup",0.0061910280505299
"llr_sameArticleDiffColor_x_unitprice_vary_within_month_by_articleID",0.0061910280505299
"llr_sameProductDiffSize_x_num_size_by_articleID_productgroup",0.0061910280505299
"llr_voucher_Amount_coupon_x_productGroup_rrp_of_10digit",0.0061910280505299
"median_price_per_product",0.0061910280505299
"revisit_in_one_month",0.0061910280505299
"total_price_by_colorCode",0.0061910280505299
"total_rrp0_by_articleID",0.0061910280505299
"l2",0.00542010124232107
"llr_any_holiday_x_pattern_paste_numofcolor_numofsize_by_article_productgroup",0.00542010124232107
"llr_cluster_articleID_by_rrp_productgroup_x_max_freq_color_code",0.00542010124232107
"llr_colorlastthreesum_x_productGroup_rrp_of_100digit",0.00542010124232107
"llr_deviceID_x_sameArticleDiffColor",0.00542010124232107
"llr_num_size_by_articleID_productgroup_x_extreme_size",0.00542010124232107
"llr_num_size_by_articleID_productgroup_x_max_freq_color_code",0.00542010124232107
"llr_repeat_size_x_colorlastthreesum",0.00542010124232107
"llr_repeat_size_x_repeat_article",0.00542010124232107
"llr_unitprice_vary_within_week_by_articleID_x_extreme_size",0.00542010124232107
"llr_voucherID_x_cluster_articleID_by_rrp_productgroup",0.00308370723283531
"llr_voucherID_x_num_size_by_articleID_productgroup",0.00308370723283531
"llr_week_x_legal_holiday",0.00308370723283531
"total_voucherAmt_per_day",0.00308370723283531
"uniqueColors_per_order",0.00308370723283531
"freqColorCode_tens",0.00231278042462649
"llr_any_holiday_x_unitprice_vary_within_week_by_articleID",0.00231278042462649
"llr_articleID_x_num_size_by_articleID_productgroup",0.00231278042462649
"llr_businessCustomer2_x_repeat_product",0.00231278042462649
"llr_businessCustomer2_x_sameArticleDiffSize",0.00231278042462649
"llr_businessCustomer_x_max_freq_paymeth_letters_by_custome",0.00231278042462649
"llr_businessCustomer_x_repeat_article",0.00231278042462649
"llr_deviceID_x_any_holiday",0.00231278042462649
"llr_deviceID_x_sameArticleDiffSize",0.00231278042462649
"llr_dow_x_week",0.00231278042462649
"llr_general_holiday_x_colorlastthree",0.00231278042462649
"llr_general_holiday_x_repeat_color",0.00231278042462649
"llr_legal_holiday_x_colorlasttwodigit",0.00231278042462649
"llr_legal_holiday_x_general_holiday",0.00231278042462649
"llr_legal_holiday_x_max_freq_paymeth_letters_by_custome",0.00231278042462649
"llr_pattern_paste_numofcolor_numofsize_by_article_productgroup_x_productGroup_rrp_of_1digit",0.00231278042462649
"llr_productGroup_x_sameArticleDiffSize",0.00231278042462649
"llr_repeatOrderSameSize_x_newproductgrouprrptwodigits_1",0.00231278042462649
"llr_repeatOrderSameSize_x_productGroup_rrp_of_100digit",0.00231278042462649
"llr_repeat_article_x_num_color_by_articleID_productgroup",0.00231278042462649
"llr_repeat_color_x_repeat_product",0.00231278042462649
"llr_sameArticleDiffColor_x_productGroup_rrp_of_10digit",0.00231278042462649
"llr_sameArticleDiffColor_x_repeat_size",0.00231278042462649
"llr_week_x_pattern_paste_numofcolor_numofsize_by_article_productgroup",0.00231278042462649
"rrp",0.00231278042462649
"voucherID_ones",0.00231278042462649
"avg_price_per_day",0.00154185361641766
"businessCustomer2",0.00154185361641766
"llr_colorhundreddigit_x_article_t_h",0.00154185361641766
"llr_general_holiday_x_colorlasttwodigit",0.00154185361641766
"llr_month_x_extreme_size",0.00154185361641766
"llr_month_x_legal_holiday",0.00154185361641766
"llr_num_size_by_articleID_productgroup_x_unitprice_vary_within_month_by_articleID",0.00154185361641766
"llr_repeatOrderSameSize_x_repeat_article",0.00154185361641766
"llr_repeatOrderSameSize_x_sameArticleDiffColor",0.00154185361641766
"llr_repeatOrderSameSize_x_unitprice_vary_within_month_by_articleID",0.00154185361641766
"llr_repeat_article_x_productGroup_rrp_of_10digit",0.00154185361641766
"llr_repeat_color_x_productGroup_rrp_of_100digit",0.00154185361641766
"llr_repeat_color_x_unitprice_vary_within_week_by_articleID",0.00154185361641766
"llr_sameArticleDiffColor_x_repeat_product",0.00154185361641766
"llr_sameArticleDiffSize_x_unitprice_vary_within_week_by_articleID",0.00154185361641766
"llr_sameProductDiffSize_x_colorlasttwodigit",0.00154185361641766
"llr_sizeCode_x_businessCustomer",0.00154185361641766
"llr_unitprice_vary_within_week_by_articleID_x_productGroup_rrp_of_100digit",0.00154185361641766
"llr_voucherID_x_any_holiday",0.00154185361641766
"llr_voucherID_x_max_freq_paymeth_letters_by_custome",0.00154185361641766
"llr_week_x_sameArticleDiffSize",0.00154185361641766
"orders_per_meanTime",0.00154185361641766
"end_rrp",0.000770926808208829
"llr_colorhundreddigit_x_cluster_articleID_by_rrp_productgroup",0.000770926808208829
"llr_colorlasttwodigit",0.000770926808208829
"llr_customerID_x_productGroup_rrp_of_100digit",0.000770926808208829
"llr_dow_x_businessCustomer",0.000770926808208829
"llr_general_holiday_x_productGroup_rrp_of_100digit",0.000770926808208829
"llr_productGroup_x_repeat_color",0.000770926808208829
"llr_productGroup_x_sameArticleDiffColor",0.000770926808208829
"llr_repeatOrderSameSize_x_colorlastthreesum",0.000770926808208829
"llr_sameArticleDiffSize_x_sameArticleDiffColor",0.000770926808208829
"llr_sizeCode_x_businessCustomer2",0.000770926808208829
"llr_week_x_sameArticleDiffColor",0.000770926808208829
"sameArticleDiffSize",0.000770926808208829
"total_price_per_day",0.000770926808208829
"min_price_per_size",0
"articleID_thousands",0
"articleID_hundreds",0
"articleID_tens",0
"articleID_ones",0
"businessCustomer",0
"extreme_size",0
"freqColorCode_last3",0
"freqColorCode_hundreds",0
"freqColorCode_ones",0
"end_price",0
"end_unit_price",0
"total_voucherAmount_by_productGroup0",0
"total_rrp0_by_productGroup0",0
"freqProductGroup",0
"discountProp.1",0
"n_days_voucherID",0
"legal_holiday",0
"general_holiday",0
"any_holiday",0
"min_price_per_product",0
"max_price_per_product",0
"mean_price_per_product",0
"clustCustomer2",0
"quantity_per_size",0
"quantity_per_product",0
"customer_order_product_prop",0
"time_between2",0
"median_voucherAmt_per_day",0
"avg_rrp_per_day",0
"median_rrp_per_day",0
"total_rrp_per_day",0
"vouchers_per_day",0
"customer_per_day",0
"repeatOrderSameSize",0
"sameArticleDiffColor",0
"sameProductDiffSize",0
"voucherID_last2",0
"voucherID_hundreds",0
"voucherID_tens",0
"size_num_train",0
"extreme_size_train",0
"repeat_color",0
"repeat_size",0
"repeat_product",0
"repeat_article",0
"revisit_in_three_month",0
"llr_articleID_x_colorCode",0
"llr_articleID_x_productGroup",0
"llr_articleID_x_colorlastthree",0
"llr_articleID_x_article_t_h",0
"llr_articleID_x_cluster_articleID_by_rrp_productgroup",0
"llr_articleID_x_max_freq_color_code",0
"llr_articleID_x_newproductgrouprrptwodigits_1",0
"llr_articleID_x_newproductgrouprrptwodigits_2",0
"llr_articleID_x_newproductgrouprrptwodigits_3",0
"llr_articleID_x_newproductgrouprrptwodigits_4",0
"llr_articleID_x_binned_new_productGroup_option_1",0
"llr_articleID_x_binned_new_productGroup_option_2",0
"llr_articleID_x_binned_new_productGroup_option_3",0
"llr_articleID_x_binned_new_productGroup_option_4",0
"llr_articleID_x_productGroup_rrp",0
"llr_articleID_x_productGroup_rrp_of_10digit",0
"llr_articleID_x_productGroup_rrp_of_100digit",0
"llr_articleID_x_productGroup_rrp_of_1digit",0
"llr_colorCode",0
"llr_colorCode_x_colorhundreddigit",0
"llr_colorCode_x_colorlastthree",0
"llr_colorCode_x_colorlastthreesum",0
"llr_colorCode_x_colorlasttwodigit",0
"llr_colorCode_x_num_size_by_articleID_productgroup",0
"llr_colorCode_x_newproductgrouprrptwodigits_2",0
"llr_colorCode_x_newproductgrouprrptwodigits_3",0
"llr_colorCode_x_newproductgrouprrptwodigits_4",0
"llr_colorCode_x_binned_new_productGroup_option_1",0
"llr_colorCode_x_binned_new_productGroup_option_2",0
"llr_colorCode_x_binned_new_productGroup_option_3",0
"llr_colorCode_x_binned_new_productGroup_option_4",0
"llr_colorCode_x_productGroup_rrp",0
"llr_colorCode_x_productGroup_rrp_of_10digit",0
"llr_sizeCode",0
"llr_sizeCode_x_sameArticleDiffSize",0
"llr_sizeCode_x_num_size_by_articleID_productgroup",0
"llr_sizeCode_x_newproductgrouprrptwodigits_2",0
"llr_sizeCode_x_newproductgrouprrptwodigits_3",0
"llr_sizeCode_x_newproductgrouprrptwodigits_4",0
"llr_sizeCode_x_binned_new_productGroup_option_1",0
"llr_sizeCode_x_binned_new_productGroup_option_2",0
"llr_sizeCode_x_binned_new_productGroup_option_3",0
"llr_sizeCode_x_binned_new_productGroup_option_4",0
"llr_sizeCode_x_productGroup_rrp",0
"llr_productGroup",0
"llr_productGroup_x_businessCustomer2",0
"llr_productGroup_x_sameProductDiffSize",0
"llr_productGroup_x_legal_holiday",0
"llr_productGroup_x_any_holiday",0
"llr_productGroup_x_colorhundreddigit",0
"llr_productGroup_x_num_size_by_articleID_productgroup",0
"llr_productGroup_x_unitprice_vary_within_week_by_articleID",0
"llr_productGroup_x_article_t_h",0
"llr_productGroup_x_cluster_articleID_by_rrp_productgroup",0
"llr_productGroup_x_newproductgrouprrptwodigits_2",0
"llr_productGroup_x_newproductgrouprrptwodigits_3",0
"llr_productGroup_x_newproductgrouprrptwodigits_4",0
"llr_productGroup_x_binned_new_productGroup_option_1",0
"llr_productGroup_x_binned_new_productGroup_option_2",0
"llr_productGroup_x_binned_new_productGroup_option_3",0
"llr_productGroup_x_binned_new_productGroup_option_4",0
"llr_productGroup_x_productGroup_rrp",0
"llr_productGroup_x_productGroup_rrp_of_10digit",0
"llr_productGroup_x_productGroup_rrp_of_100digit",0
"llr_productGroup_x_productGroup_rrp_of_1digit",0
"llr_voucherID",0
"llr_voucherID_x_newproductgrouprrptwodigits_2",0
"llr_voucherID_x_newproductgrouprrptwodigits_3",0
"llr_voucherID_x_newproductgrouprrptwodigits_4",0
"llr_voucherID_x_binned_new_productGroup_option_1",0
"llr_voucherID_x_binned_new_productGroup_option_2",0
"llr_voucherID_x_binned_new_productGroup_option_3",0
"llr_voucherID_x_binned_new_productGroup_option_4",0
"llr_voucherID_x_productGroup_rrp",0
"llr_voucherID_x_productGroup_rrp_of_10digit",0
"llr_voucherID_x_productGroup_rrp_of_100digit",0
"llr_customerID_x_businessCustomer",0
"llr_customerID_x_businessCustomer2",0
"llr_customerID_x_max_freq_paymeth_letters_by_custome",0
"llr_customerID_x_newproductgrouprrptwodigits_2",0
"llr_customerID_x_newproductgrouprrptwodigits_3",0
"llr_customerID_x_newproductgrouprrptwodigits_4",0
"llr_customerID_x_binned_new_productGroup_option_1",0
"llr_customerID_x_binned_new_productGroup_option_2",0
"llr_customerID_x_binned_new_productGroup_option_3",0
"llr_customerID_x_binned_new_productGroup_option_4",0
"llr_customerID_x_productGroup_rrp",0
"llr_customerID_x_productGroup_rrp_of_10digit",0
"llr_deviceID",0
"llr_deviceID_x_month",0
"llr_deviceID_x_businessCustomer2",0
"llr_deviceID_x_repeatOrderSameSize",0
"llr_deviceID_x_repeat_color",0
"llr_deviceID_x_repeat_size",0
"llr_deviceID_x_repeat_product",0
"llr_deviceID_x_repeat_article",0
"llr_deviceID_x_num_size_by_articleID_productgroup",0
"llr_deviceID_x_newproductgrouprrptwodigits_2",0
"llr_deviceID_x_newproductgrouprrptwodigits_3",0
"llr_deviceID_x_newproductgrouprrptwodigits_4",0
"llr_deviceID_x_binned_new_productGroup_option_1",0
"llr_deviceID_x_binned_new_productGroup_option_2",0
"llr_deviceID_x_binned_new_productGroup_option_3",0
"llr_deviceID_x_binned_new_productGroup_option_4",0
"llr_deviceID_x_productGroup_rrp",0
"llr_deviceID_x_productGroup_rrp_of_10digit",0
"llr_deviceID_x_productGroup_rrp_of_100digit",0
"llr_paymentMethod",0
"llr_paymentMethod_x_month",0
"llr_paymentMethod_x_businessCustomer2",0
"llr_paymentMethod_x_general_holiday",0
"llr_paymentMethod_x_repeat_article",0
"llr_paymentMethod_x_num_size_by_articleID_productgroup",0
"llr_paymentMethod_x_newproductgrouprrptwodigits_2",0
"llr_paymentMethod_x_newproductgrouprrptwodigits_3",0
"llr_paymentMethod_x_newproductgrouprrptwodigits_4",0
"llr_paymentMethod_x_binned_new_productGroup_option_1",0
"llr_paymentMethod_x_binned_new_productGroup_option_2",0
"llr_paymentMethod_x_binned_new_productGroup_option_3",0
"llr_paymentMethod_x_binned_new_productGroup_option_4",0
"llr_paymentMethod_x_productGroup_rrp",0
"llr_paymentMethod_x_productGroup_rrp_of_10digit",0
"llr_month",0
"llr_month_x_dow",0
"llr_month_x_week",0
"llr_month_x_businessCustomer",0
"llr_month_x_businessCustomer2",0
"llr_month_x_repeatOrderSameSize",0
"llr_month_x_sameArticleDiffSize",0
"llr_month_x_sameArticleDiffColor",0
"llr_month_x_sameProductDiffSize",0
"llr_month_x_general_holiday",0
"llr_month_x_any_holiday",0
"llr_month_x_repeat_color",0
"llr_month_x_repeat_size",0
"llr_month_x_repeat_product",0
"llr_month_x_repeat_article",0
"llr_month_x_pattern_paste_numofcolor_numofsize_by_article_productgroup",0
"llr_month_x_unitprice_vary_within_week_by_articleID",0
"llr_month_x_article_t_h",0
"llr_month_x_newproductgrouprrptwodigits_2",0
"llr_month_x_newproductgrouprrptwodigits_3",0
"llr_month_x_newproductgrouprrptwodigits_4",0
"llr_month_x_binned_new_productGroup_option_1",0
"llr_month_x_binned_new_productGroup_option_2",0
"llr_month_x_binned_new_productGroup_option_3",0
"llr_month_x_binned_new_productGroup_option_4",0
"llr_month_x_productGroup_rrp",0
"llr_month_x_productGroup_rrp_of_10digit",0
"llr_dow",0
"llr_dow_x_sameArticleDiffSize",0
"llr_dow_x_sameArticleDiffColor",0
"llr_dow_x_sameProductDiffSize",0
"llr_dow_x_general_holiday",0
"llr_dow_x_any_holiday",0
"llr_dow_x_repeat_color",0
"llr_dow_x_repeat_size",0
"llr_dow_x_repeat_product",0
"llr_dow_x_repeat_article",0
"llr_dow_x_newproductgrouprrptwodigits_2",0
"llr_dow_x_newproductgrouprrptwodigits_3",0
"llr_dow_x_newproductgrouprrptwodigits_4",0
"llr_dow_x_binned_new_productGroup_option_1",0
"llr_dow_x_binned_new_productGroup_option_2",0
"llr_dow_x_binned_new_productGroup_option_3",0
"llr_dow_x_binned_new_productGroup_option_4",0
"llr_dow_x_productGroup_rrp",0
"llr_dow_x_productGroup_rrp_of_10digit",0
"llr_dow_x_productGroup_rrp_of_100digit",0
"llr_week",0
"llr_week_x_sameProductDiffSize",0
"llr_week_x_general_holiday",0
"llr_week_x_any_holiday",0
"llr_week_x_repeat_color",0
"llr_week_x_repeat_article",0
"llr_week_x_num_color_by_articleID_productgroup",0
"llr_week_x_num_size_by_articleID_productgroup",0
"llr_week_x_newproductgrouprrptwodigits_2",0
"llr_week_x_newproductgrouprrptwodigits_3",0
"llr_week_x_newproductgrouprrptwodigits_4",0
"llr_week_x_binned_new_productGroup_option_1",0
"llr_week_x_binned_new_productGroup_option_2",0
"llr_week_x_binned_new_productGroup_option_3",0
"llr_week_x_binned_new_productGroup_option_4",0
"llr_week_x_productGroup_rrp",0
"llr_week_x_productGroup_rrp_of_10digit",0
"llr_businessCustomer_x_businessCustomer2",0
"llr_businessCustomer_x_repeatOrderSameSize",0
"llr_businessCustomer_x_sameArticleDiffSize",0
"llr_businessCustomer_x_sameArticleDiffColor",0
"llr_businessCustomer_x_sameProductDiffSize",0
"llr_businessCustomer_x_legal_holiday",0
"llr_businessCustomer_x_general_holiday",0
"llr_businessCustomer_x_any_holiday",0
"llr_businessCustomer_x_repeat_color",0
"llr_businessCustomer_x_num_size_by_articleID_productgroup",0
"llr_businessCustomer_x_unitprice_vary_within_week_by_articleID",0
"llr_businessCustomer_x_newproductgrouprrptwodigits_1",0
"llr_businessCustomer_x_newproductgrouprrptwodigits_2",0
"llr_businessCustomer_x_newproductgrouprrptwodigits_3",0
"llr_businessCustomer_x_newproductgrouprrptwodigits_4",0
"llr_businessCustomer_x_binned_new_productGroup_option_1",0
"llr_businessCustomer_x_binned_new_productGroup_option_2",0
"llr_businessCustomer_x_binned_new_productGroup_option_3",0
"llr_businessCustomer_x_binned_new_productGroup_option_4",0
"llr_businessCustomer_x_productGroup_rrp",0
"llr_businessCustomer_x_productGroup_rrp_of_10digit",0
"llr_businessCustomer_x_productGroup_rrp_of_100digit",0
"llr_businessCustomer_x_productGroup_rrp_of_1digit",0
"llr_businessCustomer2_x_repeatOrderSameSize",0
"llr_businessCustomer2_x_sameArticleDiffColor",0
"llr_businessCustomer2_x_sameProductDiffSize",0
"llr_businessCustomer2_x_legal_holiday",0
"llr_businessCustomer2_x_general_holiday",0
"llr_businessCustomer2_x_any_holiday",0
"llr_businessCustomer2_x_repeat_color",0
"llr_businessCustomer2_x_repeat_size",0
"llr_businessCustomer2_x_num_color_by_articleID_productgroup",0
"llr_businessCustomer2_x_pattern_paste_numofcolor_numofsize_by_article_productgroup",0
"llr_businessCustomer2_x_unitprice_vary_within_week_by_articleID",0
"llr_businessCustomer2_x_productGroup_article_t_h",0
"llr_businessCustomer2_x_cluster_articleID_by_rrp_productgroup",0
"llr_businessCustomer2_x_extreme_size",0
"llr_businessCustomer2_x_newproductgrouprrptwodigits_1",0
"llr_businessCustomer2_x_newproductgrouprrptwodigits_2",0
"llr_businessCustomer2_x_newproductgrouprrptwodigits_3",0
"llr_businessCustomer2_x_newproductgrouprrptwodigits_4",0
"llr_businessCustomer2_x_binned_new_productGroup_option_1",0
"llr_businessCustomer2_x_binned_new_productGroup_option_2",0
"llr_businessCustomer2_x_binned_new_productGroup_option_3",0
"llr_businessCustomer2_x_binned_new_productGroup_option_4",0
"llr_businessCustomer2_x_productGroup_rrp",0
"llr_businessCustomer2_x_productGroup_rrp_of_10digit",0
"llr_businessCustomer2_x_productGroup_rrp_of_100digit",0
"llr_repeatOrderSameSize_x_sameProductDiffSize",0
"llr_repeatOrderSameSize_x_legal_holiday",0
"llr_repeatOrderSameSize_x_general_holiday",0
"llr_repeatOrderSameSize_x_any_holiday",0
"llr_repeatOrderSameSize_x_repeat_color",0
"llr_repeatOrderSameSize_x_colorhundreddigit",0
"llr_repeatOrderSameSize_x_num_color_by_articleID_productgroup",0
"llr_repeatOrderSameSize_x_num_size_by_articleID_productgroup",0
"llr_repeatOrderSameSize_x_article_t_h",0
"llr_repeatOrderSameSize_x_cluster_articleID_by_rrp_productgroup",0
"llr_repeatOrderSameSize_x_newproductgrouprrptwodigits_2",0
"llr_repeatOrderSameSize_x_newproductgrouprrptwodigits_3",0
"llr_repeatOrderSameSize_x_newproductgrouprrptwodigits_4",0
"llr_repeatOrderSameSize_x_binned_new_productGroup_option_1",0
"llr_repeatOrderSameSize_x_binned_new_productGroup_option_2",0
"llr_repeatOrderSameSize_x_binned_new_productGroup_option_3",0
"llr_repeatOrderSameSize_x_binned_new_productGroup_option_4",0
"llr_repeatOrderSameSize_x_productGroup_rrp",0
"llr_repeatOrderSameSize_x_productGroup_rrp_of_10digit",0
"llr_repeatOrderSameSize_x_productGroup_rrp_of_1digit",0
"llr_sameArticleDiffSize_x_legal_holiday",0
"llr_sameArticleDiffSize_x_general_holiday",0
"llr_sameArticleDiffSize_x_any_holiday",0
"llr_sameArticleDiffSize_x_repeat_product",0
"llr_sameArticleDiffSize_x_repeat_article",0
"llr_sameArticleDiffSize_x_colorhundreddigit",0
"llr_sameArticleDiffSize_x_num_color_by_articleID_productgroup",0
"llr_sameArticleDiffSize_x_unitprice_vary_within_month_by_articleID",0
"llr_sameArticleDiffSize_x_extreme_size",0
"llr_sameArticleDiffSize_x_newproductgrouprrptwodigits_2",0
"llr_sameArticleDiffSize_x_newproductgrouprrptwodigits_3",0
"llr_sameArticleDiffSize_x_newproductgrouprrptwodigits_4",0
"llr_sameArticleDiffSize_x_binned_new_productGroup_option_1",0
"llr_sameArticleDiffSize_x_binned_new_productGroup_option_2",0
"llr_sameArticleDiffSize_x_binned_new_productGroup_option_3",0
"llr_sameArticleDiffSize_x_binned_new_productGroup_option_4",0
"llr_sameArticleDiffSize_x_productGroup_rrp",0
"llr_sameArticleDiffSize_x_productGroup_rrp_of_100digit",0
"llr_sameArticleDiffColor_x_sameProductDiffSize",0
"llr_sameArticleDiffColor_x_legal_holiday",0
"llr_sameArticleDiffColor_x_general_holiday",0
"llr_sameArticleDiffColor_x_any_holiday",0
"llr_sameArticleDiffColor_x_repeat_color",0
"llr_sameArticleDiffColor_x_repeat_article",0
"llr_sameArticleDiffColor_x_colorhundreddigit",0
"llr_sameArticleDiffColor_x_extreme_size",0
"llr_sameArticleDiffColor_x_newproductgrouprrptwodigits_2",0
"llr_sameArticleDiffColor_x_newproductgrouprrptwodigits_3",0
"llr_sameArticleDiffColor_x_newproductgrouprrptwodigits_4",0
"llr_sameArticleDiffColor_x_binned_new_productGroup_option_1",0
"llr_sameArticleDiffColor_x_binned_new_productGroup_option_2",0
"llr_sameArticleDiffColor_x_binned_new_productGroup_option_3",0
"llr_sameArticleDiffColor_x_binned_new_productGroup_option_4",0
"llr_sameArticleDiffColor_x_productGroup_rrp",0
"llr_sameArticleDiffColor_x_productGroup_rrp_of_1digit",0
"llr_sameProductDiffSize_x_legal_holiday",0
"llr_sameProductDiffSize_x_general_holiday",0
"llr_sameProductDiffSize_x_any_holiday",0
"llr_sameProductDiffSize_x_repeat_product",0
"llr_sameProductDiffSize_x_repeat_article",0
"llr_sameProductDiffSize_x_pattern_paste_numofcolor_numofsize_by_article_productgroup",0
"llr_sameProductDiffSize_x_unitprice_vary_within_week_by_articleID",0
"llr_sameProductDiffSize_x_unitprice_vary_within_month_by_articleID",0
"llr_sameProductDiffSize_x_extreme_size",0
"llr_sameProductDiffSize_x_newproductgrouprrptwodigits_2",0
"llr_sameProductDiffSize_x_newproductgrouprrptwodigits_3",0
"llr_sameProductDiffSize_x_newproductgrouprrptwodigits_4",0
"llr_sameProductDiffSize_x_binned_new_productGroup_option_1",0
"llr_sameProductDiffSize_x_binned_new_productGroup_option_2",0
"llr_sameProductDiffSize_x_binned_new_productGroup_option_3",0
"llr_sameProductDiffSize_x_binned_new_productGroup_option_4",0
"llr_sameProductDiffSize_x_productGroup_rrp",0
"llr_sameProductDiffSize_x_productGroup_rrp_of_10digit",0
"llr_sameProductDiffSize_x_productGroup_rrp_of_100digit",0
"llr_legal_holiday_x_any_holiday",0
"llr_legal_holiday_x_repeat_color",0
"llr_legal_holiday_x_colorlastthree",0
"llr_legal_holiday_x_num_size_by_articleID_productgroup",0
"llr_legal_holiday_x_pattern_paste_numofcolor_numofsize_by_article_productgroup",0
"llr_legal_holiday_x_unitprice_vary_within_week_by_articleID",0
"llr_legal_holiday_x_cluster_articleID_by_rrp_productgroup",0
"llr_legal_holiday_x_newproductgrouprrptwodigits_2",0
"llr_legal_holiday_x_newproductgrouprrptwodigits_3",0
"llr_legal_holiday_x_newproductgrouprrptwodigits_4",0
"llr_legal_holiday_x_binned_new_productGroup_option_1",0
"llr_legal_holiday_x_binned_new_productGroup_option_2",0
"llr_legal_holiday_x_binned_new_productGroup_option_3",0
"llr_legal_holiday_x_binned_new_productGroup_option_4",0
"llr_legal_holiday_x_productGroup_rrp",0
"llr_legal_holiday_x_productGroup_rrp_of_10digit",0
"llr_legal_holiday_x_productGroup_rrp_of_100digit",0
"llr_legal_holiday_x_productGroup_rrp_of_1digit",0
"llr_general_holiday_x_any_holiday",0
"llr_general_holiday_x_repeat_size",0
"llr_general_holiday_x_repeat_article",0
"llr_general_holiday_x_colorlastthreesum",0
"llr_general_holiday_x_num_color_by_articleID_productgroup",0
"llr_general_holiday_x_num_size_by_articleID_productgroup",0
"llr_general_holiday_x_pattern_paste_numofcolor_numofsize_by_article_productgroup",0
"llr_general_holiday_x_unitprice_vary_within_week_by_articleID",0
"llr_general_holiday_x_unitprice_vary_within_month_by_articleID",0
"llr_general_holiday_x_cluster_articleID_by_rrp_productgroup",0
"llr_general_holiday_x_max_freq_paymeth_letters_by_custome",0
"llr_general_holiday_x_newproductgrouprrptwodigits_1",0
"llr_general_holiday_x_newproductgrouprrptwodigits_2",0
"llr_general_holiday_x_newproductgrouprrptwodigits_3",0
"llr_general_holiday_x_newproductgrouprrptwodigits_4",0
"llr_general_holiday_x_binned_new_productGroup_option_2",0
"llr_general_holiday_x_binned_new_productGroup_option_3",0
"llr_general_holiday_x_binned_new_productGroup_option_4",0
"llr_general_holiday_x_productGroup_rrp",0
"llr_general_holiday_x_productGroup_rrp_of_1digit",0
"llr_any_holiday_x_repeat_color",0
"llr_any_holiday_x_repeat_size",0
"llr_any_holiday_x_repeat_article",0
"llr_any_holiday_x_colorhundreddigit",0
"llr_any_holiday_x_colorlastthree",0
"llr_any_holiday_x_num_color_by_articleID_productgroup",0
"llr_any_holiday_x_num_size_by_articleID_productgroup",0
"llr_any_holiday_x_unitprice_vary_within_month_by_articleID",0
"llr_any_holiday_x_article_t_h",0
"llr_any_holiday_x_productGroup_article_t_h",0
"llr_any_holiday_x_max_freq_paymeth_letters_by_custome",0
"llr_any_holiday_x_newproductgrouprrptwodigits_2",0
"llr_any_holiday_x_newproductgrouprrptwodigits_3",0
"llr_any_holiday_x_newproductgrouprrptwodigits_4",0
"llr_any_holiday_x_binned_new_productGroup_option_1",0
"llr_any_holiday_x_binned_new_productGroup_option_2",0
"llr_any_holiday_x_binned_new_productGroup_option_3",0
"llr_any_holiday_x_binned_new_productGroup_option_4",0
"llr_any_holiday_x_productGroup_rrp",0
"llr_any_holiday_x_productGroup_rrp_of_10digit",0
"llr_any_holiday_x_productGroup_rrp_of_100digit",0
"llr_any_holiday_x_productGroup_rrp_of_1digit",0
"llr_repeat_color_x_colorlastthreesum",0
"llr_repeat_color_x_num_size_by_articleID_productgroup",0
"llr_repeat_color_x_pattern_paste_numofcolor_numofsize_by_article_productgroup",0
"llr_repeat_color_x_unitprice_vary_within_month_by_articleID",0
"llr_repeat_color_x_max_freq_paymeth_letters_by_custome",0
"llr_repeat_color_x_extreme_size",0
"llr_repeat_color_x_newproductgrouprrptwodigits_2",0
"llr_repeat_color_x_newproductgrouprrptwodigits_3",0
"llr_repeat_color_x_newproductgrouprrptwodigits_4",0
"llr_repeat_color_x_binned_new_productGroup_option_1",0
"llr_repeat_color_x_binned_new_productGroup_option_2",0
"llr_repeat_color_x_binned_new_productGroup_option_3",0
"llr_repeat_color_x_binned_new_productGroup_option_4",0
"llr_repeat_color_x_productGroup_rrp",0
"llr_repeat_color_x_productGroup_rrp_of_10digit",0
"llr_repeat_color_x_productGroup_rrp_of_1digit",0
"llr_repeat_size_x_repeat_product",0
"llr_repeat_size_x_num_size_by_articleID_productgroup",0
"llr_repeat_size_x_pattern_paste_numofcolor_numofsize_by_article_productgroup",0
"llr_repeat_size_x_max_freq_paymeth_letters_by_custome",0
"llr_repeat_size_x_newproductgrouprrptwodigits_2",0
"llr_repeat_size_x_newproductgrouprrptwodigits_3",0
"llr_repeat_size_x_newproductgrouprrptwodigits_4",0
"llr_repeat_size_x_binned_new_productGroup_option_1",0
"llr_repeat_size_x_binned_new_productGroup_option_2",0
"llr_repeat_size_x_binned_new_productGroup_option_3",0
"llr_repeat_size_x_binned_new_productGroup_option_4",0
"llr_repeat_size_x_productGroup_rrp",0
"llr_repeat_size_x_productGroup_rrp_of_10digit",0
"llr_repeat_size_x_productGroup_rrp_of_100digit",0
"llr_repeat_product_x_repeat_article",0
"llr_repeat_product_x_pattern_paste_numofcolor_numofsize_by_article_productgroup",0
"llr_repeat_product_x_unitprice_vary_within_month_by_articleID",0
"llr_repeat_product_x_newproductgrouprrptwodigits_2",0
"llr_repeat_product_x_newproductgrouprrptwodigits_3",0
"llr_repeat_product_x_newproductgrouprrptwodigits_4",0
"llr_repeat_product_x_binned_new_productGroup_option_1",0
"llr_repeat_product_x_binned_new_productGroup_option_2",0
"llr_repeat_product_x_binned_new_productGroup_option_3",0
"llr_repeat_product_x_binned_new_productGroup_option_4",0
"llr_repeat_product_x_productGroup_rrp",0
"llr_repeat_product_x_productGroup_rrp_of_10digit",0
"llr_repeat_product_x_productGroup_rrp_of_100digit",0
"llr_repeat_article_x_pattern_paste_numofcolor_numofsize_by_article_productgroup",0
"llr_repeat_article_x_unitprice_vary_within_month_by_articleID",0
"llr_repeat_article_x_cluster_articleID_by_rrp_productgroup",0
"llr_repeat_article_x_newproductgrouprrptwodigits_1",0
"llr_repeat_article_x_newproductgrouprrptwodigits_2",0
"llr_repeat_article_x_newproductgrouprrptwodigits_3",0
"llr_repeat_article_x_newproductgrouprrptwodigits_4",0
"llr_repeat_article_x_binned_new_productGroup_option_1",0
"llr_repeat_article_x_binned_new_productGroup_option_2",0
"llr_repeat_article_x_binned_new_productGroup_option_3",0
"llr_repeat_article_x_binned_new_productGroup_option_4",0
"llr_repeat_article_x_productGroup_rrp",0
"llr_repeat_article_x_productGroup_rrp_of_100digit",0
"llr_colorhundreddigit",0
"llr_colorhundreddigit_x_colorlastthree",0
"llr_colorhundreddigit_x_colorlasttwodigit",0
"llr_colorhundreddigit_x_num_size_by_articleID_productgroup",0
"llr_colorhundreddigit_x_max_freq_paymeth_letters_by_custome",0
"llr_colorhundreddigit_x_newproductgrouprrptwodigits_2",0
"llr_colorhundreddigit_x_newproductgrouprrptwodigits_3",0
"llr_colorhundreddigit_x_newproductgrouprrptwodigits_4",0
"llr_colorhundreddigit_x_binned_new_productGroup_option_1",0
"llr_colorhundreddigit_x_binned_new_productGroup_option_2",0
"llr_colorhundreddigit_x_binned_new_productGroup_option_3",0
"llr_colorhundreddigit_x_binned_new_productGroup_option_4",0
"llr_colorhundreddigit_x_productGroup_rrp",0
"llr_colorhundreddigit_x_productGroup_rrp_of_10digit",0
"llr_colorlastthree",0
"llr_colorlastthree_x_colorlastthreesum",0
"llr_colorlastthree_x_colorlasttwodigit",0
"llr_colorlastthree_x_num_size_by_articleID_productgroup",0
"llr_colorlastthree_x_unitprice_vary_within_week_by_articleID",0
"llr_colorlastthree_x_max_freq_color_code",0
"llr_colorlastthree_x_newproductgrouprrptwodigits_2",0
"llr_colorlastthree_x_newproductgrouprrptwodigits_3",0
"llr_colorlastthree_x_newproductgrouprrptwodigits_4",0
"llr_colorlastthree_x_binned_new_productGroup_option_1",0
"llr_colorlastthree_x_binned_new_productGroup_option_2",0
"llr_colorlastthree_x_binned_new_productGroup_option_3",0
"llr_colorlastthree_x_binned_new_productGroup_option_4",0
"llr_colorlastthree_x_productGroup_rrp",0
"llr_colorlastthree_x_productGroup_rrp_of_10digit",0
"llr_colorlastthreesum",0
"llr_colorlastthreesum_x_colorlasttwodigit",0
"llr_colorlastthreesum_x_newproductgrouprrptwodigits_2",0
"llr_colorlastthreesum_x_newproductgrouprrptwodigits_3",0
"llr_colorlastthreesum_x_newproductgrouprrptwodigits_4",0
"llr_colorlastthreesum_x_binned_new_productGroup_option_1",0
"llr_colorlastthreesum_x_binned_new_productGroup_option_2",0
"llr_colorlastthreesum_x_binned_new_productGroup_option_3",0
"llr_colorlastthreesum_x_binned_new_productGroup_option_4",0
"llr_colorlastthreesum_x_productGroup_rrp",0
"llr_colorlastthreesum_x_productGroup_rrp_of_10digit",0
"llr_colorlasttwodigit_x_newproductgrouprrptwodigits_2",0
"llr_colorlasttwodigit_x_newproductgrouprrptwodigits_3",0
"llr_colorlasttwodigit_x_newproductgrouprrptwodigits_4",0
"llr_colorlasttwodigit_x_binned_new_productGroup_option_1",0
"llr_colorlasttwodigit_x_binned_new_productGroup_option_2",0
"llr_colorlasttwodigit_x_binned_new_productGroup_option_3",0
"llr_colorlasttwodigit_x_binned_new_productGroup_option_4",0
"llr_colorlasttwodigit_x_productGroup_rrp",0
"llr_colorlasttwodigit_x_productGroup_rrp_of_10digit",0
"llr_voucher_Amount_coupon_x_newproductgrouprrptwodigits_2",0
"llr_voucher_Amount_coupon_x_newproductgrouprrptwodigits_3",0
"llr_voucher_Amount_coupon_x_newproductgrouprrptwodigits_4",0
"llr_voucher_Amount_coupon_x_binned_new_productGroup_option_1",0
"llr_voucher_Amount_coupon_x_binned_new_productGroup_option_2",0
"llr_voucher_Amount_coupon_x_binned_new_productGroup_option_3",0
"llr_voucher_Amount_coupon_x_binned_new_productGroup_option_4",0
"llr_voucher_Amount_coupon_x_productGroup_rrp",0
"llr_num_color_by_articleID_productgroup",0
"llr_num_color_by_articleID_productgroup_x_num_size_by_articleID_productgroup",0
"llr_num_color_by_articleID_productgroup_x_pattern_paste_numofcolor_numofsize_by_article_productgroup",0
"llr_num_color_by_articleID_productgroup_x_newproductgrouprrptwodigits_2",0
"llr_num_color_by_articleID_productgroup_x_newproductgrouprrptwodigits_3",0
"llr_num_color_by_articleID_productgroup_x_newproductgrouprrptwodigits_4",0
"llr_num_color_by_articleID_productgroup_x_binned_new_productGroup_option_1",0
"llr_num_color_by_articleID_productgroup_x_binned_new_productGroup_option_2",0
"llr_num_color_by_articleID_productgroup_x_binned_new_productGroup_option_3",0
"llr_num_color_by_articleID_productgroup_x_binned_new_productGroup_option_4",0
"llr_num_color_by_articleID_productgroup_x_productGroup_rrp",0
"llr_num_color_by_articleID_productgroup_x_productGroup_rrp_of_1digit",0
"llr_num_size_by_articleID_productgroup_x_pattern_paste_numofcolor_numofsize_by_article_productgroup",0
"llr_num_size_by_articleID_productgroup_x_unitprice_vary_within_week_by_articleID",0
"llr_num_size_by_articleID_productgroup_x_article_t_h",0
"llr_num_size_by_articleID_productgroup_x_productGroup_article_t_h",0
"llr_num_size_by_articleID_productgroup_x_cluster_articleID_by_rrp_productgroup",0
"llr_num_size_by_articleID_productgroup_x_max_freq_paymeth_letters_by_custome",0
"llr_num_size_by_articleID_productgroup_x_newproductgrouprrptwodigits_1",0
"llr_num_size_by_articleID_productgroup_x_newproductgrouprrptwodigits_2",0
"llr_num_size_by_articleID_productgroup_x_newproductgrouprrptwodigits_3",0
"llr_num_size_by_articleID_productgroup_x_newproductgrouprrptwodigits_4",0
"llr_num_size_by_articleID_productgroup_x_binned_new_productGroup_option_1",0
"llr_num_size_by_articleID_productgroup_x_binned_new_productGroup_option_2",0
"llr_num_size_by_articleID_productgroup_x_binned_new_productGroup_option_3",0
"llr_num_size_by_articleID_productgroup_x_binned_new_productGroup_option_4",0
"llr_num_size_by_articleID_productgroup_x_productGroup_rrp",0
"llr_num_size_by_articleID_productgroup_x_productGroup_rrp_of_10digit",0
"llr_num_size_by_articleID_productgroup_x_productGroup_rrp_of_100digit",0
"llr_num_size_by_articleID_productgroup_x_productGroup_rrp_of_1digit",0
"llr_pattern_paste_numofcolor_numofsize_by_article_productgroup",0
"llr_pattern_paste_numofcolor_numofsize_by_article_productgroup_x_newproductgrouprrptwodigits_2",0
"llr_pattern_paste_numofcolor_numofsize_by_article_productgroup_x_newproductgrouprrptwodigits_3",0
"llr_pattern_paste_numofcolor_numofsize_by_article_productgroup_x_newproductgrouprrptwodigits_4",0
"llr_pattern_paste_numofcolor_numofsize_by_article_productgroup_x_binned_new_productGroup_option_1",0
"llr_pattern_paste_numofcolor_numofsize_by_article_productgroup_x_binned_new_productGroup_option_2",0
"llr_pattern_paste_numofcolor_numofsize_by_article_productgroup_x_binned_new_productGroup_option_3",0
"llr_pattern_paste_numofcolor_numofsize_by_article_productgroup_x_binned_new_productGroup_option_4",0
"llr_pattern_paste_numofcolor_numofsize_by_article_productgroup_x_productGroup_rrp",0
"llr_pattern_paste_numofcolor_numofsize_by_article_productgroup_x_productGroup_rrp_of_10digit",0
"llr_unitprice_vary_within_week_by_articleID",0
"llr_unitprice_vary_within_week_by_articleID_x_newproductgrouprrptwodigits_2",0
"llr_unitprice_vary_within_week_by_articleID_x_newproductgrouprrptwodigits_3",0
"llr_unitprice_vary_within_week_by_articleID_x_newproductgrouprrptwodigits_4",0
"llr_unitprice_vary_within_week_by_articleID_x_binned_new_productGroup_option_1",0
"llr_unitprice_vary_within_week_by_articleID_x_binned_new_productGroup_option_2",0
"llr_unitprice_vary_within_week_by_articleID_x_binned_new_productGroup_option_3",0
"llr_unitprice_vary_within_week_by_articleID_x_binned_new_productGroup_option_4",0
"llr_unitprice_vary_within_week_by_articleID_x_productGroup_rrp",0
"llr_unitprice_vary_within_week_by_articleID_x_productGroup_rrp_of_10digit",0
"llr_unitprice_vary_within_week_by_articleID_x_productGroup_rrp_of_1digit",0
"llr_unitprice_vary_within_month_by_articleID",0
"llr_unitprice_vary_within_month_by_articleID_x_article_t_h",0
"llr_unitprice_vary_within_month_by_articleID_x_newproductgrouprrptwodigits_2",0
"llr_unitprice_vary_within_month_by_articleID_x_newproductgrouprrptwodigits_3",0
"llr_unitprice_vary_within_month_by_articleID_x_newproductgrouprrptwodigits_4",0
"llr_unitprice_vary_within_month_by_articleID_x_binned_new_productGroup_option_1",0
"llr_unitprice_vary_within_month_by_articleID_x_binned_new_productGroup_option_2",0
"llr_unitprice_vary_within_month_by_articleID_x_binned_new_productGroup_option_3",0
"llr_unitprice_vary_within_month_by_articleID_x_binned_new_productGroup_option_4",0
"llr_unitprice_vary_within_month_by_articleID_x_productGroup_rrp",0
"llr_unitprice_vary_within_month_by_articleID_x_productGroup_rrp_of_10digit",0
"llr_article_t_h",0
"llr_article_t_h_x_productGroup_article_t_h",0
"llr_article_t_h_x_cluster_articleID_by_rrp_productgroup",0
"llr_article_t_h_x_newproductgrouprrptwodigits_2",0
"llr_article_t_h_x_newproductgrouprrptwodigits_3",0
"llr_article_t_h_x_newproductgrouprrptwodigits_4",0
"llr_article_t_h_x_binned_new_productGroup_option_1",0
"llr_article_t_h_x_binned_new_productGroup_option_2",0
"llr_article_t_h_x_binned_new_productGroup_option_3",0
"llr_article_t_h_x_binned_new_productGroup_option_4",0
"llr_article_t_h_x_productGroup_rrp",0
"llr_article_t_h_x_productGroup_rrp_of_10digit",0
"llr_article_t_h_x_productGroup_rrp_of_100digit",0
"llr_productGroup_article_t_h",0
"llr_productGroup_article_t_h_x_cluster_articleID_by_rrp_productgroup",0
"llr_productGroup_article_t_h_x_newproductgrouprrptwodigits_2",0
"llr_productGroup_article_t_h_x_newproductgrouprrptwodigits_3",0
"llr_productGroup_article_t_h_x_newproductgrouprrptwodigits_4",0
"llr_productGroup_article_t_h_x_binned_new_productGroup_option_1",0
"llr_productGroup_article_t_h_x_binned_new_productGroup_option_2",0
"llr_productGroup_article_t_h_x_binned_new_productGroup_option_3",0
"llr_productGroup_article_t_h_x_binned_new_productGroup_option_4",0
"llr_productGroup_article_t_h_x_productGroup_rrp",0
"llr_productGroup_article_t_h_x_productGroup_rrp_of_10digit",0
"llr_productGroup_article_t_h_x_productGroup_rrp_of_100digit",0
"llr_productGroup_article_t_h_x_productGroup_rrp_of_1digit",0
"llr_cluster_articleID_by_rrp_productgroup",0
"llr_cluster_articleID_by_rrp_productgroup_x_newproductgrouprrptwodigits_1",0
"llr_cluster_articleID_by_rrp_productgroup_x_newproductgrouprrptwodigits_2",0
"llr_cluster_articleID_by_rrp_productgroup_x_newproductgrouprrptwodigits_3",0
"llr_cluster_articleID_by_rrp_productgroup_x_newproductgrouprrptwodigits_4",0
"llr_cluster_articleID_by_rrp_productgroup_x_binned_new_productGroup_option_1",0
"llr_cluster_articleID_by_rrp_productgroup_x_binned_new_productGroup_option_2",0
"llr_cluster_articleID_by_rrp_productgroup_x_binned_new_productGroup_option_3",0
"llr_cluster_articleID_by_rrp_productgroup_x_binned_new_productGroup_option_4",0
"llr_cluster_articleID_by_rrp_productgroup_x_productGroup_rrp",0
"llr_cluster_articleID_by_rrp_productgroup_x_productGroup_rrp_of_10digit",0
"llr_cluster_articleID_by_rrp_productgroup_x_productGroup_rrp_of_100digit",0
"llr_cluster_articleID_by_rrp_productgroup_x_productGroup_rrp_of_1digit",0
"llr_max_freq_paymeth_letters_by_custome",0
"llr_max_freq_paymeth_letters_by_custome_x_newproductgrouprrptwodigits_2",0
"llr_max_freq_paymeth_letters_by_custome_x_newproductgrouprrptwodigits_3",0
"llr_max_freq_paymeth_letters_by_custome_x_newproductgrouprrptwodigits_4",0
"llr_max_freq_paymeth_letters_by_custome_x_binned_new_productGroup_option_1",0
"llr_max_freq_paymeth_letters_by_custome_x_binned_new_productGroup_option_2",0
"llr_max_freq_paymeth_letters_by_custome_x_binned_new_productGroup_option_3",0
"llr_max_freq_paymeth_letters_by_custome_x_binned_new_productGroup_option_4",0
"llr_max_freq_paymeth_letters_by_custome_x_productGroup_rrp",0
"llr_max_freq_paymeth_letters_by_custome_x_productGroup_rrp_of_10digit",0
"llr_max_freq_paymeth_letters_by_custome_x_productGroup_rrp_of_100digit",0
"llr_extreme_size_x_newproductgrouprrptwodigits_2",0
"llr_extreme_size_x_newproductgrouprrptwodigits_3",0
"llr_extreme_size_x_newproductgrouprrptwodigits_4",0
"llr_extreme_size_x_binned_new_productGroup_option_1",0
"llr_extreme_size_x_binned_new_productGroup_option_2",0
"llr_extreme_size_x_binned_new_productGroup_option_3",0
"llr_extreme_size_x_binned_new_productGroup_option_4",0
"llr_extreme_size_x_productGroup_rrp",0
"llr_extreme_size_x_productGroup_rrp_of_100digit",0
"llr_max_freq_color_code_x_newproductgrouprrptwodigits_2",0
"llr_max_freq_color_code_x_newproductgrouprrptwodigits_3",0
"llr_max_freq_color_code_x_newproductgrouprrptwodigits_4",0
"llr_max_freq_color_code_x_binned_new_productGroup_option_1",0
"llr_max_freq_color_code_x_binned_new_productGroup_option_2",0
"llr_max_freq_color_code_x_binned_new_productGroup_option_3",0
"llr_max_freq_color_code_x_binned_new_productGroup_option_4",0
"llr_max_freq_color_code_x_productGroup_rrp",0
"llr_max_freq_color_code_x_productGroup_rrp_of_10digit",0
"llr_max_freq_color_code_x_productGroup_rrp_of_100digit",0
"llr_max_freq_color_code_x_productGroup_rrp_of_1digit",0
"llr_newproductgrouprrptwodigits_1",0
"llr_newproductgrouprrptwodigits_1_x_newproductgrouprrptwodigits_2",0
"llr_newproductgrouprrptwodigits_1_x_newproductgrouprrptwodigits_3",0
"llr_newproductgrouprrptwodigits_1_x_newproductgrouprrptwodigits_4",0
"llr_newproductgrouprrptwodigits_1_x_binned_new_productGroup_option_1",0
"llr_newproductgrouprrptwodigits_1_x_binned_new_productGroup_option_2",0
"llr_newproductgrouprrptwodigits_1_x_binned_new_productGroup_option_3",0
"llr_newproductgrouprrptwodigits_1_x_binned_new_productGroup_option_4",0
"llr_newproductgrouprrptwodigits_1_x_productGroup_rrp",0
"llr_newproductgrouprrptwodigits_1_x_productGroup_rrp_of_10digit",0
"llr_newproductgrouprrptwodigits_1_x_productGroup_rrp_of_100digit",0
"llr_newproductgrouprrptwodigits_1_x_productGroup_rrp_of_1digit",0
"llr_newproductgrouprrptwodigits_2",0
"llr_newproductgrouprrptwodigits_2_x_newproductgrouprrptwodigits_3",0
"llr_newproductgrouprrptwodigits_2_x_newproductgrouprrptwodigits_4",0
"llr_newproductgrouprrptwodigits_2_x_binned_new_productGroup_option_1",0
"llr_newproductgrouprrptwodigits_2_x_binned_new_productGroup_option_2",0
"llr_newproductgrouprrptwodigits_2_x_binned_new_productGroup_option_3",0
"llr_newproductgrouprrptwodigits_2_x_binned_new_productGroup_option_4",0
"llr_newproductgrouprrptwodigits_2_x_productGroup_rrp",0
"llr_newproductgrouprrptwodigits_2_x_productGroup_rrp_of_10digit",0
"llr_newproductgrouprrptwodigits_2_x_productGroup_rrp_of_100digit",0
"llr_newproductgrouprrptwodigits_2_x_productGroup_rrp_of_1digit",0
"llr_newproductgrouprrptwodigits_3",0
"llr_newproductgrouprrptwodigits_3_x_newproductgrouprrptwodigits_4",0
"llr_newproductgrouprrptwodigits_3_x_binned_new_productGroup_option_1",0
"llr_newproductgrouprrptwodigits_3_x_binned_new_productGroup_option_2",0
"llr_newproductgrouprrptwodigits_3_x_binned_new_productGroup_option_3",0
"llr_newproductgrouprrptwodigits_3_x_binned_new_productGroup_option_4",0
"llr_newproductgrouprrptwodigits_3_x_productGroup_rrp",0
"llr_newproductgrouprrptwodigits_3_x_productGroup_rrp_of_10digit",0
"llr_newproductgrouprrptwodigits_3_x_productGroup_rrp_of_100digit",0
"llr_newproductgrouprrptwodigits_3_x_productGroup_rrp_of_1digit",0
"llr_newproductgrouprrptwodigits_4",0
"llr_newproductgrouprrptwodigits_4_x_binned_new_productGroup_option_1",0
"llr_newproductgrouprrptwodigits_4_x_binned_new_productGroup_option_2",0
"llr_newproductgrouprrptwodigits_4_x_binned_new_productGroup_option_3",0
"llr_newproductgrouprrptwodigits_4_x_binned_new_productGroup_option_4",0
"llr_newproductgrouprrptwodigits_4_x_productGroup_rrp",0
"llr_newproductgrouprrptwodigits_4_x_productGroup_rrp_of_10digit",0
"llr_newproductgrouprrptwodigits_4_x_productGroup_rrp_of_100digit",0
"llr_newproductgrouprrptwodigits_4_x_productGroup_rrp_of_1digit",0
"llr_binned_new_productGroup_option_1",0
"llr_binned_new_productGroup_option_1_x_binned_new_productGroup_option_2",0
"llr_binned_new_productGroup_option_1_x_binned_new_productGroup_option_3",0
"llr_binned_new_productGroup_option_1_x_binned_new_productGroup_option_4",0
"llr_binned_new_productGroup_option_1_x_productGroup_rrp",0
"llr_binned_new_productGroup_option_1_x_productGroup_rrp_of_10digit",0
"llr_binned_new_productGroup_option_1_x_productGroup_rrp_of_100digit",0
"llr_binned_new_productGroup_option_1_x_productGroup_rrp_of_1digit",0
"llr_binned_new_productGroup_option_2",0
"llr_binned_new_productGroup_option_2_x_binned_new_productGroup_option_3",0
"llr_binned_new_productGroup_option_2_x_binned_new_productGroup_option_4",0
"llr_binned_new_productGroup_option_2_x_productGroup_rrp",0
"llr_binned_new_productGroup_option_2_x_productGroup_rrp_of_10digit",0
"llr_binned_new_productGroup_option_2_x_productGroup_rrp_of_100digit",0
"llr_binned_new_productGroup_option_2_x_productGroup_rrp_of_1digit",0
"llr_binned_new_productGroup_option_3",0
"llr_binned_new_productGroup_option_3_x_binned_new_productGroup_option_4",0
"llr_binned_new_productGroup_option_3_x_productGroup_rrp",0
"llr_binned_new_productGroup_option_3_x_productGroup_rrp_of_10digit",0
"llr_binned_new_productGroup_option_3_x_productGroup_rrp_of_100digit",0
"llr_binned_new_productGroup_option_3_x_productGroup_rrp_of_1digit",0
"llr_binned_new_productGroup_option_4",0
"llr_binned_new_productGroup_option_4_x_productGroup_rrp",0
"llr_binned_new_productGroup_option_4_x_productGroup_rrp_of_10digit",0
"llr_binned_new_productGroup_option_4_x_productGroup_rrp_of_100digit",0
"llr_binned_new_productGroup_option_4_x_productGroup_rrp_of_1digit",0
"llr_productGroup_rrp",0
"llr_productGroup_rrp_x_productGroup_rrp_of_10digit",0
"llr_productGroup_rrp_x_productGroup_rrp_of_100digit",0
"llr_productGroup_rrp_x_productGroup_rrp_of_1digit",0
"llr_productGroup_rrp_of_10digit",0
"llr_productGroup_rrp_of_10digit_x_productGroup_rrp_of_100digit",0
"llr_productGroup_rrp_of_10digit_x_productGroup_rrp_of_1digit",0
"llr_productGroup_rrp_of_100digit",0
"llr_productGroup_rrp_of_100digit_x_productGroup_rrp_of_1digit",0
"llr_productGroup_rrp_of_1digit",0
