Features,Overall
quantity,100
unit_price,100
customer_order_product_prop,100
discountProp,99.97
llr_productGroup_x_customerID,98.78
llr_customerID_x_sameArticleDiffSize,98.78
llr_customerID_x_general_holiday,98.78
llr_customerID_x_repeat_product,98.78
llr_customerID,98.78
llr_customerID_x_repeat_size,98.75
llr_businessCustomer2_x_sameArticleDiffSize,98.15
llr_paymentMethod_x_sameArticleDiffSize,98.1
llr_customerID_x_legal_holiday,97.88
llr_articleID_x_sameArticleDiffSize,96.83
llr_colorCode_x_any_holiday,96.76
llr_articleID_x_paymentMethod,95.32
total_price_by_orderID,94.25
llr_articleID_x_sameProductDiffSize,94.19
customer_mean_rrp,93.86
llr_articleID_x_customerID,93.22
llr_colorCode_x_businessCustomer,92.95
llr_customerID_x_paymentMethod,92.57
total_rrp0_by_orderID,92.1
totalPrice_per_meanTime,88.96
llr_sizeCode_x_sameArticleDiffSize,88.88
max_price_per_article,87.5
llr_customerID_x_month,87.21
llr_productGroup_x_sameArticleDiffSize,86.95
llr_repeat_color_x_repeat_article,86.49
llr_customerID_x_repeatOrderSameSize,85.36
llr_customerID_x_repeat_article,84.21
llr_sizeCode_x_customerID,83.03
customer_order_article_prop,82.38
llr_articleID_x_colorCode,80
llr_colorCode_x_sameProductDiffSize,79.1
llr_customerID_x_dow,78.09
total_price_by_customerID,77.33
articleVsColor_per_order,76.49
llr_articleID_x_sameArticleDiffColor,76.28
size_num_train,75.62
total_rrp0_by_customerID,72.86
productVsSize_per_order,71.64
rrp,68.3
llr_articleID_x_repeat_product,67.28
llr_productGroup_x_sameArticleDiffColor,66.83
llr_paymentMethod_x_week,64.47
uniqueColors_per_order,63.97
customer_mean_voucherAmount,63.55
total_quantity_per_order,63.05
unit_price_min_avg,61.99
llr_customerID_x_week,60.85
runningTotalOrders,60.81
llr_sameArticleDiffSize_x_repeat_size,59.86
llr_deviceID_x_dow,58.78
businessCustomer2,58.53
llr_paymentMethod_x_sameProductDiffSize,58.44
llr_deviceID_x_legal_holiday,55.61
max_price_per_size,54.8
customer_std_price,53.44
total_rrp0_by_articleID,52.32
uniqueSizes_per_order,51.9
customer_color_counts,51.14
llr_voucherID_x_customerID,50.03
llr_articleID_x_sizeCode,49.85
llr_sameArticleDiffSize_x_sameArticleDiffColor,49.78
customer_article_quantity,49.41
llr_colorCode_x_voucherID,49.23
llr_dow_x_sameArticleDiffColor,49.21
total_voucherAmount_by_articleID.1,49.19
paymentMethod_per_customer_train,48.88
customer_product_quantity,48.2
customer_median_rrp,48.07
customer_color_quantity,47.69
articleVsProduct_per_order,47.13
llr_businessCustomer2_x_sameArticleDiffColor,47.12
time_between,47.04
uniqueArticles_per_order,45.97
llr_customerID_x_sameProductDiffSize,45.94
articles_per_day,45.78
llr_articleID_x_repeat_color,45.64
llr_customerID_x_deviceID,45.37
llr_voucherID_x_sameArticleDiffColor,45.2
uniqueProducts_per_order,45.2
llr_deviceID_x_repeat_color,45
quantity_per_customer,44.81
llr_colorCode_x_sameArticleDiffColor,44.19
median_price_per_color,43.91
llr_sameArticleDiffColor_x_repeat_color,43.88
totalVoucher_per_meanTime,43.71
productVsColor_per_order,43.11
mean_price_per_product,42.92
llr_voucherID_x_paymentMethod,42.3
llr_dow_x_week,41.62
sizeVsColor_per_order,41.01
llr_articleID_x_month,40.82
llr_sizeCode_x_repeat_size,40.81
llr_deviceID_x_businessCustomer2,40.57
llr_productGroup_x_sameProductDiffSize,40.37
llr_repeat_size_x_repeat_article,39.33
llr_articleID_x_week,39.06
customer_std_rrp,39.02
llr_deviceID_x_week,38.87
llr_paymentMethod_x_dow,38.81
llr_deviceID_x_paymentMethod,38.74
llr_week_x_sameArticleDiffColor,38.71
total_price_by_colorCode,38.44
llr_paymentMethod_x_repeat_color,38.23
customer_size_counts,37.73
llr_articleID_x_repeat_size,36.28
llr_colorCode_x_repeat_color,35.61
customer_median_voucherAmount,34.61
llr_sizeCode_x_productGroup,34.57
llr_dow_x_businessCustomer,34.48
llr_productGroup_x_repeat_color,33.52
median_price_per_article,33.52
llr_paymentMethod,33.31
llr_productGroup_x_paymentMethod,33.19
customer_mean_price,32.97
llr_customerID_x_sameArticleDiffColor,32.87
articleVsSize_per_order,32.01
max_price_per_color,31.86
llr_customerID_x_any_holiday,31.6
llr_businessCustomer_x_repeat_article,31.24
llr_voucherID_x_general_holiday,30.84
total_voucherAmount_by_orderID,30.71
llr_articleID_x_businessCustomer,30.55
llr_deviceID_x_repeat_size,30.51
llr_customerID_x_repeat_color,30.5
llr_week_x_repeat_product,30.48
price,29.67
llr_businessCustomer_x_repeatOrderSameSize,29.57
llr_month_x_repeat_article,29.57
customer_per_day,29.14
llr_voucherID_x_legal_holiday,28.93
llr_week_x_repeat_article,28.91
llr_sameArticleDiffSize_x_repeat_product,28.86
llr_productGroup_x_dow,28.59
llr_sameArticleDiffColor_x_repeat_product,28.36
llr_voucherID_x_repeat_product,28.15
llr_week_x_sameProductDiffSize,27.7
n_orders,27.19
llr_sizeCode_x_deviceID,26.93
runningTotalItems,26.73
llr_colorCode_x_week,26.62
total_voucherAmount_by_customerID.1,26.36
total_voucherAmount_by_articleID,26.13
customer_size_quantity,25.31
mean_time_between,25.21
llr_voucherID_x_repeat_color,25.2
llr_articleID,24.81
llr_deviceID_x_businessCustomer,24.43
llr_any_holiday_x_repeat_article,24.32
llr_deviceID_x_sameArticleDiffColor,24.26
llr_paymentMethod_x_repeat_product,24.22
freqSizeCode,24.06
llr_colorCode_x_productGroup,23.77
customer_median_price,23.37
llr_voucherID_x_deviceID,22.91
llr_articleID_x_businessCustomer2,22.76
llr_voucherID_x_repeat_size,22.21
llr_articleID_x_deviceID,22.15
customer_visits,21.78
llr_month_x_sameArticleDiffColor,21.57
customer_art_counts,21.2
orders_per_meanTime,20.54
llr_week_x_businessCustomer,20.49
llr_sizeCode_x_repeat_color,20.09
llr_productGroup_x_repeat_product,20.07
llr_voucherID_x_week,19.72
customer_prod_counts,19.6
vouchers_per_day,19.5
llr_week_x_businessCustomer2,19.32
llr_sizeCode_x_sameProductDiffSize,19.26
llr_week_x_repeatOrderSameSize,19.06
llr_voucherID_x_month,19.01
freqArticleID,18.79
llr_sameProductDiffSize_x_repeat_product,18.68
llr_colorCode_x_sizeCode,18.57
llr_voucherID_x_businessCustomer,18.47
llr_sameArticleDiffColor_x_repeat_size,17.59
llr_voucherID_x_dow,17.44
avg_price_per_day,17.32
llr_legal_holiday_x_general_holiday,17.32
llr_businessCustomer_x_sameProductDiffSize,17.01
llr_sizeCode_x_repeat_article,16.92
min_price_per_article,16.83
price_minus_voucher,16.68
total_rrp_per_day,16.63
llr_sizeCode_x_dow,16.48
llr_paymentMethod_x_month,16.4
llr_sizeCode_x_week,16.26
llr_week_x_repeat_size,16.2
llr_month_x_sameArticleDiffSize,15.88
total_price_by_articleID,15.81
llr_businessCustomer2_x_repeat_article,15.72
mean_price_per_article,15.25
max_price_per_product,15.13
llr_paymentMethod_x_businessCustomer,14.99
llr_paymentMethod_x_repeat_article,14.95
llr_dow_x_sameProductDiffSize,14.53
llr_sizeCode_x_month,14.18
llr_dow_x_repeat_product,14.18
llr_repeatOrderSameSize_x_repeat_size,14.06
llr_sizeCode_x_sameArticleDiffColor,13.96
llr_week_x_legal_holiday,13.86
total_voucherAmount_by_customerID,13.64
llr_week_x_repeat_color,13.63
llr_sameArticleDiffColor_x_legal_holiday,13.63
llr_legal_holiday_x_repeat_size,13.1
llr_sameArticleDiffColor_x_any_holiday,13.06
total_voucherAmt_per_day,12.99
llr_month_x_businessCustomer,12.93
llr_dow_x_businessCustomer2,12.84
clustCustomer2,12.8
llr_legal_holiday_x_repeat_product,12.65
llr_articleID_x_repeat_article,12.62
llr_dow_x_repeat_color,12.39
llr_productGroup_x_month,12.06
llr_colorCode_x_general_holiday,12.03
llr_legal_holiday_x_repeat_article,11.77
llr_paymentMethod_x_repeat_size,11.66
llr_businessCustomer_x_sameArticleDiffSize,11.53
llr_colorCode_x_paymentMethod,11.42
total_voucherAmount_by_colorCode,11.29
llr_month_x_legal_holiday,11.08
total_price_by_productGroup0,10.99
customer_order_color_prop,10.95
llr_month_x_businessCustomer2,10.91
avg_voucherAmt_per_day,10.75
llr_sizeCode_x_voucherID,10.75
avg_rrp_per_day,10.72
llr_deviceID_x_repeat_article,10.7
llr_businessCustomer2_x_sameProductDiffSize,10.45
total_price_by_articleID.1,10.31
llr_articleID_x_repeatOrderSameSize,10.3
llr_colorCode_x_month,10.28
llr_week_x_sameArticleDiffSize,10.18
repeat_article,9.96
llr_voucherID_x_businessCustomer2,9.84
llr_month_x_sameProductDiffSize,9.81
llr_week_x_general_holiday,9.67
llr_voucherID_x_any_holiday,9.67
llr_legal_holiday_x_repeat_color,9.65
extreme_size_train,9.47
llr_deviceID_x_any_holiday,9.22
llr_dow_x_repeatOrderSameSize,8.85
llr_dow_x_repeat_article,8.84
end_price,8.5
llr_sameArticleDiffColor_x_repeat_article,8.26
llr_deviceID_x_month,8.2
llr_month_x_week,8.14
llr_colorCode_x_customerID,8
llr_sameArticleDiffColor_x_general_holiday,7.87
llr_voucherID_x_repeat_article,7.86
llr_voucherID,7.82
customer_order_size_prop,7.79
llr_deviceID_x_sameArticleDiffSize,7.79
llr_repeat_color_x_repeat_product,7.61
llr_businessCustomer2_x_any_holiday,7.37
llr_voucherID_x_sameProductDiffSize,7.33
time_between2,7.26
llr_month_x_dow,7.26
llr_articleID_x_any_holiday,7.09
mean_price_per_color,6.97
llr_paymentMethod_x_repeatOrderSameSize,6.94
llr_deviceID_x_sameProductDiffSize,6.87
llr_deviceID_x_general_holiday,6.85
llr_colorCode_x_sameArticleDiffSize,6.74
llr_paymentMethod_x_legal_holiday,6.68
voucherAmount,6.56
llr_voucherID_x_repeatOrderSameSize,6.31
quantity_per_article,5.98
llr_sizeCode_x_repeat_product,5.9
llr_month_x_general_holiday,5.9
llr_sameArticleDiffSize_x_repeat_color,5.63
llr_general_holiday_x_repeat_product,5.58
llr_repeatOrderSameSize_x_repeat_product,5.58
llr_colorCode_x_repeatOrderSameSize,5.5
llr_articleID_x_voucherID,5.28
llr_productGroup_x_week,5.27
llr_deviceID_x_repeatOrderSameSize,5.22
llr_repeatOrderSameSize_x_general_holiday,5.2
llr_colorCode_x_repeat_product,5.16
llr_month_x_repeat_color,5.01
llr_repeat_size_x_repeat_product,4.92
llr_sizeCode_x_paymentMethod,4.9
llr_sizeCode_x_repeatOrderSameSize,4.9
llr_productGroup_x_businessCustomer,4.88
llr_businessCustomer_x_any_holiday,4.55
runningTotalVoucherAmount,4.42
llr_repeat_color_x_repeat_size,4.33
llr_sameProductDiffSize_x_general_holiday,4.25
totalPrice_minus_voucher,4.11
llr_repeatOrderSameSize_x_sameArticleDiffColor,4.02
llr_month_x_repeatOrderSameSize,3.95
customer_std_voucherAmount,3.81
llr_week_x_any_holiday,3.81
llr_paymentMethod_x_sameArticleDiffColor,3.76
llr_sameProductDiffSize_x_repeat_color,3.75
llr_dow_x_legal_holiday,3.71
llr_week,3.59
llr_articleID_x_dow,3.55
llr_sizeCode_x_businessCustomer,3.44
llr_articleID_x_general_holiday,3.44
businessCustomer,3.41
llr_sizeCode_x_general_holiday,3.35
mean_price_per_size,3.34
llr_general_holiday_x_repeat_size,3.34
repeat_color,3.16
quantity_per_size,3.12
llr_dow_x_any_holiday,3
llr_deviceID_x_repeat_product,2.99
llr_colorCode_x_dow,2.96
llr_colorCode_x_repeat_article,2.95
llr_sameArticleDiffSize_x_general_holiday,2.89
llr_dow_x_repeat_size,2.84
median_price_per_product,2.79
llr_dow_x_sameArticleDiffSize,2.55
llr_sizeCode_x_any_holiday,2.52
llr_any_holiday_x_repeat_color,2.32
llr_any_holiday_x_repeat_product,2.31
llr_colorCode_x_repeat_size,2.3
llr_sameProductDiffSize_x_any_holiday,2.08
median_price_per_size,2
freqProductGroup,1.98
llr_paymentMethod_x_general_holiday,1.87
llr_businessCustomer_x_general_holiday,1.7
llr_articleID_x_legal_holiday,1.64
llr_month_x_repeat_size,1.59
llr_repeatOrderSameSize_x_sameProductDiffSize,1.49
llr_productGroup_x_deviceID,1.44
total_price_per_day,1.31
llr_general_holiday_x_repeat_color,1.29
any_holiday,1.25
llr_businessCustomer_x_repeat_size,1.17
llr_any_holiday_x_repeat_size,1.13
llr_sizeCode_x_businessCustomer2,1.09
llr_sameArticleDiffSize_x_legal_holiday,1.03
llr_productGroup_x_general_holiday,1.01
total_rrp0_by_colorCode,1.01
llr_businessCustomer_x_repeat_color,1
repeat_size,0.93
llr_productGroup,0.9
total_voucherAmount_by_productGroup0,0.84
llr_dow,0.8
legal_holiday,0.8
llr_businessCustomer_x_sameArticleDiffColor,0.7
llr_dow_x_general_holiday,0.7
llr_deviceID,0.69
llr_productGroup_x_repeat_size,0.66
llr_repeatOrderSameSize_x_repeat_article,0.65
llr_voucherID_x_sameArticleDiffSize,0.63
sameArticleDiffSize,0.57
sameProductDiffSize,0.56
total_rrp0_by_productGroup0,0.53
llr_sizeCode_x_legal_holiday,0.5
llr_general_holiday_x_repeat_article,0.48
llr_month_x_repeat_product,0.45
llr_productGroup_x_repeatOrderSameSize,0.38
llr_sameArticleDiffColor_x_sameProductDiffSize,0.23
total_voucherAmount_by_orderID.1,0
discountProp.1,0
general_holiday,0
freqColorCode,0
min_price_per_color,0
repeatOrderSameSize,0
sameArticleDiffColor,0
quantity_per_color,0
quantity_per_product,0
min_price_per_product,0
repeat_product,0
min_price_per_size,0
size_num_train.1,0
extreme_size_train.1,0
llr_articleID_x_productGroup,0
llr_colorCode,0
llr_colorCode_x_deviceID,0
llr_colorCode_x_businessCustomer2,0
llr_colorCode_x_legal_holiday,0
llr_sizeCode,0
llr_productGroup_x_voucherID,0
llr_productGroup_x_businessCustomer2,0
llr_productGroup_x_legal_holiday,0
llr_productGroup_x_any_holiday,0
llr_productGroup_x_repeat_article,0
llr_customerID_x_businessCustomer,0
llr_customerID_x_businessCustomer2,0
llr_paymentMethod_x_businessCustomer2,0
llr_paymentMethod_x_any_holiday,0
llr_month,0
llr_month_x_any_holiday,0
llr_businessCustomer_x_businessCustomer2,0
llr_businessCustomer_x_legal_holiday,0
llr_businessCustomer_x_repeat_product,0
llr_businessCustomer2_x_repeatOrderSameSize,0
llr_businessCustomer2_x_legal_holiday,0
llr_businessCustomer2_x_general_holiday,0
llr_businessCustomer2_x_repeat_color,0
llr_businessCustomer2_x_repeat_size,0
llr_businessCustomer2_x_repeat_product,0
llr_repeatOrderSameSize_x_sameArticleDiffSize,0
llr_repeatOrderSameSize_x_legal_holiday,0
llr_repeatOrderSameSize_x_any_holiday,0
llr_repeatOrderSameSize_x_repeat_color,0
llr_sameArticleDiffSize_x_sameProductDiffSize,0
llr_sameArticleDiffSize_x_any_holiday,0
llr_sameArticleDiffSize_x_repeat_article,0
llr_sameProductDiffSize_x_legal_holiday,0
llr_sameProductDiffSize_x_repeat_size,0
llr_sameProductDiffSize_x_repeat_article,0
llr_legal_holiday_x_any_holiday,0
llr_general_holiday_x_any_holiday,0
llr_repeat_product_x_repeat_article,0
