Features,Overall
quantity,100
price,100
customer_order_product_prop,100
discountProp,99.97
customer_product_quantity,98.78
llr_customerID,98.78
llr_customerID_x_sameArticleDiffSize,98.78
llr_customerID_x_clustCustomer6,98.78
llr_articleID_x_sameArticleDiffSize,98.77
llr_articleID_x_customerID,98.76
llr_customerID_x_paymentMethod,98.76
llr_productGroup_x_dow,98.75
llr_customerID_x_general_holiday,98.75
max_price_per_article,98.73
llr_paymentMethod_x_sameArticleDiffSize,98.63
llr_sameArticleDiffSize_x_sameArticleDiffColor,98.52
llr_customerID_x_clustCustomer4,98.12
llr_customerID_x_month,97.26
total_price_by_orderID,97.24
llr_articleID_x_sameProductDiffSize,95.71
llr_customerID_x_clustCustomer5,95.57
llr_colorCode_x_businessCustomer,94.65
llr_articleID_x_colorCode,94.37
articleVsColor_per_order,93.82
llr_productGroup_x_customerID,93.54
total_rrp0_by_customerID,93.33
size_num_train,92.9
customer_mean_rrp,92.61
llr_productGroup_x_sameArticleDiffSize,92.6
llr_colorCode_x_any_holiday,92.53
llr_sizeCode_x_customerID,92.16
llr_articleID_x_paymentMethod,92.15
total_rrp0_by_orderID,91.26
total_price_by_customerID,86.25
llr_customerID_x_week,85.77
llr_articleID_x_sameArticleDiffColor,84.63
llr_productGroup_x_paymentMethod,84.57
customer_article_quantity,82.95
rrp,81.57
llr_sizeCode_x_sameArticleDiffSize,80.46
llr_businessCustomer2_x_any_holiday,80.09
llr_productGroup_x_sameProductDiffSize,79.31
llr_paymentMethod_x_clustCustomer6,78.58
llr_month_x_clustCustomer6,78.47
llr_customerID_x_customer_total_custer3,77.32
llr_voucherID_x_customerID,73.22
llr_paymentMethod_x_clustCustomer5,72.13
llr_week_x_clustCustomer6,71.79
total_price_by_customerID.1,71.79
llr_businessCustomer2_x_customer_total_custer3,71.23
runningTotalOrders,71.18
unit_price_min_avg,70.82
llr_customerID_x_any_holiday,70.79
llr_sameArticleDiffColor_x_clustCustomer6,70.7
llr_dow_x_sameArticleDiffSize,70.47
total_quantity_per_order,70.42
runningTotalItems,70.01
customer_color_counts,69.79
llr_week_x_businessCustomer,69.76
freqSizeCode,68.83
customer_mean_voucherAmount,68.61
llr_customerID_x_repeatOrderSameSize,67.72
productVsSize_per_order,67.61
llr_voucherID_x_month,67.49
uniqueSizes_per_order,67.43
min_price_per_color,66.53
llr_articleID_x_businessCustomer2,66.23
customer_size_counts,65.85
llr_customerID_x_legal_holiday,65.63
llr_week_x_sameArticleDiffColor,65.3
llr_customerID_x_sameProductDiffSize,65.22
llr_businessCustomer2_x_repeatOrderSameSize,65.02
mean_price_per_article,64.6
llr_articleID_x_month,64.54
customer_prod_counts,64.46
llr_deviceID_x_dow,64.15
llr_paymentMethod_x_clustCustomer4,64.09
llr_customerID_x_deviceID,63.44
llr_voucherID_x_deviceID,63
llr_productGroup_x_sameArticleDiffColor,62.91
llr_paymentMethod,60.71
llr_businessCustomer2_x_clustCustomer6,60
llr_articleID_x_clustCustomer6,59.69
llr_sizeCode_x_clustCustomer6,59.3
llr_paymentMethod_x_clustCustomer3,58.61
llr_colorCode_x_sizeCode,58.04
llr_sameProductDiffSize_x_clustCustomer5,57.09
llr_deviceID_x_general_holiday,56.59
llr_sizeCode_x_productGroup,56.34
max_price_per_size,56.33
customer_median_rrp,55.58
customer_color_quantity,54.96
llr_week_x_general_holiday,54.77
llr_voucherID_x_week,54.5
llr_dow_x_clustCustomer3,54.45
llr_sameArticleDiffColor_x_legal_holiday,54.05
llr_customerID_x_clustCustomer3,53.47
llr_sameArticleDiffColor_x_clustCustomer5,53.28
llr_dow_x_clustCustomer4,52.75
llr_articleID,52.57
llr_paymentMethod_x_week,51.8
sizeVsColor_per_order,51.52
llr_dow_x_businessCustomer,51.52
median_price_per_color,51.48
llr_deviceID_x_week,50.74
total_voucherAmount_by_articleID,50.67
llr_productGroup_x_clustCustomer4,49.86
median_price_per_article,49.48
llr_articleID_x_customer_total_custer3,48.26
llr_paymentMethod_x_dow,47.14
customer_median_price,47.14
time_between2,47.12
llr_customerID_x_dow,46.65
productVsColor_per_order,46.37
max_price_per_color,45.78
llr_dow_x_sameArticleDiffColor,45.64
customer_order_color_prop,45.62
customer_std_price,45.08
customer_art_counts,44.71
llr_dow_x_clustCustomer5,44.66
llr_colorCode_x_sameProductDiffSize,44.66
llr_voucherID_x_clustCustomer4,44.32
llr_customerID_x_sameArticleDiffColor,44.14
businessCustomer2,43.87
llr_articleID_x_clustCustomer5,43.65
uniqueProducts_per_order,43.65
llr_articleID_x_voucherID,43.43
total_voucherAmount_by_orderID,42.64
min_price_per_article,42.46
llr_voucherID_x_sameArticleDiffColor,41.94
llr_sameArticleDiffColor_x_customer_total_custer3,41.84
llr_articleID_x_sizeCode,41.71
extreme_size_train,41.08
llr_businessCustomer_x_customer_total_custer3,40.97
llr_sameProductDiffSize_x_clustCustomer6,40.66
customer_std_rrp,40.61
llr_articleID_x_clustCustomer4,39.91
llr_productGroup_x_clustCustomer6,39.53
llr_sizeCode_x_clustCustomer4,38.91
llr_month_x_dow,38.25
llr_voucherID_x_paymentMethod,37.69
llr_paymentMethod_x_month,37.21
llr_legal_holiday_x_clustCustomer5,37.12
llr_voucherID_x_repeatOrderSameSize,36.77
customer_median_voucherAmount,36.09
llr_month_x_sameProductDiffSize,35.88
llr_colorCode_x_sameArticleDiffColor,34.42
articleVsProduct_per_order,34.13
llr_articleID_x_repeatOrderSameSize,33.92
llr_clustCustomer3_x_clustCustomer6,33.69
articleVsSize_per_order,33.49
llr_productGroup_x_clustCustomer5,33.31
voucherAmount,33.26
llr_week_x_clustCustomer3,33.19
llr_dow_x_clustCustomer6,33
llr_month_x_repeatOrderSameSize,32.96
llr_articleID_x_businessCustomer,32.95
total_price_by_articleID,32.86
llr_voucherID_x_legal_holiday,32.53
llr_voucherID_x_dow,32.47
llr_sameArticleDiffSize_x_clustCustomer3,32.4
freqArticleID,32.39
max_price_per_product,32.39
total_price_by_colorCode,32.08
llr_productGroup_x_clustCustomer3,31.49
llr_sameArticleDiffSize_x_clustCustomer5,31.18
llr_sizeCode_x_clustCustomer5,31.13
llr_sizeCode_x_sameProductDiffSize,31.06
llr_sameArticleDiffSize_x_general_holiday,31
llr_sizeCode_x_general_holiday,30.75
llr_productGroup_x_month,30.55
llr_deviceID_x_sameProductDiffSize,30.06
llr_sameProductDiffSize_x_clustCustomer3,30.05
llr_articleID_x_dow,29.89
llr_productGroup,29.85
llr_deviceID_x_sameArticleDiffColor,29.48
llr_any_holiday_x_clustCustomer5,29.27
llr_sizeCode_x_paymentMethod,29
customer_mean_price,28.92
llr_colorCode_x_clustCustomer4,28.72
llr_sameProductDiffSize_x_general_holiday,28.65
mean_time_between,28.47
llr_week_x_customer_total_custer3,27.56
llr_deviceID_x_sameArticleDiffSize,27.42
llr_voucherID_x_clustCustomer5,27.04
llr_voucherID_x_customer_total_custer3,26.97
llr_sizeCode_x_dow,26.52
llr_week_x_repeatOrderSameSize,26.46
llr_deviceID_x_any_holiday,26.11
sameArticleDiffSize,25.8
llr_sameArticleDiffSize_x_customer_total_custer3,25.73
llr_voucherID_x_clustCustomer6,25.6
llr_articleID_x_any_holiday,25.05
uniqueColors_per_order,25.02
llr_businessCustomer_x_clustCustomer4,24.46
llr_month_x_sameArticleDiffSize,24.45
llr_month_x_clustCustomer4,24.36
llr_deviceID_x_month,24.35
llr_productGroup_x_any_holiday,24.25
llr_week_x_sameProductDiffSize,24.21
llr_sizeCode_x_week,24.03
llr_paymentMethod_x_businessCustomer,24.02
llr_businessCustomer2_x_sameArticleDiffColor,24.01
llr_deviceID_x_customer_total_custer3,23.58
llr_sizeCode_x_voucherID,23.47
time_between,23.44
llr_sameProductDiffSize_x_customer_total_custer3,23.37
llr_businessCustomer2_x_sameProductDiffSize,23.13
llr_week_x_legal_holiday,23.08
llr_month_x_businessCustomer,23.07
llr_voucherID_x_sameProductDiffSize,22.83
llr_week,22.65
llr_colorCode_x_month,22.28
llr_articleID_x_general_holiday,22.28
llr_deviceID_x_paymentMethod,21.97
llr_paymentMethod_x_sameProductDiffSize,21.92
customer_visits,21.83
customer_size_quantity,21.8
llr_articleID_x_clustCustomer3,21.78
llr_colorCode_x_voucherID,21.57
quantity_per_color,21.13
llr_businessCustomer_x_any_holiday,21.12
llr_colorCode_x_customer_total_custer3,21.02
llr_legal_holiday_x_general_holiday,20.96
llr_dow_x_week,20.8
customer_order_size_prop,20.74
llr_sameArticleDiffColor_x_general_holiday,20.72
llr_sameArticleDiffColor_x_any_holiday,20.43
llr_week_x_any_holiday,20.03
customer_std_voucherAmount,19.92
llr_general_holiday_x_clustCustomer3,19.79
llr_colorCode_x_deviceID,19.67
llr_clustCustomer3,19.28
llr_dow_x_sameProductDiffSize,19.01
mean_price_per_size,19.01
llr_colorCode_x_week,18.69
llr_month_x_general_holiday,18.24
llr_colorCode_x_sameArticleDiffSize,17.91
llr_paymentMethod_x_sameArticleDiffColor,17.66
mean_price_per_color,17.46
llr_deviceID_x_legal_holiday,17.46
llr_colorCode_x_general_holiday,17.12
total_voucherAmount_by_customerID.1,17.08
llr_voucherID_x_sameArticleDiffSize,16.95
llr_sameArticleDiffColor_x_clustCustomer4,16.71
llr_articleID_x_week,16.4
llr_repeatOrderSameSize_x_sameArticleDiffColor,16.33
llr_deviceID_x_clustCustomer3,16.24
llr_deviceID_x_repeatOrderSameSize,15.82
llr_deviceID_x_clustCustomer5,15.73
llr_colorCode_x_clustCustomer3,15.6
llr_month_x_clustCustomer5,15.42
llr_colorCode_x_paymentMethod,15.33
any_holiday,15.03
customer_order_article_prop,14.92
llr_dow_x_general_holiday,14.74
llr_month_x_sameArticleDiffColor,14.61
llr_month_x_clustCustomer3,14.49
mean_price_per_product,14.44
runningTotalVoucherAmount,14.36
llr_week_x_clustCustomer4,14.06
llr_productGroup_x_week,13.52
llr_clustCustomer6_x_customer_total_custer3,13.49
median_price_per_size,13.44
llr_articleID_x_deviceID,13.3
llr_sameArticleDiffSize_x_legal_holiday,13.26
median_price_per_product,13.07
llr_sizeCode_x_sameArticleDiffColor,12.99
llr_voucherID_x_clustCustomer3,12.58
llr_sizeCode_x_clustCustomer3,12.44
llr_general_holiday_x_clustCustomer4,12.3
llr_businessCustomer_x_sameArticleDiffColor,11.66
llr_colorCode_x_productGroup,11.64
llr_sameArticleDiffSize_x_clustCustomer4,11.47
llr_sizeCode_x_customer_total_custer3,11.32
llr_sameArticleDiffColor_x_sameProductDiffSize,11.26
total_voucherAmount_by_productGroup0,11.08
llr_businessCustomer_x_businessCustomer2,10.92
total_voucherAmount_by_articleID.1,10.91
llr_articleID_x_legal_holiday,10.9
total_price_by_productGroup0,10.78
llr_deviceID_x_businessCustomer,10.47
llr_month_x_week,10.45
clustCustomer2,10.17
llr_dow_x_customer_total_custer3,9.67
total_voucherAmount_by_customerID,9.66
quantity_per_size,9.55
llr_week_x_clustCustomer5,9.47
quantity_per_customer,9.13
llr_voucherID_x_businessCustomer,9.12
llr_colorCode_x_clustCustomer5,9.06
llr_businessCustomer_x_repeatOrderSameSize,9
llr_paymentMethod_x_customer_total_custer3,8.88
llr_clustCustomer5_x_clustCustomer6,8.83
llr_voucherID_x_general_holiday,8.78
total_voucherAmount_by_colorCode,8.76
llr_sameArticleDiffColor_x_clustCustomer3,8.66
llr_month_x_customer_total_custer3,8.57
llr_deviceID_x_clustCustomer4,8.52
llr_sizeCode_x_legal_holiday,8.38
llr_month_x_legal_holiday,8.37
llr_dow,8.37
llr_paymentMethod_x_general_holiday,8.34
llr_general_holiday_x_clustCustomer5,8.34
uniqueArticles_per_order,8.18
llr_colorCode_x_dow,8.08
llr_productGroup_x_general_holiday,8.03
llr_voucherID_x_any_holiday,7.85
diff,7.8
llr_repeatOrderSameSize_x_customer_total_custer3,7.74
quantity_per_article,7.27
llr_legal_holiday_x_customer_total_custer3,7.22
llr_voucherID_x_businessCustomer2,7.22
freqColorCode,7.16
llr_colorCode_x_customerID,7.15
llr_sameProductDiffSize_x_clustCustomer4,7.11
total_rrp0_by_articleID,7.1
llr_deviceID_x_clustCustomer6,6.44
llr_sizeCode_x_deviceID,6.33
llr_dow_x_repeatOrderSameSize,6.28
llr_sizeCode_x_any_holiday,5.76
llr_repeatOrderSameSize_x_any_holiday,5.67
llr_businessCustomer_x_clustCustomer6,5.61
llr_clustCustomer5_x_customer_total_custer3,5.41
llr_productGroup_x_businessCustomer2,5.34
llr_businessCustomer_x_general_holiday,4.9
llr_sameProductDiffSize_x_any_holiday,4.77
llr_legal_holiday_x_clustCustomer6,4.77
total_price_by_articleID.1,4.54
llr_productGroup_x_deviceID,4.29
llr_dow_x_any_holiday,4.14
llr_repeatOrderSameSize_x_clustCustomer3,4.13
llr_clustCustomer3_x_clustCustomer5,4.08
llr_repeatOrderSameSize_x_general_holiday,3.73
llr_businessCustomer2_x_clustCustomer3,3.58
llr_clustCustomer3_x_customer_total_custer3,3.53
llr_sameProductDiffSize_x_legal_holiday,3.48
llr_deviceID,3.32
llr_repeatOrderSameSize_x_clustCustomer5,3.27
llr_businessCustomer_x_clustCustomer3,3.16
llr_legal_holiday_x_clustCustomer3,3.15
llr_clustCustomer3_x_clustCustomer4,3.02
repeatOrderSameSize,2.79
llr_sizeCode_x_month,2.7
llr_any_holiday_x_clustCustomer4,2.64
llr_sameArticleDiffSize_x_clustCustomer6,2.62
llr_paymentMethod_x_any_holiday,2.58
llr_clustCustomer4_x_customer_total_custer3,2.53
sameProductDiffSize,2.52
llr_colorCode,2.51
llr_productGroup_x_businessCustomer,2.51
llr_repeatOrderSameSize_x_sameProductDiffSize,2.5
llr_sizeCode_x_repeatOrderSameSize,2.43
llr_sizeCode_x_businessCustomer,2.37
llr_repeatOrderSameSize_x_sameArticleDiffSize,2.37
llr_paymentMethod_x_businessCustomer2,2.25
llr_productGroup_x_voucherID,2.22
llr_week_x_sameArticleDiffSize,2.04
llr_businessCustomer_x_clustCustomer5,1.78
llr_general_holiday_x_clustCustomer6,1.55
llr_any_holiday_x_clustCustomer3,1.49
llr_general_holiday_x_customer_total_custer3,1.48
llr_businessCustomer_x_sameProductDiffSize,1.36
llr_dow_x_legal_holiday,1.3
llr_month_x_any_holiday,1.29
total_rrp0_by_colorCode,1.29
llr_productGroup_x_customer_total_custer3,1.28
llr_businessCustomer2_x_clustCustomer4,1.25
llr_businessCustomer2_x_general_holiday,1.22
llr_month,1.19
llr_businessCustomer_x_sameArticleDiffSize,1.12
llr_deviceID_x_businessCustomer2,1.11
llr_colorCode_x_legal_holiday,1.07
llr_clustCustomer4_x_clustCustomer6,1.05
llr_repeatOrderSameSize_x_legal_holiday,1.04
llr_colorCode_x_repeatOrderSameSize,1.04
sameArticleDiffColor,0.98
llr_colorCode_x_clustCustomer6,0.73
llr_paymentMethod_x_legal_holiday,0.6
legal_holiday,0.6
llr_dow_x_businessCustomer2,0.55
llr_clustCustomer4_x_clustCustomer5,0.33
total_rrp0_by_productGroup0,0
total_price_by_orderID.1,0
total_voucherAmount_by_orderID.1,0
discountProp.1,0
general_holiday,0
freqProductGroup,0
quantity_per_product,0
min_price_per_product,0
min_price_per_size,0
businessCustomer,0
llr_articleID_x_productGroup,0
llr_colorCode_x_businessCustomer2,0
llr_sizeCode,0
llr_sizeCode_x_businessCustomer2,0
llr_productGroup_x_repeatOrderSameSize,0
llr_productGroup_x_legal_holiday,0
llr_voucherID,0
llr_customerID_x_businessCustomer,0
llr_customerID_x_businessCustomer2,0
llr_paymentMethod_x_repeatOrderSameSize,0
llr_month_x_businessCustomer2,0
llr_week_x_businessCustomer2,0
llr_businessCustomer_x_legal_holiday,0
llr_businessCustomer2_x_sameArticleDiffSize,0
llr_businessCustomer2_x_legal_holiday,0
llr_businessCustomer2_x_clustCustomer5,0
llr_repeatOrderSameSize_x_clustCustomer4,0
llr_repeatOrderSameSize_x_clustCustomer6,0
llr_sameArticleDiffSize_x_sameProductDiffSize,0
llr_sameArticleDiffSize_x_any_holiday,0
llr_legal_holiday_x_any_holiday,0
llr_legal_holiday_x_clustCustomer4,0
llr_general_holiday_x_any_holiday,0
llr_any_holiday_x_clustCustomer6,0
llr_any_holiday_x_customer_total_custer3,0
llr_clustCustomer4,0
llr_clustCustomer5,0
llr_clustCustomer6,0
llr_customer_total_custer3,0
