"Features","splits"
"llr_customerID_x_paymentMethod",3.22755866384263
"llr_customerID_x_repeat_article",2.777514725699
"llr_customerID",2.46886644304905
"llr_customerID_x_productGroup_article_t_h",2.27171256582796
"llr_articleID_x_sameArticleDiffSize",2.06675082784769
"llr_articleID_x_customerID",1.97421873990221
"llr_sameProductDiffSize_x_productGroup_article_t_h",1.6661945205669
"llr_repeat_color_x_repeat_article",1.58592273167637
"llr_sameProductDiffSize_x_cluster_articleID_by_rrp_productgroup",1.54817657574724
"llr_sameArticleDiffSize_x_sameArticleDiffColor",1.4626948274462
"llr_articleID_x_sameArticleDiffColor",1.38470890824703
"llr_customerID_x_extreme_size",1.35363475658798
"llr_productGroup_x_sameArticleDiffSize",1.29962050239953
"llr_productGroup_x_customerID",1.28524493137804
"llr_customerID_x_sameProductDiffSize",1.22524903995119
"llr_paymentMethod_x_repeat_size",1.16206917415176
"llr_customerID_x_deviceID",1.02813230265482
"llr_articleID_x_paymentMethod",0.969167973709289
"llr_customerID_x_general_holiday",0.949151960899041
"llr_articleID_x_colorlastthreesum",0.926041260644823
"llr_customerID_x_sameArticleDiffColor",0.917907211515166
"llr_customerID_x_sameArticleDiffSize",0.911235207245083
"llr_sameArticleDiffColor_x_max_freq_color_code",0.886833059856113
"llr_sameProductDiffSize_x_max_freq_color_code",0.858081917813136
"llr_sizeCode_x_extreme_size",0.849947868683479
"llr_repeat_size_x_repeat_article",0.820766244262251
"llr_sameArticleDiffColor_x_newproductgrouprrptwodigits_1",0.812632195132594
"llr_productGroup_x_sameProductDiffSize",0.789091012500126
"llr_cluster_articleID_by_rrp_productgroup_x_max_freq_paymeth_letters_by_custome",0.774715441478637
"llr_customerID_x_cluster_articleID_by_rrp_productgroup",0.753667866187066
"llr_customerID_x_legal_holiday",0.73115824603592
"llr_customerID_x_repeat_size",0.723024196906264
"llr_customerID_x_dow",0.700514576755118
"llr_sameArticleDiffSize_x_newproductgrouprrptwodigits_1",0.700514576755118
"llr_sameArticleDiffSize_x_productGroup_article_t_h",0.68613900573363
"llr_sameProductDiffSize_x_newproductgrouprrptwodigits_1",0.648222252079672
"llr_customerID_x_newproductgrouprrptwodigits_1",0.63238463619861
"llr_repeat_color_x_max_freq_paymeth_letters_by_custome",0.601310484539557
"llr_sameProductDiffSize_x_num_color_by_articleID_productgroup",0.5931764354099
"llr_num_color_by_articleID_productgroup_x_newproductgrouprrptwodigits_1",0.585472868658494
"llr_paymentMethod_x_cluster_articleID_by_rrp_productgroup",0.562963248507349
"llr_paymentMethod_x_repeat_color",0.554829199377692
"llr_customerID_x_num_size_by_articleID_productgroup",0.540453628356203
"llr_voucherID_x_customerID",0.532319579226547
"llr_customerID_x_any_holiday",0.517944008205058
"llr_pattern_paste_numofcolor_numofsize_by_article_productgroup_x_productGroup_article_t_h",0.511272003934975
"llr_customerID_x_unitprice_vary_within_month_by_articleID",0.495434388053913
"llr_paymentMethod_x_newproductgrouprrptwodigits_1",0.48876238378383
"llr_sameProductDiffSize_x_productGroup_rrp_of_1digit",0.474386812762341
"llr_week_x_sameArticleDiffSize",0.474386812762341
"llr_colorlastthreesum_x_productGroup_rrp_of_1digit",0.466683246010935
"llr_customerID_x_unitprice_vary_within_week_by_articleID",0.445205188341113
"llr_voucher_Amount_coupon_x_unitprice_vary_within_week_by_articleID",0.43853318407103
"llr_week_x_voucher_Amount_coupon",0.431861179800948
"llr_sizeCode_x_repeat_product",0.424157613049542
"llr_week_x_newproductgrouprrptwodigits_1",0.417485608779459
"llr_week_x_productGroup_rrp_of_1digit",0.417485608779459
"llr_articleID",0.409782042028053
"llr_articleID_x_sameProductDiffSize",0.40311003775797
"llr_customerID_x_repeat_color",0.394975988628314
"llr_paymentMethod_x_productGroup_article_t_h",0.394975988628314
"llr_productGroup_x_week",0.388303984358231
"llr_sizeCode_x_customerID",0.380169935228574
"llr_colorlastthree_x_max_freq_paymeth_letters_by_custome",0.372466368477168
"llr_colorlastthreesum_x_max_freq_color_code",0.365794364207086
"llr_max_freq_paymeth_letters_by_custome_x_productGroup_rrp_of_1digit",0.365794364207086
"llr_articleID_x_repeatOrderSameSize",0.35809079745568
"llr_articleID_x_repeat_article",0.35809079745568
"llr_customerID_x_productGroup_rrp_of_1digit",0.35809079745568
"llr_productGroup_x_repeat_size",0.351418793185597
"llr_voucherID_x_num_color_by_articleID_productgroup",0.351418793185597
"llr_articleID_x_dow",0.335581177304534
"llr_dow_x_num_color_by_articleID_productgroup",0.335581177304534
"llr_paymentMethod_x_sameProductDiffSize",0.328909173034452
"llr_productGroup_article_t_h_x_cluster_articleID_by_rrp_productgroup",0.320775123904795
"llr_productGroup_x_repeat_product",0.320775123904795
"llr_sameArticleDiffColor_x_unitprice_vary_within_week_by_articleID",0.312641074775138
"llr_sameArticleDiffSize_x_voucher_Amount_coupon",0.312641074775138
"llr_unitprice_vary_within_week_by_articleID_x_max_freq_paymeth_letters_by_custome",0.312641074775138
"llr_voucherID_x_repeat_color",0.305969070505055
"llr_articleID_x_max_freq_paymeth_letters_by_custome",0.298265503753649
"llr_colorCode_x_productGroup_rrp_of_1digit",0.298265503753649
"llr_dow_x_repeat_size",0.290131454623993
"llr_dow_x_sameArticleDiffSize",0.28345945035391
"llr_dow_x_unitprice_vary_within_month_by_articleID",0.28345945035391
"llr_sameArticleDiffSize_x_colorhundreddigit",0.28345945035391
"llr_week_x_pattern_paste_numofcolor_numofsize_by_article_productgroup",0.28345945035391
"llr_colorCode_x_dow",0.267621834472847
"llr_colorlasttwodigit_x_max_freq_color_code",0.267621834472847
"llr_customerID_x_pattern_paste_numofcolor_numofsize_by_article_productgroup",0.267621834472847
"llr_deviceID_x_week",0.260949830202765
"llr_extreme_size_x_max_freq_color_code",0.260949830202765
"llr_productGroup_x_sameArticleDiffColor",0.260949830202765
"llr_repeat_article_x_productGroup_rrp_of_1digit",0.260949830202765
"llr_articleID_x_sizeCode",0.253246263451359
"llr_colorlasttwodigit_x_num_size_by_articleID_productgroup",0.253246263451359
"llr_customerID_x_colorlastthreesum",0.253246263451359
"llr_pattern_paste_numofcolor_numofsize_by_article_productgroup_x_max_freq_color_code",0.245112214321702
"llr_paymentMethod_x_num_color_by_articleID_productgroup",0.245112214321702
"llr_paymentMethod_x_voucher_Amount_coupon",0.245112214321702
"llr_sameProductDiffSize_x_repeat_size",0.238440210051619
"llr_sizeCode_x_pattern_paste_numofcolor_numofsize_by_article_productgroup",0.238440210051619
"llr_articleID_x_num_color_by_articleID_productgroup",0.230736643300213
"llr_articleID_x_unitprice_vary_within_month_by_articleID",0.230736643300213
"llr_colorlasttwodigit_x_cluster_articleID_by_rrp_productgroup",0.230736643300213
"llr_deviceID_x_repeat_color",0.230736643300213
"llr_max_freq_color_code_x_productGroup_rrp_of_1digit",0.230736643300213
"llr_productGroup_x_colorlastthreesum",0.230736643300213
"llr_repeat_article_x_colorlastthreesum",0.230736643300213
"llr_repeat_color_x_colorhundreddigit",0.224064639030131
"llr_sameArticleDiffColor_x_any_holiday",0.224064639030131
"llr_sameArticleDiffColor_x_cluster_articleID_by_rrp_productgroup",0.215930589900474
"llr_sameArticleDiffColor_x_productGroup_article_t_h",0.215930589900474
"llr_sameArticleDiffColor_x_repeat_product",0.215930589900474
"llr_sameArticleDiffSize_x_cluster_articleID_by_rrp_productgroup",0.215930589900474
"llr_sizeCode_x_colorhundreddigit",0.215930589900474
"llr_sizeCode_x_productGroup",0.215930589900474
"llr_voucher_Amount_coupon_x_num_color_by_articleID_productgroup",0.215930589900474
"llr_articleID_x_colorlasttwodigit",0.208227023149068
"llr_articleID_x_deviceID",0.208227023149068
"llr_articleID_x_extreme_size",0.208227023149068
"llr_cluster_articleID_by_rrp_productgroup_x_max_freq_color_code",0.208227023149068
"llr_colorCode_x_extreme_size",0.208227023149068
"llr_colorlastthree_x_extreme_size",0.208227023149068
"llr_customerID_x_colorhundreddigit",0.201555018878985
"llr_deviceID_x_sameProductDiffSize",0.193420969749328
"llr_dow_x_colorlastthree",0.193420969749328
"llr_dow_x_repeat_color",0.193420969749328
"llr_repeat_color_x_max_freq_color_code",0.193420969749328
"llr_sameProductDiffSize_x_repeat_product",0.193420969749328
"llr_unitprice_vary_within_week_by_articleID_x_productGroup_rrp_of_1digit",0.193420969749328
"llr_voucherID_x_dow",0.193420969749328
"llr_voucherID_x_extreme_size",0.193420969749328
"llr_voucherID_x_max_freq_paymeth_letters_by_custome",0.193420969749328
"llr_voucherID_x_unitprice_vary_within_week_by_articleID",0.185286920619672
"llr_week_x_num_color_by_articleID_productgroup",0.185286920619672
"llr_week_x_repeat_article",0.185286920619672
"llr_articleID_x_legal_holiday",0.177583353868266
"llr_colorCode_x_repeat_article",0.170911349598183
"llr_colorCode_x_repeat_color",0.170911349598183
"llr_colorlastthreesum_x_productGroup_article_t_h",0.170911349598183
"llr_customerID_x_repeat_product",0.170911349598183
"llr_deviceID_x_sameArticleDiffColor",0.170911349598183
"llr_extreme_size_x_newproductgrouprrptwodigits_1",0.170911349598183
"llr_max_freq_color_code_x_newproductgrouprrptwodigits_1",0.170911349598183
"llr_productGroup_article_t_h_x_newproductgrouprrptwodigits_1",0.170911349598183
"llr_repeat_article_x_colorhundreddigit",0.170911349598183
"llr_repeat_article_x_productGroup_article_t_h",0.170911349598183
"llr_repeat_size_x_unitprice_vary_within_month_by_articleID",0.170911349598183
"llr_voucherID_x_colorlastthreesum",0.170911349598183
"llr_voucherID_x_deviceID",0.170911349598183
"llr_any_holiday_x_colorhundreddigit",0.156535778576694
"llr_any_holiday_x_unitprice_vary_within_month_by_articleID",0.156535778576694
"llr_articleID_x_voucher_Amount_coupon",0.156535778576694
"llr_colorhundreddigit_x_colorlastthreesum",0.156535778576694
"llr_colorhundreddigit_x_extreme_size",0.148401729447038
"llr_colorhundreddigit_x_newproductgrouprrptwodigits_1",0.148401729447038
"llr_colorlastthree_x_cluster_articleID_by_rrp_productgroup",0.148401729447038
"llr_colorlasttwodigit_x_newproductgrouprrptwodigits_1",0.148401729447038
"llr_colorlasttwodigit_x_voucher_Amount_coupon",0.148401729447038
"llr_deviceID_x_num_color_by_articleID_productgroup",0.148401729447038
"llr_dow_x_max_freq_paymeth_letters_by_custome",0.148401729447038
"llr_dow_x_productGroup_article_t_h",0.148401729447038
"llr_dow_x_unitprice_vary_within_week_by_articleID",0.148401729447038
"llr_paymentMethod_x_productGroup_rrp_of_1digit",0.148401729447038
"llr_paymentMethod_x_repeat_product",0.141729725176955
"llr_paymentMethod_x_sameArticleDiffSize",0.141729725176955
"llr_productGroup_x_extreme_size",0.141729725176955
"llr_productGroup_x_unitprice_vary_within_week_by_articleID",0.141729725176955
"llr_repeatOrderSameSize_x_sameProductDiffSize",0.141729725176955
"llr_repeat_color_x_productGroup_article_t_h",0.141729725176955
"llr_repeat_color_x_unitprice_vary_within_month_by_articleID",0.141729725176955
"llr_repeat_product_x_newproductgrouprrptwodigits_1",0.141729725176955
"llr_sameArticleDiffColor_x_voucher_Amount_coupon",0.141729725176955
"llr_sameArticleDiffSize_x_repeat_article",0.141729725176955
"llr_sameArticleDiffSize_x_unitprice_vary_within_month_by_articleID",0.141729725176955
"llr_sizeCode_x_deviceID",0.141729725176955
"llr_sizeCode_x_productGroup_rrp_of_1digit",0.133595676047298
"llr_sizeCode_x_sameProductDiffSize",0.133595676047298
"llr_unitprice_vary_within_month_by_articleID_x_extreme_size",0.133595676047298
"llr_voucherID_x_colorhundreddigit",0.126923671777216
"llr_voucherID_x_sameProductDiffSize",0.126923671777216
"llr_week_x_repeatOrderSameSize",0.126923671777216
"llr_articleID_x_colorhundreddigit",0.11922010502581
"llr_articleID_x_productGroup_article_t_h",0.11922010502581
"llr_articleID_x_repeat_size",0.11922010502581
"llr_colorCode_x_num_color_by_articleID_productgroup",0.11922010502581
"llr_colorCode_x_sameArticleDiffColor",0.11922010502581
"llr_colorlastthree_x_num_color_by_articleID_productgroup",0.11922010502581
"llr_colorlastthree_x_voucher_Amount_coupon",0.11922010502581
"llr_colorlasttwodigit_x_productGroup_article_t_h",0.11922010502581
"llr_deviceID_x_max_freq_paymeth_letters_by_custome",0.11922010502581
"llr_deviceID_x_newproductgrouprrptwodigits_1",0.11922010502581
"llr_dow_x_sameArticleDiffColor",0.11922010502581
"llr_legal_holiday_x_num_color_by_articleID_productgroup",0.11922010502581
"llr_legal_holiday_x_repeat_article",0.11922010502581
"llr_num_color_by_articleID_productgroup_x_max_freq_paymeth_letters_by_custome",0.11922010502581
"llr_paymentMethod_x_max_freq_paymeth_letters_by_custome",0.11922010502581
"llr_paymentMethod_x_week",0.11922010502581
"llr_productGroup_x_colorlasttwodigit",0.11922010502581
"llr_productGroup_x_max_freq_color_code",0.11922010502581
"llr_productGroup_x_voucher_Amount_coupon",0.111086055896153
"llr_repeatOrderSameSize_x_colorlastthreesum",0.111086055896153
"llr_repeat_color_x_unitprice_vary_within_week_by_articleID",0.111086055896153
"llr_repeat_product_x_colorlasttwodigit",0.111086055896153
"llr_repeat_product_x_unitprice_vary_within_month_by_articleID",0.111086055896153
"llr_repeat_size_x_max_freq_paymeth_letters_by_custome",0.111086055896153
"llr_repeat_size_x_repeat_product",0.111086055896153
"llr_repeat_size_x_voucher_Amount_coupon",0.111086055896153
"llr_sameArticleDiffColor_x_repeat_article",0.10441405162607
"llr_sameArticleDiffSize_x_colorlastthree",0.10441405162607
"llr_sameArticleDiffSize_x_colorlasttwodigit",0.10441405162607
"llr_sameArticleDiffSize_x_extreme_size",0.10441405162607
"llr_sameProductDiffSize_x_unitprice_vary_within_week_by_articleID",0.10441405162607
"llr_voucherID_x_repeat_product",0.10441405162607
"llr_voucherID_x_unitprice_vary_within_month_by_articleID",0.10441405162607
"llr_voucher_Amount_coupon_x_num_size_by_articleID_productgroup",0.10441405162607
"llr_week_x_productGroup_article_t_h",0.10441405162607
"llr_articleID_x_colorCode",0.0967104848746642
"llr_articleID_x_week",0.0967104848746642
"llr_colorCode_x_sameProductDiffSize",0.0967104848746642
"llr_colorhundreddigit_x_max_freq_color_code",0.0967104848746642
"llr_colorhundreddigit_x_productGroup_article_t_h",0.0967104848746642
"llr_colorlasttwodigit_x_num_color_by_articleID_productgroup",0.0967104848746642
"llr_customerID_x_week",0.0967104848746642
"llr_deviceID_x_any_holiday",0.0967104848746642
"llr_deviceID_x_paymentMethod",0.0967104848746642
"llr_general_holiday_x_max_freq_color_code",0.0967104848746642
"llr_legal_holiday_x_max_freq_color_code",0.0967104848746642
"llr_num_size_by_articleID_productgroup_x_max_freq_color_code",0.0967104848746642
"llr_pattern_paste_numofcolor_numofsize_by_article_productgroup_x_unitprice_vary_within_week_by_articleID",0.0967104848746642
"llr_paymentMethod_x_dow",0.0967104848746642
"llr_paymentMethod_x_max_freq_color_code",0.0967104848746642
"llr_paymentMethod_x_unitprice_vary_within_week_by_articleID",0.0967104848746642
"llr_productGroup_article_t_h_x_max_freq_color_code",0.0967104848746642
"llr_productGroup_x_paymentMethod",0.0967104848746642
"llr_repeatOrderSameSize_x_max_freq_paymeth_letters_by_custome",0.0885764357450075
"llr_repeat_article_x_extreme_size",0.0885764357450075
"llr_repeat_article_x_max_freq_paymeth_letters_by_custome",0.0819044314749248
"llr_repeat_color_x_newproductgrouprrptwodigits_1",0.0819044314749248
"llr_repeat_product_x_max_freq_color_code",0.0819044314749248
"llr_repeat_size_x_cluster_articleID_by_rrp_productgroup",0.0819044314749248
"llr_repeat_size_x_extreme_size",0.0819044314749248
"llr_repeat_size_x_max_freq_color_code",0.0819044314749248
"llr_sameArticleDiffColor_x_general_holiday",0.0819044314749248
"llr_sameArticleDiffColor_x_repeat_color",0.0819044314749248
"llr_sizeCode_x_productGroup_article_t_h",0.0819044314749248
"llr_sizeCode_x_sameArticleDiffColor",0.0819044314749248
"llr_unitprice_vary_within_month_by_articleID_x_max_freq_paymeth_letters_by_custome",0.0819044314749248
"llr_unitprice_vary_within_week_by_articleID_x_max_freq_color_code",0.0819044314749248
"llr_unitprice_vary_within_week_by_articleID_x_newproductgrouprrptwodigits_1",0.0819044314749248
"llr_voucherID_x_newproductgrouprrptwodigits_1",0.0819044314749248
"llr_voucherID_x_repeat_article",0.0819044314749248
"llr_voucher_Amount_coupon_x_cluster_articleID_by_rrp_productgroup",0.0819044314749248
"llr_week_x_max_freq_paymeth_letters_by_custome",0.0819044314749248
"llr_week_x_repeat_color",0.0819044314749248
"llr_week_x_sameArticleDiffColor",0.0819044314749248
"llr_week_x_unitprice_vary_within_week_by_articleID",0.0819044314749248
"llr_any_holiday_x_productGroup_article_t_h",0.0742008647235189
"llr_articleID_x_repeat_product",0.0742008647235189
"llr_articleID_x_voucherID",0.0742008647235189
"llr_colorCode_x_cluster_articleID_by_rrp_productgroup",0.0742008647235189
"llr_colorCode_x_customerID",0.0742008647235189
"llr_colorCode_x_max_freq_paymeth_letters_by_custome",0.0742008647235189
"llr_colorCode_x_newproductgrouprrptwodigits_1",0.0742008647235189
"llr_colorCode_x_sizeCode",0.0742008647235189
"llr_colorCode_x_voucher_Amount_coupon",0.0742008647235189
"llr_colorCode_x_week",0.0742008647235189
"llr_colorhundreddigit_x_colorlastthree",0.0742008647235189
"llr_colorhundreddigit_x_num_color_by_articleID_productgroup",0.0742008647235189
"llr_colorlastthree_x_num_size_by_articleID_productgroup",0.0742008647235189
"llr_colorlastthreesum_x_newproductgrouprrptwodigits_1",0.0742008647235189
"llr_customerID_x_colorlastthree",0.0742008647235189
"llr_customerID_x_colorlasttwodigit",0.0742008647235189
"llr_customerID_x_repeatOrderSameSize",0.0742008647235189
"llr_deviceID_x_unitprice_vary_within_month_by_articleID",0.0742008647235189
"llr_dow_x_colorhundreddigit",0.0742008647235189
"llr_dow_x_max_freq_color_code",0.0742008647235189
"llr_general_holiday_x_voucher_Amount_coupon",0.0742008647235189
"llr_legal_holiday_x_repeat_product",0.0742008647235189
"llr_legal_holiday_x_repeat_size",0.0742008647235189
"llr_num_size_by_articleID_productgroup_x_extreme_size",0.0742008647235189
"llr_pattern_paste_numofcolor_numofsize_by_article_productgroup_x_max_freq_paymeth_letters_by_custome",0.0675288604534361
"llr_paymentMethod_x_colorhundreddigit",0.0675288604534361
"llr_paymentMethod_x_sameArticleDiffColor",0.0675288604534361
"llr_productGroup_x_max_freq_paymeth_letters_by_custome",0.0675288604534361
"llr_productGroup_x_productGroup_rrp_of_1digit",0.0675288604534361
"llr_sameArticleDiffColor_x_colorlastthreesum",0.0593948113237794
"llr_sameArticleDiffColor_x_colorlasttwodigit",0.0593948113237794
"llr_sameArticleDiffColor_x_productGroup_rrp_of_1digit",0.0593948113237794
"llr_sameArticleDiffSize_x_max_freq_paymeth_letters_by_custome",0.0593948113237794
"llr_sameArticleDiffSize_x_pattern_paste_numofcolor_numofsize_by_article_productgroup",0.0593948113237794
"llr_sameArticleDiffSize_x_repeat_product",0.0593948113237794
"llr_sameProductDiffSize_x_any_holiday",0.0593948113237794
"llr_sameProductDiffSize_x_unitprice_vary_within_month_by_articleID",0.0593948113237794
"llr_sizeCode_x_max_freq_color_code",0.0593948113237794
"llr_sizeCode_x_repeat_size",0.0593948113237794
"llr_sizeCode_x_week",0.0593948113237794
"llr_unitprice_vary_within_month_by_articleID_x_productGroup_article_t_h",0.0593948113237794
"llr_unitprice_vary_within_week_by_articleID_x_extreme_size",0.0593948113237794
"llr_voucherID_x_productGroup_article_t_h",0.0593948113237794
"llr_voucherID_x_repeatOrderSameSize",0.0593948113237794
"llr_voucherID_x_voucher_Amount_coupon",0.0593948113237794
"llr_voucher_Amount_coupon_x_max_freq_paymeth_letters_by_custome",0.0593948113237794
"llr_week_x_colorlastthreesum",0.0593948113237794
"llr_articleID_x_num_size_by_articleID_productgroup",0.0516912445723735
"llr_colorCode_x_pattern_paste_numofcolor_numofsize_by_article_productgroup",0.0516912445723735
"llr_colorCode_x_unitprice_vary_within_week_by_articleID",0.0516912445723735
"llr_colorlastthreesum",0.0516912445723735
"llr_colorlastthreesum_x_unitprice_vary_within_month_by_articleID",0.0516912445723735
"llr_customerID_x_max_freq_color_code",0.0516912445723735
"llr_customerID_x_voucher_Amount_coupon",0.0516912445723735
"llr_deviceID_x_extreme_size",0.0516912445723735
"llr_deviceID_x_legal_holiday",0.0516912445723735
"llr_deviceID_x_max_freq_color_code",0.0516912445723735
"llr_deviceID_x_pattern_paste_numofcolor_numofsize_by_article_productgroup",0.0516912445723735
"llr_deviceID_x_repeat_article",0.0516912445723735
"llr_deviceID_x_repeat_product",0.0516912445723735
"llr_deviceID_x_sameArticleDiffSize",0.0516912445723735
"llr_dow_x_repeat_product",0.0516912445723735
"llr_dow_x_sameProductDiffSize",0.0516912445723735
"llr_general_holiday_x_cluster_articleID_by_rrp_productgroup",0.0516912445723735
"llr_general_holiday_x_newproductgrouprrptwodigits_1",0.0516912445723735
"llr_general_holiday_x_repeat_color",0.0516912445723735
"llr_general_holiday_x_repeat_size",0.0516912445723735
"llr_legal_holiday_x_productGroup_article_t_h",0.0516912445723735
"llr_legal_holiday_x_voucher_Amount_coupon",0.0516912445723735
"llr_max_freq_paymeth_letters_by_custome_x_newproductgrouprrptwodigits_1",0.0516912445723735
"llr_num_color_by_articleID_productgroup_x_max_freq_color_code",0.0516912445723735
"llr_productGroup_article_t_h_x_max_freq_paymeth_letters_by_custome",0.0516912445723735
"llr_productGroup_x_dow",0.0516912445723735
"llr_repeatOrderSameSize_x_legal_holiday",0.0516912445723735
"llr_repeatOrderSameSize_x_num_color_by_articleID_productgroup",0.0516912445723735
"llr_repeatOrderSameSize_x_sameArticleDiffColor",0.0516912445723735
"llr_repeat_color_x_colorlastthreesum",0.0516912445723735
"llr_repeat_color_x_repeat_size",0.0516912445723735
"llr_repeat_product_x_cluster_articleID_by_rrp_productgroup",0.0516912445723735
"llr_repeat_product_x_colorlastthree",0.0516912445723735
"llr_repeat_product_x_extreme_size",0.0516912445723735
"llr_repeat_product_x_max_freq_paymeth_letters_by_custome",0.0450192403022908
"llr_repeat_product_x_unitprice_vary_within_week_by_articleID",0.0450192403022908
"llr_repeat_size_x_colorhundreddigit",0.0450192403022908
"llr_repeat_size_x_colorlasttwodigit",0.0450192403022908
"llr_repeat_size_x_newproductgrouprrptwodigits_1",0.0450192403022908
"llr_repeat_size_x_num_color_by_articleID_productgroup",0.0450192403022908
"llr_sameArticleDiffColor_x_extreme_size",0.0450192403022908
"llr_sameArticleDiffSize_x_num_color_by_articleID_productgroup",0.0450192403022908
"llr_sameArticleDiffSize_x_repeat_size",0.0450192403022908
"llr_sameProductDiffSize_x_colorlastthreesum",0.0450192403022908
"llr_sameProductDiffSize_x_legal_holiday",0.0450192403022908
"llr_sameProductDiffSize_x_max_freq_paymeth_letters_by_custome",0.0450192403022908
"llr_sizeCode_x_cluster_articleID_by_rrp_productgroup",0.0450192403022908
"llr_sizeCode_x_colorlastthreesum",0.0450192403022908
"llr_sizeCode_x_max_freq_paymeth_letters_by_custome",0.0450192403022908
"llr_sizeCode_x_unitprice_vary_within_week_by_articleID",0.0450192403022908
"llr_sizeCode_x_voucherID",0.0450192403022908
"llr_unitprice_vary_within_month_by_articleID_x_max_freq_color_code",0.0450192403022908
"llr_voucherID_x_pattern_paste_numofcolor_numofsize_by_article_productgroup",0.036885191172634
"llr_voucherID_x_productGroup_rrp_of_1digit",0.036885191172634
"llr_voucher_Amount_coupon_x_extreme_size",0.036885191172634
"llr_week_x_max_freq_color_code",0.036885191172634
"llr_any_holiday_x_colorlastthree",0.0291816244212281
"llr_any_holiday_x_repeat_article",0.0291816244212281
"llr_any_holiday_x_repeat_color",0.0291816244212281
"llr_articleID_x_repeat_color",0.0291816244212281
"llr_colorCode_x_num_size_by_articleID_productgroup",0.0291816244212281
"llr_colorCode_x_productGroup",0.0291816244212281
"llr_colorCode_x_voucherID",0.0291816244212281
"llr_colorhundreddigit_x_max_freq_paymeth_letters_by_custome",0.0291816244212281
"llr_colorhundreddigit_x_pattern_paste_numofcolor_numofsize_by_article_productgroup",0.0291816244212281
"llr_colorlastthree_x_max_freq_color_code",0.0291816244212281
"llr_colorlastthreesum_x_voucher_Amount_coupon",0.0291816244212281
"llr_colorlasttwodigit_x_max_freq_paymeth_letters_by_custome",0.0291816244212281
"llr_colorlasttwodigit_x_pattern_paste_numofcolor_numofsize_by_article_productgroup",0.0291816244212281
"llr_deviceID_x_cluster_articleID_by_rrp_productgroup",0.0291816244212281
"llr_deviceID_x_productGroup_rrp_of_1digit",0.0291816244212281
"llr_deviceID_x_unitprice_vary_within_week_by_articleID",0.0291816244212281
"llr_dow_x_colorlasttwodigit",0.0291816244212281
"llr_dow_x_extreme_size",0.0291816244212281
"llr_dow_x_newproductgrouprrptwodigits_1",0.0291816244212281
"llr_dow_x_productGroup_rrp_of_1digit",0.0291816244212281
"llr_dow_x_voucher_Amount_coupon",0.0291816244212281
"llr_dow_x_week",0.0291816244212281
"llr_general_holiday_x_colorlastthree",0.0291816244212281
"llr_general_holiday_x_num_size_by_articleID_productgroup",0.0291816244212281
"llr_general_holiday_x_unitprice_vary_within_month_by_articleID",0.0291816244212281
"llr_legal_holiday_x_newproductgrouprrptwodigits_1",0.0291816244212281
"llr_legal_holiday_x_repeat_color",0.0291816244212281
"llr_max_freq_paymeth_letters_by_custome",0.0291816244212281
"llr_max_freq_paymeth_letters_by_custome_x_extreme_size",0.0291816244212281
"llr_max_freq_paymeth_letters_by_custome_x_max_freq_color_code",0.0291816244212281
"llr_num_color_by_articleID_productgroup_x_unitprice_vary_within_week_by_articleID",0.0291816244212281
"llr_num_size_by_articleID_productgroup_x_productGroup_article_t_h",0.0291816244212281
"llr_pattern_paste_numofcolor_numofsize_by_article_productgroup_x_cluster_articleID_by_rrp_productgroup",0.0291816244212281
"llr_pattern_paste_numofcolor_numofsize_by_article_productgroup_x_unitprice_vary_within_month_by_articleID",0.0291816244212281
"llr_paymentMethod_x_colorlastthree",0.0225096201511454
"llr_paymentMethod_x_colorlastthreesum",0.0225096201511454
"llr_paymentMethod_x_colorlasttwodigit",0.0225096201511454
"llr_paymentMethod_x_extreme_size",0.0225096201511454
"llr_paymentMethod_x_repeat_article",0.0225096201511454
"llr_productGroup_article_t_h_x_extreme_size",0.0225096201511454
"llr_productGroup_x_any_holiday",0.0225096201511454
"llr_productGroup_x_cluster_articleID_by_rrp_productgroup",0.0225096201511454
"llr_productGroup_x_deviceID",0.0225096201511454
"llr_productGroup_x_num_color_by_articleID_productgroup",0.0225096201511454
"llr_productGroup_x_repeat_article",0.0225096201511454
"llr_productGroup_x_unitprice_vary_within_month_by_articleID",0.0225096201511454
"llr_repeatOrderSameSize_x_colorlasttwodigit",0.0225096201511454
"llr_repeatOrderSameSize_x_pattern_paste_numofcolor_numofsize_by_article_productgroup",0.0225096201511454
"llr_repeatOrderSameSize_x_repeat_size",0.0225096201511454
"llr_repeatOrderSameSize_x_unitprice_vary_within_week_by_articleID",0.0225096201511454
"llr_repeat_article_x_colorlasttwodigit",0.0225096201511454
"llr_repeat_article_x_max_freq_color_code",0.0225096201511454
"llr_repeat_color_x_colorlastthree",0.0225096201511454
"llr_repeat_color_x_voucher_Amount_coupon",0.0225096201511454
"llr_repeat_size_x_unitprice_vary_within_week_by_articleID",0.0225096201511454
"llr_sameArticleDiffColor_x_colorlastthree",0.0225096201511454
"llr_sameArticleDiffColor_x_legal_holiday",0.0225096201511454
"llr_sameArticleDiffColor_x_max_freq_paymeth_letters_by_custome",0.0225096201511454
"llr_sameArticleDiffColor_x_num_color_by_articleID_productgroup",0.0225096201511454
"llr_sameArticleDiffColor_x_sameProductDiffSize",0.0225096201511454
"llr_sameArticleDiffSize_x_legal_holiday",0.0225096201511454
"llr_sameArticleDiffSize_x_max_freq_color_code",0.0225096201511454
"llr_sameArticleDiffSize_x_num_size_by_articleID_productgroup",0.0225096201511454
"llr_sameArticleDiffSize_x_productGroup_rrp_of_1digit",0.0225096201511454
"llr_sameProductDiffSize_x_extreme_size",0.0225096201511454
"llr_sameProductDiffSize_x_general_holiday",0.0225096201511454
"llr_sameProductDiffSize_x_repeat_article",0.0225096201511454
"llr_sameProductDiffSize_x_voucher_Amount_coupon",0.0225096201511454
"llr_sizeCode_x_any_holiday",0.0225096201511454
"llr_sizeCode_x_colorlasttwodigit",0.0225096201511454
"llr_sizeCode_x_dow",0.0225096201511454
"llr_sizeCode_x_legal_holiday",0.0225096201511454
"llr_sizeCode_x_newproductgrouprrptwodigits_1",0.0225096201511454
"llr_sizeCode_x_num_color_by_articleID_productgroup",0.0225096201511454
"llr_sizeCode_x_repeat_color",0.0225096201511454
"llr_unitprice_vary_within_month_by_articleID_x_cluster_articleID_by_rrp_productgroup",0.0225096201511454
"llr_unitprice_vary_within_week_by_articleID_x_unitprice_vary_within_month_by_articleID",0.0225096201511454
"llr_voucherID_x_any_holiday",0.0225096201511454
"llr_voucherID_x_colorlastthree",0.0225096201511454
"llr_voucherID_x_max_freq_color_code",0.0225096201511454
"llr_voucherID_x_paymentMethod",0.0225096201511454
"llr_voucher_Amount_coupon",0.0225096201511454
"llr_voucher_Amount_coupon_x_productGroup_article_t_h",0.0225096201511454
"llr_week_x_colorhundreddigit",0.0225096201511454
"llr_week_x_colorlasttwodigit",0.0225096201511454
"llr_week_x_general_holiday",0.0225096201511454
"llr_week_x_repeat_product",0.0143755710214886
"llr_week_x_repeat_size",0.0143755710214886
"llr_articleID_x_productGroup",0.00667200427008273
"llr_articleID_x_month",0.00667200427008273
"llr_articleID_x_general_holiday",0.00667200427008273
"llr_articleID_x_any_holiday",0.00667200427008273
"llr_articleID_x_colorlastthree",0.00667200427008273
"llr_articleID_x_pattern_paste_numofcolor_numofsize_by_article_productgroup",0.00667200427008273
"llr_articleID_x_unitprice_vary_within_week_by_articleID",0.00667200427008273
"llr_articleID_x_cluster_articleID_by_rrp_productgroup",0.00667200427008273
"llr_articleID_x_max_freq_color_code",0.00667200427008273
"llr_articleID_x_newproductgrouprrptwodigits_1",0.00667200427008273
"llr_articleID_x_productGroup_rrp_of_1digit",0.00667200427008273
"llr_colorCode",0.00667200427008273
"llr_colorCode_x_deviceID",0.00667200427008273
"llr_colorCode_x_paymentMethod",0.00667200427008273
"llr_colorCode_x_month",0.00667200427008273
"llr_colorCode_x_repeatOrderSameSize",0.00667200427008273
"llr_colorCode_x_sameArticleDiffSize",0.00667200427008273
"llr_colorCode_x_legal_holiday",0.00667200427008273
"llr_colorCode_x_general_holiday",0.00667200427008273
"llr_colorCode_x_any_holiday",0.00667200427008273
"llr_colorCode_x_repeat_size",0.00667200427008273
"llr_colorCode_x_repeat_product",0.00667200427008273
"llr_colorCode_x_colorhundreddigit",0.00667200427008273
"llr_colorCode_x_colorlastthree",0.00667200427008273
"llr_colorCode_x_colorlastthreesum",0.00667200427008273
"llr_colorCode_x_colorlasttwodigit",0.00667200427008273
"llr_colorCode_x_unitprice_vary_within_month_by_articleID",0.00667200427008273
"llr_colorCode_x_productGroup_article_t_h",0.00667200427008273
"llr_colorCode_x_max_freq_color_code",0.00667200427008273
"llr_sizeCode",0.00667200427008273
"llr_sizeCode_x_paymentMethod",0.00667200427008273
"llr_sizeCode_x_month",0.00667200427008273
"llr_sizeCode_x_repeatOrderSameSize",0.00667200427008273
"llr_sizeCode_x_sameArticleDiffSize",0.00667200427008273
"llr_sizeCode_x_general_holiday",0.00667200427008273
"llr_sizeCode_x_repeat_article",0.00667200427008273
"llr_sizeCode_x_colorlastthree",0.00667200427008273
"llr_sizeCode_x_voucher_Amount_coupon",0.00667200427008273
"llr_sizeCode_x_num_size_by_articleID_productgroup",0.00667200427008273
"llr_sizeCode_x_unitprice_vary_within_month_by_articleID",0.00667200427008273
"llr_productGroup",0.00667200427008273
"llr_productGroup_x_voucherID",0.00667200427008273
"llr_productGroup_x_month",0
"llr_productGroup_x_repeatOrderSameSize",0
"llr_productGroup_x_legal_holiday",0
"llr_productGroup_x_general_holiday",0
"llr_productGroup_x_repeat_color",0
"llr_productGroup_x_colorhundreddigit",0
"llr_productGroup_x_colorlastthree",0
"llr_productGroup_x_num_size_by_articleID_productgroup",0
"llr_productGroup_x_pattern_paste_numofcolor_numofsize_by_article_productgroup",0
"llr_productGroup_x_productGroup_article_t_h",0
"llr_productGroup_x_newproductgrouprrptwodigits_1",0
"llr_voucherID",0
"llr_voucherID_x_month",0
"llr_voucherID_x_week",0
"llr_voucherID_x_sameArticleDiffSize",0
"llr_voucherID_x_sameArticleDiffColor",0
"llr_voucherID_x_legal_holiday",0
"llr_voucherID_x_general_holiday",0
"llr_voucherID_x_repeat_size",0
"llr_voucherID_x_colorlasttwodigit",0
"llr_voucherID_x_num_size_by_articleID_productgroup",0
"llr_voucherID_x_cluster_articleID_by_rrp_productgroup",0
"llr_customerID_x_month",0
"llr_customerID_x_num_color_by_articleID_productgroup",0
"llr_customerID_x_max_freq_paymeth_letters_by_custome",0
"llr_deviceID",0
"llr_deviceID_x_month",0
"llr_deviceID_x_dow",0
"llr_deviceID_x_repeatOrderSameSize",0
"llr_deviceID_x_general_holiday",0
"llr_deviceID_x_repeat_size",0
"llr_deviceID_x_colorhundreddigit",0
"llr_deviceID_x_colorlastthree",0
"llr_deviceID_x_colorlastthreesum",0
"llr_deviceID_x_colorlasttwodigit",0
"llr_deviceID_x_voucher_Amount_coupon",0
"llr_deviceID_x_num_size_by_articleID_productgroup",0
"llr_deviceID_x_productGroup_article_t_h",0
"llr_paymentMethod",0
"llr_paymentMethod_x_month",0
"llr_paymentMethod_x_repeatOrderSameSize",0
"llr_paymentMethod_x_legal_holiday",0
"llr_paymentMethod_x_general_holiday",0
"llr_paymentMethod_x_any_holiday",0
"llr_paymentMethod_x_num_size_by_articleID_productgroup",0
"llr_paymentMethod_x_pattern_paste_numofcolor_numofsize_by_article_productgroup",0
"llr_paymentMethod_x_unitprice_vary_within_month_by_articleID",0
"llr_month",0
"llr_month_x_dow",0
"llr_month_x_week",0
"llr_month_x_repeatOrderSameSize",0
"llr_month_x_sameArticleDiffSize",0
"llr_month_x_sameArticleDiffColor",0
"llr_month_x_sameProductDiffSize",0
"llr_month_x_legal_holiday",0
"llr_month_x_general_holiday",0
"llr_month_x_any_holiday",0
"llr_month_x_repeat_color",0
"llr_month_x_repeat_size",0
"llr_month_x_repeat_product",0
"llr_month_x_repeat_article",0
"llr_month_x_colorhundreddigit",0
"llr_month_x_colorlastthree",0
"llr_month_x_colorlastthreesum",0
"llr_month_x_colorlasttwodigit",0
"llr_month_x_voucher_Amount_coupon",0
"llr_month_x_num_color_by_articleID_productgroup",0
"llr_month_x_num_size_by_articleID_productgroup",0
"llr_month_x_pattern_paste_numofcolor_numofsize_by_article_productgroup",0
"llr_month_x_unitprice_vary_within_week_by_articleID",0
"llr_month_x_unitprice_vary_within_month_by_articleID",0
"llr_month_x_productGroup_article_t_h",0
"llr_month_x_cluster_articleID_by_rrp_productgroup",0
"llr_month_x_max_freq_paymeth_letters_by_custome",0
"llr_month_x_extreme_size",0
"llr_month_x_max_freq_color_code",0
"llr_month_x_newproductgrouprrptwodigits_1",0
"llr_month_x_productGroup_rrp_of_1digit",0
"llr_dow",0
"llr_dow_x_repeatOrderSameSize",0
"llr_dow_x_legal_holiday",0
"llr_dow_x_general_holiday",0
"llr_dow_x_any_holiday",0
"llr_dow_x_repeat_article",0
"llr_dow_x_colorlastthreesum",0
"llr_dow_x_num_size_by_articleID_productgroup",0
"llr_dow_x_pattern_paste_numofcolor_numofsize_by_article_productgroup",0
"llr_dow_x_cluster_articleID_by_rrp_productgroup",0
"llr_week",0
"llr_week_x_sameProductDiffSize",0
"llr_week_x_legal_holiday",0
"llr_week_x_any_holiday",0
"llr_week_x_colorlastthree",0
"llr_week_x_num_size_by_articleID_productgroup",0
"llr_week_x_unitprice_vary_within_month_by_articleID",0
"llr_week_x_cluster_articleID_by_rrp_productgroup",0
"llr_week_x_extreme_size",0
"llr_repeatOrderSameSize_x_sameArticleDiffSize",0
"llr_repeatOrderSameSize_x_general_holiday",0
"llr_repeatOrderSameSize_x_any_holiday",0
"llr_repeatOrderSameSize_x_repeat_color",0
"llr_repeatOrderSameSize_x_repeat_product",0
"llr_repeatOrderSameSize_x_repeat_article",0
"llr_repeatOrderSameSize_x_colorhundreddigit",0
"llr_repeatOrderSameSize_x_colorlastthree",0
"llr_repeatOrderSameSize_x_voucher_Amount_coupon",0
"llr_repeatOrderSameSize_x_num_size_by_articleID_productgroup",0
"llr_repeatOrderSameSize_x_unitprice_vary_within_month_by_articleID",0
"llr_repeatOrderSameSize_x_productGroup_article_t_h",0
"llr_repeatOrderSameSize_x_cluster_articleID_by_rrp_productgroup",0
"llr_repeatOrderSameSize_x_extreme_size",0
"llr_repeatOrderSameSize_x_max_freq_color_code",0
"llr_repeatOrderSameSize_x_newproductgrouprrptwodigits_1",0
"llr_repeatOrderSameSize_x_productGroup_rrp_of_1digit",0
"llr_sameArticleDiffSize_x_sameProductDiffSize",0
"llr_sameArticleDiffSize_x_general_holiday",0
"llr_sameArticleDiffSize_x_any_holiday",0
"llr_sameArticleDiffSize_x_repeat_color",0
"llr_sameArticleDiffSize_x_colorlastthreesum",0
"llr_sameArticleDiffSize_x_unitprice_vary_within_week_by_articleID",0
"llr_sameArticleDiffColor_x_repeat_size",0
"llr_sameArticleDiffColor_x_colorhundreddigit",0
"llr_sameArticleDiffColor_x_num_size_by_articleID_productgroup",0
"llr_sameArticleDiffColor_x_pattern_paste_numofcolor_numofsize_by_article_productgroup",0
"llr_sameArticleDiffColor_x_unitprice_vary_within_month_by_articleID",0
"llr_sameProductDiffSize_x_repeat_color",0
"llr_sameProductDiffSize_x_colorhundreddigit",0
"llr_sameProductDiffSize_x_colorlastthree",0
"llr_sameProductDiffSize_x_colorlasttwodigit",0
"llr_sameProductDiffSize_x_num_size_by_articleID_productgroup",0
"llr_sameProductDiffSize_x_pattern_paste_numofcolor_numofsize_by_article_productgroup",0
"llr_legal_holiday_x_general_holiday",0
"llr_legal_holiday_x_any_holiday",0
"llr_legal_holiday_x_colorhundreddigit",0
"llr_legal_holiday_x_colorlastthree",0
"llr_legal_holiday_x_colorlastthreesum",0
"llr_legal_holiday_x_colorlasttwodigit",0
"llr_legal_holiday_x_num_size_by_articleID_productgroup",0
"llr_legal_holiday_x_pattern_paste_numofcolor_numofsize_by_article_productgroup",0
"llr_legal_holiday_x_unitprice_vary_within_week_by_articleID",0
"llr_legal_holiday_x_unitprice_vary_within_month_by_articleID",0
"llr_legal_holiday_x_cluster_articleID_by_rrp_productgroup",0
"llr_legal_holiday_x_max_freq_paymeth_letters_by_custome",0
"llr_legal_holiday_x_extreme_size",0
"llr_legal_holiday_x_productGroup_rrp_of_1digit",0
"llr_general_holiday_x_any_holiday",0
"llr_general_holiday_x_repeat_product",0
"llr_general_holiday_x_repeat_article",0
"llr_general_holiday_x_colorhundreddigit",0
"llr_general_holiday_x_colorlastthreesum",0
"llr_general_holiday_x_colorlasttwodigit",0
"llr_general_holiday_x_num_color_by_articleID_productgroup",0
"llr_general_holiday_x_pattern_paste_numofcolor_numofsize_by_article_productgroup",0
"llr_general_holiday_x_unitprice_vary_within_week_by_articleID",0
"llr_general_holiday_x_productGroup_article_t_h",0
"llr_general_holiday_x_max_freq_paymeth_letters_by_custome",0
"llr_general_holiday_x_extreme_size",0
"llr_general_holiday_x_productGroup_rrp_of_1digit",0
"llr_any_holiday_x_repeat_size",0
"llr_any_holiday_x_repeat_product",0
"llr_any_holiday_x_colorlastthreesum",0
"llr_any_holiday_x_colorlasttwodigit",0
"llr_any_holiday_x_voucher_Amount_coupon",0
"llr_any_holiday_x_num_color_by_articleID_productgroup",0
"llr_any_holiday_x_num_size_by_articleID_productgroup",0
"llr_any_holiday_x_pattern_paste_numofcolor_numofsize_by_article_productgroup",0
"llr_any_holiday_x_unitprice_vary_within_week_by_articleID",0
"llr_any_holiday_x_cluster_articleID_by_rrp_productgroup",0
"llr_any_holiday_x_max_freq_paymeth_letters_by_custome",0
"llr_any_holiday_x_extreme_size",0
"llr_any_holiday_x_max_freq_color_code",0
"llr_any_holiday_x_newproductgrouprrptwodigits_1",0
"llr_any_holiday_x_productGroup_rrp_of_1digit",0
"llr_repeat_color_x_repeat_product",0
"llr_repeat_color_x_colorlasttwodigit",0
"llr_repeat_color_x_num_color_by_articleID_productgroup",0
"llr_repeat_color_x_num_size_by_articleID_productgroup",0
"llr_repeat_color_x_pattern_paste_numofcolor_numofsize_by_article_productgroup",0
"llr_repeat_color_x_cluster_articleID_by_rrp_productgroup",0
"llr_repeat_color_x_extreme_size",0
"llr_repeat_color_x_productGroup_rrp_of_1digit",0
"llr_repeat_size_x_colorlastthree",0
"llr_repeat_size_x_colorlastthreesum",0
"llr_repeat_size_x_num_size_by_articleID_productgroup",0
"llr_repeat_size_x_pattern_paste_numofcolor_numofsize_by_article_productgroup",0
"llr_repeat_size_x_productGroup_article_t_h",0
"llr_repeat_size_x_productGroup_rrp_of_1digit",0
"llr_repeat_product_x_repeat_article",0
"llr_repeat_product_x_colorhundreddigit",0
"llr_repeat_product_x_colorlastthreesum",0
"llr_repeat_product_x_voucher_Amount_coupon",0
"llr_repeat_product_x_num_color_by_articleID_productgroup",0
"llr_repeat_product_x_num_size_by_articleID_productgroup",0
"llr_repeat_product_x_pattern_paste_numofcolor_numofsize_by_article_productgroup",0
"llr_repeat_product_x_productGroup_article_t_h",0
"llr_repeat_product_x_productGroup_rrp_of_1digit",0
"llr_repeat_article_x_colorlastthree",0
"llr_repeat_article_x_voucher_Amount_coupon",0
"llr_repeat_article_x_num_color_by_articleID_productgroup",0
"llr_repeat_article_x_num_size_by_articleID_productgroup",0
"llr_repeat_article_x_pattern_paste_numofcolor_numofsize_by_article_productgroup",0
"llr_repeat_article_x_unitprice_vary_within_week_by_articleID",0
"llr_repeat_article_x_unitprice_vary_within_month_by_articleID",0
"llr_repeat_article_x_cluster_articleID_by_rrp_productgroup",0
"llr_repeat_article_x_newproductgrouprrptwodigits_1",0
"llr_colorhundreddigit",0
"llr_colorhundreddigit_x_colorlasttwodigit",0
"llr_colorhundreddigit_x_voucher_Amount_coupon",0
"llr_colorhundreddigit_x_num_size_by_articleID_productgroup",0
"llr_colorhundreddigit_x_unitprice_vary_within_week_by_articleID",0
"llr_colorhundreddigit_x_unitprice_vary_within_month_by_articleID",0
"llr_colorhundreddigit_x_cluster_articleID_by_rrp_productgroup",0
"llr_colorhundreddigit_x_productGroup_rrp_of_1digit",0
"llr_colorlastthree",0
"llr_colorlastthree_x_colorlastthreesum",0
"llr_colorlastthree_x_colorlasttwodigit",0
"llr_colorlastthree_x_pattern_paste_numofcolor_numofsize_by_article_productgroup",0
"llr_colorlastthree_x_unitprice_vary_within_week_by_articleID",0
"llr_colorlastthree_x_unitprice_vary_within_month_by_articleID",0
"llr_colorlastthree_x_productGroup_article_t_h",0
"llr_colorlastthree_x_newproductgrouprrptwodigits_1",0
"llr_colorlastthree_x_productGroup_rrp_of_1digit",0
"llr_colorlastthreesum_x_colorlasttwodigit",0
"llr_colorlastthreesum_x_num_color_by_articleID_productgroup",0
"llr_colorlastthreesum_x_num_size_by_articleID_productgroup",0
"llr_colorlastthreesum_x_pattern_paste_numofcolor_numofsize_by_article_productgroup",0
"llr_colorlastthreesum_x_unitprice_vary_within_week_by_articleID",0
"llr_colorlastthreesum_x_cluster_articleID_by_rrp_productgroup",0
"llr_colorlastthreesum_x_max_freq_paymeth_letters_by_custome",0
"llr_colorlastthreesum_x_extreme_size",0
"llr_colorlasttwodigit",0
"llr_colorlasttwodigit_x_unitprice_vary_within_week_by_articleID",0
"llr_colorlasttwodigit_x_unitprice_vary_within_month_by_articleID",0
"llr_colorlasttwodigit_x_extreme_size",0
"llr_colorlasttwodigit_x_productGroup_rrp_of_1digit",0
"llr_voucher_Amount_coupon_x_pattern_paste_numofcolor_numofsize_by_article_productgroup",0
"llr_voucher_Amount_coupon_x_unitprice_vary_within_month_by_articleID",0
"llr_voucher_Amount_coupon_x_max_freq_color_code",0
"llr_voucher_Amount_coupon_x_newproductgrouprrptwodigits_1",0
"llr_voucher_Amount_coupon_x_productGroup_rrp_of_1digit",0
"llr_num_color_by_articleID_productgroup",0
"llr_num_color_by_articleID_productgroup_x_num_size_by_articleID_productgroup",0
"llr_num_color_by_articleID_productgroup_x_pattern_paste_numofcolor_numofsize_by_article_productgroup",0
"llr_num_color_by_articleID_productgroup_x_unitprice_vary_within_month_by_articleID",0
"llr_num_color_by_articleID_productgroup_x_productGroup_article_t_h",0
"llr_num_color_by_articleID_productgroup_x_cluster_articleID_by_rrp_productgroup",0
"llr_num_color_by_articleID_productgroup_x_extreme_size",0
"llr_num_color_by_articleID_productgroup_x_productGroup_rrp_of_1digit",0
"llr_num_size_by_articleID_productgroup",0
"llr_num_size_by_articleID_productgroup_x_pattern_paste_numofcolor_numofsize_by_article_productgroup",0
"llr_num_size_by_articleID_productgroup_x_unitprice_vary_within_week_by_articleID",0
"llr_num_size_by_articleID_productgroup_x_unitprice_vary_within_month_by_articleID",0
"llr_num_size_by_articleID_productgroup_x_cluster_articleID_by_rrp_productgroup",0
"llr_num_size_by_articleID_productgroup_x_max_freq_paymeth_letters_by_custome",0
"llr_num_size_by_articleID_productgroup_x_newproductgrouprrptwodigits_1",0
"llr_num_size_by_articleID_productgroup_x_productGroup_rrp_of_1digit",0
"llr_pattern_paste_numofcolor_numofsize_by_article_productgroup",0
"llr_pattern_paste_numofcolor_numofsize_by_article_productgroup_x_extreme_size",0
"llr_pattern_paste_numofcolor_numofsize_by_article_productgroup_x_newproductgrouprrptwodigits_1",0
"llr_pattern_paste_numofcolor_numofsize_by_article_productgroup_x_productGroup_rrp_of_1digit",0
"llr_unitprice_vary_within_week_by_articleID",0
"llr_unitprice_vary_within_week_by_articleID_x_productGroup_article_t_h",0
"llr_unitprice_vary_within_week_by_articleID_x_cluster_articleID_by_rrp_productgroup",0
"llr_unitprice_vary_within_month_by_articleID",0
"llr_unitprice_vary_within_month_by_articleID_x_newproductgrouprrptwodigits_1",0
"llr_unitprice_vary_within_month_by_articleID_x_productGroup_rrp_of_1digit",0
"llr_productGroup_article_t_h",0
"llr_productGroup_article_t_h_x_productGroup_rrp_of_1digit",0
"llr_cluster_articleID_by_rrp_productgroup",0
"llr_cluster_articleID_by_rrp_productgroup_x_extreme_size",0
"llr_cluster_articleID_by_rrp_productgroup_x_newproductgrouprrptwodigits_1",0
"llr_cluster_articleID_by_rrp_productgroup_x_productGroup_rrp_of_1digit",0
"llr_extreme_size_x_productGroup_rrp_of_1digit",0
"llr_max_freq_color_code",0
"llr_newproductgrouprrptwodigits_1",0
"llr_newproductgrouprrptwodigits_1_x_productGroup_rrp_of_1digit",0
"llr_productGroup_rrp_of_1digit",0
