"","Features","Overall"
"1","quantity",100
"2","price",100
"3","discountProp",99.98
"4","llr_colorCode",98.65
"5","llr_productGroup_x_month",98.65
"6","llr_customerID_x_deviceID",98.65
"7","llr_articleID_x_paymentMethod",98.09
"8","sameArticleDiffSize",98.09
"9","llr_customerID",98.07
"10","llr_articleID_x_businessCustomer",97.83
"11","total_price_by_orderID",97.09
"12","llr_customerID_x_paymentMethod",96.75
"13","llr_productGroup_x_customerID",96.36
"14","llr_articleID_x_colorCode",95.2
"15","total_price_by_customerID",94.46
"16","llr_articleID_x_customerID",92.8
"17","total_quantity_per_order",89.61
"18","llr_articleID_x_month",84.69
"19","llr_sizeCode_x_customerID",78.43
"20","llr_voucherID_x_customerID",77.06
"21","llr_customerID_x_week",75.75
"22","rrp",71.13
"23","sameArticleDiffColor",70.22
"24","llr_articleID_x_sizeCode",69.7
"25","llr_articleID",69.07
"26","total_quantity_per_customer",66.64
"27","llr_paymentMethod",65.8
"28","llr_customerID_x_month",65.69
"29","sameProductDiffSize",63.25
"30","llr_dow_x_businessCustomer",60.07
"31","llr_colorCode_x_businessCustomer",56.94
"32","llr_colorCode_x_customerID",54.41
"33","llr_paymentMethod_x_businessCustomer",53.34
"34","unit_price_min_avg",53.32
"35","total_voucherAmount_by_orderID",52.59
"36","voucherAmount",52.12
"37","llr_paymentMethod_x_dow",50.77
"38","llr_deviceID_x_week",49.42
"39","total_quantity_per_article",48.51
"40","llr_customerID_x_dow",48.49
"41","llr_productGroup_x_paymentMethod",48.18
"42","llr_deviceID_x_paymentMethod",47.09
"43","llr_sizeCode",46.98
"44","llr_deviceID_x_dow",46.92
"45","llr_deviceID_x_businessCustomer",45.34
"46","llr_sizeCode_x_productGroup",44.82
"47","llr_voucherID_x_paymentMethod",44.3
"48","llr_colorCode_x_sizeCode",43.31
"49","llr_businessCustomer",43.29
"50","llr_productGroup",42.92
"51","llr_deviceID_x_month",41.2
"52","total_price_by_articleID",40.72
"53","llr_paymentMethod_x_month",40.48
"54","llr_month",40.24
"55","llr_dow_x_week",38.72
"56","llr_month_x_dow",38.62
"57","total_voucherAmount_by_articleID",36.99
"58","llr_sizeCode_x_paymentMethod",36.28
"59","total_voucherAmount_by_customerID",35.73
"60","llr_voucherID_x_dow",35.29
"61","llr_articleID_x_week",35.04
"62","llr_deviceID",34.35
"63","llr_voucherID",32.66
"64","llr_month_x_week",32.46
"65","llr_voucherID_x_week",32.07
"66","llr_dow",31.96
"67","llr_sizeCode_x_dow",31.76
"68","llr_productGroup_x_deviceID",31.66
"69","llr_voucherID_x_month",30.9
"70","llr_paymentMethod_x_week",29.76
"71","repeatOrderSameSize",29.52
"72","llr_week_x_businessCustomer",27.82
"73","llr_articleID_x_dow",27.16
"74","llr_productGroup_x_dow",26.77
"75","llr_sizeCode_x_month",24.29
"76","llr_colorCode_x_productGroup",22.85
"77","llr_voucherID_x_businessCustomer",22.07
"78","llr_articleID_x_voucherID",21.94
"79","llr_colorCode_x_paymentMethod",21.68
"80","llr_sizeCode_x_deviceID",20.76
"81","llr_articleID_x_deviceID",18.33
"82","llr_productGroup_x_week",18.32
"83","llr_sizeCode_x_voucherID",18.11
"84","llr_colorCode_x_voucherID",16.99
"85","llr_month_x_businessCustomer",16.73
"86","llr_week",16.53
"87","llr_productGroup_x_businessCustomer",15.49
"88","llr_voucherID_x_deviceID",14.81
"89","llr_sizeCode_x_week",13.66
"90","llr_colorCode_x_month",12.19
"91","llr_sizeCode_x_businessCustomer",11.68
"92","llr_customerID_x_businessCustomer",11.14
"93","llr_productGroup_x_voucherID",10.82
"94","llr_colorCode_x_dow",8.93
"95","llr_colorCode_x_week",8.22
"96","llr_colorCode_x_deviceID",5.98
"97","discountProp.1",0
"98","llr_articleID_x_productGroup",0
