"Features","splits"
"llr_articleID_x_sameProductDiffSize",4.02185746271293
"llr_customerID_x_paymentMethod",3.20755281364493
"llr_customerID_x_sameArticleDiffSize",2.5272700063457
"llr_customerID_x_repeat_article",2.17638601021133
"llr_voucherID_x_customerID",1.953063951757
"llr_articleID_x_customerID",1.84483349668949
"llr_articleID_x_sameArticleDiffSize",1.79575484663542
"llr_customerID",1.69052940801254
"llr_customerID_x_newproductgrouprrptwodigits_1",1.5648688002662
"llr_repeat_color_x_repeat_article",1.51676446647137
"llr_customerID_x_month",1.33730674824767
"llr_customerID_x_sameArticleDiffColor",1.30866963539719
"llr_productGroup_x_customerID",1.25196231230238
"llr_sameProductDiffSize_x_cluster_articleID_by_rrp_productgroup",1.21456272119891
"llr_articleID_x_colorCode",1.19273945408297
"llr_articleID_x_month",1.17132360062013
"llr_articleID_x_paymentMethod",1.13449091212279
"llr_customerID_x_repeat_size",1.11891458813525
"llr_customerID_x_deviceID",0.992273296049538
"llr_sameArticleDiffSize_x_productGroup_article_t_h",0.9850520366619
"llr_sameArticleDiffSize_x_sameArticleDiffColor",0.947652445558422
"llr_paymentMethod_x_newproductgrouprrptwodigits_1",0.919989648967187
"llr_paymentMethod_x_sameProductDiffSize",0.892326852375952
"llr_customerID_x_productGroup_article_t_h",0.835212115628036
"llr_customerID_x_pattern_paste_numofcolor_numofsize_by_article_productgroup",0.80616758912446
"llr_week_x_repeat_size",0.798946329736823
"llr_customerID_x_general_holiday",0.763902784804923
"llr_max_freq_paymeth_letters_by_custome_x_newproductgrouprrptwodigits_1",0.749460266029648
"llr_repeat_product_x_max_freq_paymeth_letters_by_custome",0.698185058757028
"llr_sameArticleDiffSize_x_cluster_articleID_by_rrp_productgroup",0.683742539981754
"llr_colorlasttwodigit_x_pattern_paste_numofcolor_numofsize_by_article_productgroup",0.662893589125051
"llr_customerID_x_num_size_by_articleID_productgroup",0.627035216886942
"llr_dow_x_unitprice_vary_within_week_by_articleID",0.627035216886942
"llr_paymentMethod_x_repeat_product",0.612592698111668
"llr_sameProductDiffSize_x_newproductgrouprrptwodigits_1",0.597016374124129
"llr_customerID_x_repeatOrderSameSize",0.582981269001959
"llr_week_x_sameProductDiffSize",0.567971847620553
"llr_customerID_x_sameProductDiffSize",0.553369839892251
"llr_productGroup_x_paymentMethod",0.530572256517074
"llr_repeat_product_x_num_color_by_articleID_productgroup",0.530572256517074
"llr_sameArticleDiffColor_x_newproductgrouprrptwodigits_1",0.523350997129437
"llr_week_x_num_color_by_articleID_productgroup",0.515562835135668
"llr_articleID_x_colorhundreddigit",0.494306470625861
"llr_customerID_x_voucher_Amount_coupon",0.479297049244454
"llr_month_x_max_freq_color_code",0.471508887250685
"llr_articleID_x_sameArticleDiffColor",0.464695041516152
"llr_customerID_x_repeat_product",0.457473782128515
"llr_sameArticleDiffSize_x_newproductgrouprrptwodigits_1",0.449685620134745
"llr_voucherID_x_dow",0.441897458140976
"llr_customerID_x_extreme_size",0.435083612406443
"llr_repeat_size_x_repeat_article",0.435083612406443
"llr_articleID_x_colorlastthreesum",0.428269766671911
"llr_week_x_colorlastthreesum",0.420481604678141
"llr_week_x_sameArticleDiffColor",0.413260345290504
"llr_colorlasttwodigit_x_productGroup_article_t_h",0.406446499555972
"llr_customerID_x_dow",0.399225240168334
"llr_articleID_x_max_freq_paymeth_letters_by_custome",0.384623232440032
"llr_customerID_x_unitprice_vary_within_month_by_articleID",0.384623232440032
"llr_dow_x_colorhundreddigit",0.369613811058626
"llr_paymentMethod_x_repeat_size",0.369613811058626
"llr_sameProductDiffSize_x_productGroup_article_t_h",0.369613811058626
"llr_week_x_max_freq_color_code",0.369613811058626
"llr_articleID_x_repeat_article",0.362799965324093
"llr_colorlastthreesum_x_cluster_articleID_by_rrp_productgroup",0.362799965324093
"llr_paymentMethod_x_productGroup_article_t_h",0.362799965324093
"llr_articleID_x_voucher_Amount_coupon",0.348764860201923
"llr_customerID_x_any_holiday",0.340976698208154
"llr_customerID_x_cluster_articleID_by_rrp_productgroup",0.340976698208154
"llr_customerID_x_week",0.340976698208154
"llr_num_size_by_articleID_productgroup_x_productGroup_article_t_h",0.340976698208154
"llr_productGroup_article_t_h_x_max_freq_color_code",0.333188536214384
"llr_sameArticleDiffSize_x_max_freq_color_code",0.333188536214384
"llr_dow_x_repeat_product",0.326374690479852
"llr_sameArticleDiffColor_x_productGroup_article_t_h",0.326374690479852
"llr_voucherID_x_repeat_size",0.326374690479852
"llr_week_x_sameArticleDiffSize",0.319153431092215
"llr_deviceID_x_newproductgrouprrptwodigits_1",0.312339585357682
"llr_dow_x_sameArticleDiffSize",0.304551423363912
"llr_pattern_paste_numofcolor_numofsize_by_article_productgroup_x_extreme_size",0.304551423363912
"llr_repeat_size_x_colorlastthreesum",0.304551423363912
"llr_articleID_x_repeat_size",0.29773757762938
"llr_colorCode_x_voucherID",0.290516318241743
"llr_customerID_x_colorhundreddigit",0.290516318241743
"llr_deviceID_x_unitprice_vary_within_month_by_articleID",0.290516318241743
"llr_month_x_productGroup_article_t_h",0.282728156247973
"llr_month_x_sameArticleDiffColor",0.282728156247973
"llr_paymentMethod_x_cluster_articleID_by_rrp_productgroup",0.282728156247973
"llr_paymentMethod_x_week",0.282728156247973
"llr_repeat_color_x_repeat_size",0.275506896860336
"llr_repeat_size_x_unitprice_vary_within_month_by_articleID",0.275506896860336
"llr_sameArticleDiffColor_x_repeat_color",0.275506896860336
"llr_sameArticleDiffColor_x_unitprice_vary_within_month_by_articleID",0.267718734866567
"llr_sameArticleDiffSize_x_extreme_size",0.267718734866567
"llr_sizeCode_x_productGroup_rrp_of_1digit",0.260497475478929
"llr_colorlastthree_x_productGroup_article_t_h",0.253683629744397
"llr_deviceID_x_week",0.253683629744397
"llr_repeat_size_x_max_freq_color_code",0.253683629744397
"llr_sameProductDiffSize_x_repeat_size",0.245895467750627
"llr_sizeCode_x_voucherID",0.245895467750627
"llr_voucherID_x_colorhundreddigit",0.245895467750627
"llr_voucherID_x_week",0.245895467750627
"llr_colorCode_x_repeat_article",0.231860362628458
"llr_dow_x_sameProductDiffSize",0.231860362628458
"llr_productGroup_x_week",0.231860362628458
"llr_repeat_color_x_max_freq_paymeth_letters_by_custome",0.231860362628458
"llr_sameArticleDiffColor_x_repeat_product",0.231860362628458
"llr_sameProductDiffSize_x_colorhundreddigit",0.231860362628458
"llr_unitprice_vary_within_week_by_articleID_x_max_freq_paymeth_letters_by_custome",0.231860362628458
"llr_voucherID_x_paymentMethod",0.231860362628458
"llr_voucherID_x_repeatOrderSameSize",0.231860362628458
"llr_week_x_unitprice_vary_within_week_by_articleID",0.231860362628458
"llr_colorCode_x_max_freq_color_code",0.225046516893925
"llr_colorlastthreesum_x_unitprice_vary_within_week_by_articleID",0.225046516893925
"llr_dow_x_repeat_size",0.210037095512518
"llr_month_x_colorlastthree",0.210037095512518
"llr_paymentMethod_x_dow",0.210037095512518
"llr_paymentMethod_x_productGroup_rrp_of_1digit",0.210037095512518
"llr_productGroup_article_t_h_x_newproductgrouprrptwodigits_1",0.210037095512518
"llr_repeat_article_x_productGroup_article_t_h",0.210037095512518
"llr_sameArticleDiffColor_x_unitprice_vary_within_week_by_articleID",0.210037095512518
"llr_unitprice_vary_within_month_by_articleID_x_newproductgrouprrptwodigits_1",0.210037095512518
"llr_voucher_Amount_coupon_x_num_color_by_articleID_productgroup",0.210037095512518
"llr_week_x_colorlasttwodigit",0.210037095512518
"llr_colorCode_x_customerID",0.203223249777986
"llr_colorlasttwodigit_x_max_freq_color_code",0.203223249777986
"llr_dow_x_unitprice_vary_within_month_by_articleID",0.203223249777986
"llr_productGroup_article_t_h_x_extreme_size",0.203223249777986
"llr_repeat_color_x_max_freq_color_code",0.203223249777986
"llr_repeat_product_x_colorhundreddigit",0.195435087784216
"llr_sameProductDiffSize_x_productGroup_rrp_of_1digit",0.195435087784216
"llr_sizeCode_x_newproductgrouprrptwodigits_1",0.195435087784216
"llr_sizeCode_x_paymentMethod",0.188213828396579
"llr_voucherID_x_num_size_by_articleID_productgroup",0.188213828396579
"llr_week_x_colorlastthree",0.188213828396579
"llr_articleID_x_sizeCode",0.181399982662047
"llr_colorhundreddigit_x_num_color_by_articleID_productgroup",0.181399982662047
"llr_deviceID_x_extreme_size",0.181399982662047
"llr_dow_x_max_freq_paymeth_letters_by_custome",0.181399982662047
"llr_month_x_voucher_Amount_coupon",0.181399982662047
"llr_productGroup",0.181399982662047
"llr_sizeCode_x_customerID",0.181399982662047
"llr_sizeCode_x_sameArticleDiffColor",0.181399982662047
"llr_voucherID_x_colorlasttwodigit",0.173611820668277
"llr_voucherID_x_unitprice_vary_within_week_by_articleID",0.173611820668277
"llr_week_x_repeat_article",0.173611820668277
"llr_articleID_x_colorlasttwodigit",0.166797974933744
"llr_articleID_x_deviceID",0.166797974933744
"llr_articleID_x_extreme_size",0.166797974933744
"llr_articleID_x_general_holiday",0.166797974933744
"llr_articleID_x_legal_holiday",0.166797974933744
"llr_cluster_articleID_by_rrp_productgroup_x_max_freq_color_code",0.166797974933744
"llr_colorhundreddigit_x_max_freq_color_code",0.166797974933744
"llr_colorhundreddigit_x_newproductgrouprrptwodigits_1",0.166797974933744
"llr_colorhundreddigit_x_unitprice_vary_within_month_by_articleID",0.159576715546107
"llr_colorlastthreesum_x_num_color_by_articleID_productgroup",0.159576715546107
"llr_customerID_x_legal_holiday",0.159576715546107
"llr_customerID_x_repeat_color",0.159576715546107
"llr_deviceID_x_max_freq_color_code",0.159576715546107
"llr_dow_x_num_color_by_articleID_productgroup",0.159576715546107
"llr_pattern_paste_numofcolor_numofsize_by_article_productgroup_x_productGroup_rrp_of_1digit",0.159576715546107
"llr_paymentMethod_x_unitprice_vary_within_month_by_articleID",0.159576715546107
"llr_repeatOrderSameSize_x_extreme_size",0.159576715546107
"llr_repeat_size_x_productGroup_article_t_h",0.159576715546107
"llr_sameProductDiffSize_x_colorlastthreesum",0.159576715546107
"llr_sameProductDiffSize_x_unitprice_vary_within_month_by_articleID",0.151788553552338
"llr_sameProductDiffSize_x_unitprice_vary_within_week_by_articleID",0.151788553552338
"llr_sizeCode_x_week",0.151788553552338
"llr_unitprice_vary_within_week_by_articleID_x_unitprice_vary_within_month_by_articleID",0.151788553552338
"llr_any_holiday_x_colorlastthreesum",0.137753448430168
"llr_articleID_x_productGroup_article_t_h",0.137753448430168
"llr_cluster_articleID_by_rrp_productgroup_x_max_freq_paymeth_letters_by_custome",0.137753448430168
"llr_colorhundreddigit_x_cluster_articleID_by_rrp_productgroup",0.137753448430168
"llr_deviceID_x_sameArticleDiffColor",0.137753448430168
"llr_dow_x_cluster_articleID_by_rrp_productgroup",0.137753448430168
"llr_num_color_by_articleID_productgroup_x_max_freq_color_code",0.129965286436399
"llr_paymentMethod_x_colorlasttwodigit",0.129965286436399
"llr_productGroup_article_t_h_x_cluster_articleID_by_rrp_productgroup",0.129965286436399
"llr_repeatOrderSameSize_x_num_color_by_articleID_productgroup",0.129965286436399
"llr_repeat_article_x_colorlastthreesum",0.129965286436399
"llr_repeat_article_x_colorlasttwodigit",0.129965286436399
"llr_sameArticleDiffColor_x_max_freq_paymeth_letters_by_custome",0.129965286436399
"llr_sameArticleDiffColor_x_repeat_size",0.129965286436399
"llr_sizeCode_x_repeat_size",0.129965286436399
"llr_voucherID_x_repeat_color",0.129965286436399
"llr_voucherID_x_voucher_Amount_coupon",0.129965286436399
"llr_week_x_pattern_paste_numofcolor_numofsize_by_article_productgroup",0.129965286436399
"llr_week_x_repeat_color",0.129965286436399
"llr_week_x_voucher_Amount_coupon",0.129965286436399
"llr_colorlastthree_x_productGroup_rrp_of_1digit",0.123151440701866
"llr_colorlastthreesum_x_voucher_Amount_coupon",0.123151440701866
"llr_customerID_x_num_color_by_articleID_productgroup",0.123151440701866
"llr_deviceID_x_dow",0.123151440701866
"llr_dow_x_repeat_article",0.123151440701866
"llr_extreme_size_x_newproductgrouprrptwodigits_1",0.115930181314229
"llr_max_freq_color_code_x_newproductgrouprrptwodigits_1",0.115930181314229
"llr_pattern_paste_numofcolor_numofsize_by_article_productgroup_x_max_freq_paymeth_letters_by_custome",0.115930181314229
"llr_paymentMethod_x_max_freq_color_code",0.115930181314229
"llr_paymentMethod_x_pattern_paste_numofcolor_numofsize_by_article_productgroup",0.115930181314229
"llr_paymentMethod_x_repeat_article",0.115930181314229
"llr_paymentMethod_x_repeat_color",0.115930181314229
"llr_repeatOrderSameSize_x_sameArticleDiffColor",0.115930181314229
"llr_repeat_article_x_colorhundreddigit",0.115930181314229
"llr_repeat_product_x_extreme_size",0.115930181314229
"llr_repeat_size_x_extreme_size",0.115930181314229
"llr_sizeCode_x_colorlastthreesum",0.115930181314229
"llr_unitprice_vary_within_month_by_articleID_x_extreme_size",0.108142019320459
"llr_voucherID_x_any_holiday",0.108142019320459
"llr_voucherID_x_colorlastthreesum",0.108142019320459
"llr_week_x_productGroup_article_t_h",0.108142019320459
"llr_articleID_x_dow",0.101328173585927
"llr_articleID_x_num_size_by_articleID_productgroup",0.101328173585927
"llr_cluster_articleID_by_rrp_productgroup_x_extreme_size",0.101328173585927
"llr_colorCode_x_productGroup_rrp_of_1digit",0.101328173585927
"llr_colorCode_x_repeat_product",0.101328173585927
"llr_colorlasttwodigit_x_newproductgrouprrptwodigits_1",0.101328173585927
"llr_deviceID_x_max_freq_paymeth_letters_by_custome",0.101328173585927
"llr_deviceID_x_num_color_by_articleID_productgroup",0.101328173585927
"llr_deviceID_x_productGroup_article_t_h",0.101328173585927
"llr_dow_x_colorlastthreesum",0.101328173585927
"llr_dow_x_repeat_color",0.101328173585927
"llr_legal_holiday_x_unitprice_vary_within_month_by_articleID",0.101328173585927
"llr_max_freq_color_code_x_productGroup_rrp_of_1digit",0.101328173585927
"llr_paymentMethod_x_sameArticleDiffColor",0.101328173585927
"llr_productGroup_x_extreme_size",0.101328173585927
"llr_productGroup_x_repeat_size",0.101328173585927
"llr_repeatOrderSameSize_x_colorlastthree",0.101328173585927
"llr_repeat_color_x_colorlasttwodigit",0.101328173585927
"llr_repeat_color_x_repeat_product",0.101328173585927
"llr_repeat_product_x_productGroup_rrp_of_1digit",0.0941069141982896
"llr_repeat_product_x_voucher_Amount_coupon",0.0941069141982896
"llr_sameArticleDiffSize_x_num_size_by_articleID_productgroup",0.0941069141982896
"llr_sameProductDiffSize_x_max_freq_color_code",0.0941069141982896
"llr_sameProductDiffSize_x_num_color_by_articleID_productgroup",0.0941069141982896
"llr_sameProductDiffSize_x_repeat_product",0.0941069141982896
"llr_sizeCode_x_sameArticleDiffSize",0.0941069141982896
"llr_unitprice_vary_within_week_by_articleID_x_max_freq_color_code",0.0941069141982896
"llr_voucherID_x_extreme_size",0.0941069141982896
"llr_voucherID_x_productGroup_article_t_h",0.0941069141982896
"llr_voucher_Amount_coupon_x_unitprice_vary_within_week_by_articleID",0.0941069141982896
"llr_any_holiday_x_productGroup_article_t_h",0.087293068463757
"llr_articleID_x_week",0.087293068463757
"llr_colorCode_x_unitprice_vary_within_month_by_articleID",0.087293068463757
"llr_colorlastthree_x_cluster_articleID_by_rrp_productgroup",0.087293068463757
"llr_customerID_x_unitprice_vary_within_week_by_articleID",0.087293068463757
"llr_deviceID_x_paymentMethod",0.087293068463757
"llr_dow_x_colorlastthree",0.087293068463757
"llr_month_x_repeat_size",0.087293068463757
"llr_num_color_by_articleID_productgroup_x_extreme_size",0.087293068463757
"llr_pattern_paste_numofcolor_numofsize_by_article_productgroup_x_cluster_articleID_by_rrp_productgroup",0.087293068463757
"llr_pattern_paste_numofcolor_numofsize_by_article_productgroup_x_max_freq_color_code",0.0795049064699875
"llr_paymentMethod_x_num_color_by_articleID_productgroup",0.0795049064699875
"llr_productGroup_x_max_freq_paymeth_letters_by_custome",0.0795049064699875
"llr_repeatOrderSameSize_x_colorhundreddigit",0.0795049064699875
"llr_repeatOrderSameSize_x_repeat_product",0.0795049064699875
"llr_repeatOrderSameSize_x_unitprice_vary_within_week_by_articleID",0.0795049064699875
"llr_repeat_article_x_newproductgrouprrptwodigits_1",0.0795049064699875
"llr_repeat_article_x_unitprice_vary_within_month_by_articleID",0.0795049064699875
"llr_repeat_article_x_voucher_Amount_coupon",0.0795049064699875
"llr_repeat_color_x_productGroup_article_t_h",0.0795049064699875
"llr_repeat_size_x_colorhundreddigit",0.0795049064699875
"llr_repeat_size_x_colorlasttwodigit",0.0795049064699875
"llr_repeat_size_x_max_freq_paymeth_letters_by_custome",0.0795049064699875
"llr_sameArticleDiffColor_x_colorhundreddigit",0.0795049064699875
"llr_sameArticleDiffColor_x_colorlastthree",0.0795049064699875
"llr_sameArticleDiffSize_x_productGroup_rrp_of_1digit",0.0795049064699875
"llr_sameArticleDiffSize_x_unitprice_vary_within_month_by_articleID",0.0795049064699875
"llr_sizeCode_x_dow",0.0795049064699875
"llr_sizeCode_x_max_freq_paymeth_letters_by_custome",0.0795049064699875
"llr_sizeCode_x_productGroup_article_t_h",0.0795049064699875
"llr_unitprice_vary_within_week_by_articleID_x_extreme_size",0.0722836470823503
"llr_voucherID",0.0722836470823503
"llr_voucherID_x_cluster_articleID_by_rrp_productgroup",0.0722836470823503
"llr_voucherID_x_month",0.0722836470823503
"llr_week_x_repeatOrderSameSize",0.0722836470823503
"llr_articleID_x_any_holiday",0.0654698013478177
"llr_articleID_x_voucherID",0.0654698013478177
"llr_colorCode_x_dow",0.0654698013478177
"llr_colorCode_x_extreme_size",0.0654698013478177
"llr_colorCode_x_month",0.0654698013478177
"llr_colorCode_x_newproductgrouprrptwodigits_1",0.0654698013478177
"llr_colorCode_x_productGroup",0.0654698013478177
"llr_colorhundreddigit_x_num_size_by_articleID_productgroup",0.0654698013478177
"llr_colorhundreddigit_x_productGroup_article_t_h",0.0654698013478177
"llr_colorlastthree_x_num_size_by_articleID_productgroup",0.0654698013478177
"llr_colorlastthreesum_x_max_freq_color_code",0.0654698013478177
"llr_colorlasttwodigit_x_num_color_by_articleID_productgroup",0.0654698013478177
"llr_customerID_x_max_freq_color_code",0.0654698013478177
"llr_deviceID_x_colorhundreddigit",0.0654698013478177
"llr_deviceID_x_colorlastthree",0.0654698013478177
"llr_deviceID_x_sameProductDiffSize",0.0576816393540483
"llr_deviceID_x_unitprice_vary_within_week_by_articleID",0.0576816393540483
"llr_dow_x_newproductgrouprrptwodigits_1",0.0576816393540483
"llr_general_holiday_x_productGroup_article_t_h",0.0576816393540483
"llr_legal_holiday_x_voucher_Amount_coupon",0.0576816393540483
"llr_max_freq_paymeth_letters_by_custome_x_productGroup_rrp_of_1digit",0.0576816393540483
"llr_month_x_colorlasttwodigit",0.0576816393540483
"llr_month_x_newproductgrouprrptwodigits_1",0.0576816393540483
"llr_month_x_repeatOrderSameSize",0.0576816393540483
"llr_month_x_sameArticleDiffSize",0.0576816393540483
"llr_num_color_by_articleID_productgroup_x_cluster_articleID_by_rrp_productgroup",0.0576816393540483
"llr_num_color_by_articleID_productgroup_x_productGroup_article_t_h",0.0576816393540483
"llr_num_color_by_articleID_productgroup_x_unitprice_vary_within_week_by_articleID",0.0576816393540483
"llr_productGroup_article_t_h_x_max_freq_paymeth_letters_by_custome",0.0576816393540483
"llr_repeatOrderSameSize_x_max_freq_paymeth_letters_by_custome",0.0576816393540483
"llr_repeatOrderSameSize_x_newproductgrouprrptwodigits_1",0.0576816393540483
"llr_repeatOrderSameSize_x_unitprice_vary_within_month_by_articleID",0.0576816393540483
"llr_repeat_product_x_productGroup_article_t_h",0.0576816393540483
"llr_sameArticleDiffColor_x_max_freq_color_code",0.0576816393540483
"llr_sameArticleDiffColor_x_num_color_by_articleID_productgroup",0.0576816393540483
"llr_sameArticleDiffColor_x_productGroup_rrp_of_1digit",0.0576816393540483
"llr_sameArticleDiffColor_x_repeat_article",0.0576816393540483
"llr_sameArticleDiffSize_x_max_freq_paymeth_letters_by_custome",0.0576816393540483
"llr_sameArticleDiffSize_x_num_color_by_articleID_productgroup",0.0576816393540483
"llr_sameProductDiffSize_x_colorlastthree",0.0576816393540483
"llr_sameProductDiffSize_x_extreme_size",0.0576816393540483
"llr_sameProductDiffSize_x_pattern_paste_numofcolor_numofsize_by_article_productgroup",0.0576816393540483
"llr_sizeCode_x_cluster_articleID_by_rrp_productgroup",0.0504603799664111
"llr_sizeCode_x_colorhundreddigit",0.0504603799664111
"llr_sizeCode_x_deviceID",0.0504603799664111
"llr_sizeCode_x_month",0.0504603799664111
"llr_sizeCode_x_sameProductDiffSize",0.0504603799664111
"llr_voucherID_x_deviceID",0.0504603799664111
"llr_voucherID_x_pattern_paste_numofcolor_numofsize_by_article_productgroup",0.0504603799664111
"llr_voucherID_x_sameArticleDiffColor",0.0504603799664111
"llr_voucherID_x_sameProductDiffSize",0.0504603799664111
"llr_voucherID_x_unitprice_vary_within_month_by_articleID",0.0504603799664111
"llr_week_x_max_freq_paymeth_letters_by_custome",0.0504603799664111
"llr_week_x_repeat_product",0.0504603799664111
"llr_week_x_unitprice_vary_within_month_by_articleID",0.0504603799664111
"llr_articleID",0.0436465342318785
"llr_articleID_x_pattern_paste_numofcolor_numofsize_by_article_productgroup",0.0436465342318785
"llr_articleID_x_repeat_product",0.0436465342318785
"llr_articleID_x_unitprice_vary_within_month_by_articleID",0.0436465342318785
"llr_colorCode_x_deviceID",0.0436465342318785
"llr_colorCode_x_legal_holiday",0.0436465342318785
"llr_colorCode_x_max_freq_paymeth_letters_by_custome",0.0436465342318785
"llr_colorCode_x_repeat_size",0.0436465342318785
"llr_colorCode_x_voucher_Amount_coupon",0.0436465342318785
"llr_colorlastthree_x_newproductgrouprrptwodigits_1",0.0436465342318785
"llr_colorlastthree_x_voucher_Amount_coupon",0.0436465342318785
"llr_colorlastthreesum_x_productGroup_article_t_h",0.0436465342318785
"llr_colorlastthreesum_x_productGroup_rrp_of_1digit",0.0436465342318785
"llr_colorlasttwodigit_x_voucher_Amount_coupon",0.0436465342318785
"llr_customerID_x_colorlastthreesum",0.0436465342318785
"llr_deviceID",0.0436465342318785
"llr_deviceID_x_pattern_paste_numofcolor_numofsize_by_article_productgroup",0.0436465342318785
"llr_deviceID_x_productGroup_rrp_of_1digit",0.0436465342318785
"llr_deviceID_x_repeat_article",0.0436465342318785
"llr_deviceID_x_repeat_color",0.0436465342318785
"llr_deviceID_x_repeat_product",0.0436465342318785
"llr_dow_x_max_freq_color_code",0.0436465342318785
"llr_dow_x_productGroup_article_t_h",0.0436465342318785
"llr_dow_x_repeatOrderSameSize",0.0436465342318785
"llr_dow_x_week",0.0436465342318785
"llr_general_holiday_x_voucher_Amount_coupon",0.0436465342318785
"llr_month_x_max_freq_paymeth_letters_by_custome",0.0436465342318785
"llr_month_x_unitprice_vary_within_week_by_articleID",0.035858372238109
"llr_month_x_week",0.035858372238109
"llr_num_size_by_articleID_productgroup_x_max_freq_color_code",0.035858372238109
"llr_num_size_by_articleID_productgroup_x_unitprice_vary_within_month_by_articleID",0.035858372238109
"llr_pattern_paste_numofcolor_numofsize_by_article_productgroup_x_unitprice_vary_within_month_by_articleID",0.035858372238109
"llr_pattern_paste_numofcolor_numofsize_by_article_productgroup_x_unitprice_vary_within_week_by_articleID",0.035858372238109
"llr_paymentMethod_x_colorlastthree",0.035858372238109
"llr_paymentMethod_x_voucher_Amount_coupon",0.035858372238109
"llr_productGroup_article_t_h_x_productGroup_rrp_of_1digit",0.035858372238109
"llr_productGroup_x_deviceID",0.035858372238109
"llr_productGroup_x_max_freq_color_code",0.035858372238109
"llr_repeatOrderSameSize_x_pattern_paste_numofcolor_numofsize_by_article_productgroup",0.035858372238109
"llr_repeatOrderSameSize_x_repeat_article",0.035858372238109
"llr_repeat_article_x_max_freq_paymeth_letters_by_custome",0.035858372238109
"llr_repeat_article_x_num_color_by_articleID_productgroup",0.035858372238109
"llr_repeat_article_x_unitprice_vary_within_week_by_articleID",0.035858372238109
"llr_repeat_color_x_colorhundreddigit",0.035858372238109
"llr_repeat_color_x_colorlastthree",0.035858372238109
"llr_repeat_color_x_productGroup_rrp_of_1digit",0.0286371128504718
"llr_repeat_color_x_unitprice_vary_within_month_by_articleID",0.0286371128504718
"llr_repeat_product_x_colorlastthree",0.0286371128504718
"llr_repeat_product_x_newproductgrouprrptwodigits_1",0.0286371128504718
"llr_repeat_product_x_pattern_paste_numofcolor_numofsize_by_article_productgroup",0.0286371128504718
"llr_repeat_product_x_unitprice_vary_within_month_by_articleID",0.0286371128504718
"llr_repeat_product_x_unitprice_vary_within_week_by_articleID",0.0286371128504718
"llr_repeat_size_x_repeat_product",0.0286371128504718
"llr_sameArticleDiffColor_x_cluster_articleID_by_rrp_productgroup",0.0286371128504718
"llr_sameArticleDiffColor_x_colorlastthreesum",0.0286371128504718
"llr_sameArticleDiffSize_x_repeat_size",0.0286371128504718
"llr_sameArticleDiffSize_x_unitprice_vary_within_week_by_articleID",0.0286371128504718
"llr_sameProductDiffSize_x_colorlasttwodigit",0.0286371128504718
"llr_sameProductDiffSize_x_max_freq_paymeth_letters_by_custome",0.0286371128504718
"llr_sizeCode_x_extreme_size",0.0286371128504718
"llr_sizeCode_x_max_freq_color_code",0.0286371128504718
"llr_sizeCode_x_repeat_product",0.0286371128504718
"llr_sizeCode_x_unitprice_vary_within_week_by_articleID",0.0286371128504718
"llr_unitprice_vary_within_month_by_articleID_x_max_freq_color_code",0.0286371128504718
"llr_voucherID_x_colorlastthree",0.0286371128504718
"llr_voucherID_x_legal_holiday",0.0286371128504718
"llr_voucherID_x_sameArticleDiffSize",0.0286371128504718
"llr_voucher_Amount_coupon",0.0286371128504718
"llr_voucher_Amount_coupon_x_extreme_size",0.0286371128504718
"llr_voucher_Amount_coupon_x_productGroup_article_t_h",0.0286371128504718
"llr_voucher_Amount_coupon_x_unitprice_vary_within_month_by_articleID",0.0286371128504718
"llr_week",0.0286371128504718
"llr_week_x_cluster_articleID_by_rrp_productgroup",0.0286371128504718
"llr_week_x_colorhundreddigit",0.0286371128504718
"llr_any_holiday_x_num_color_by_articleID_productgroup",0.0218232671159392
"llr_articleID_x_colorlastthree",0.0218232671159392
"llr_articleID_x_num_color_by_articleID_productgroup",0.0218232671159392
"llr_articleID_x_repeat_color",0.0218232671159392
"llr_colorCode",0.0218232671159392
"llr_colorCode_x_cluster_articleID_by_rrp_productgroup",0.0218232671159392
"llr_colorCode_x_num_size_by_articleID_productgroup",0.0218232671159392
"llr_colorCode_x_repeatOrderSameSize",0.0218232671159392
"llr_colorCode_x_sameArticleDiffSize",0.0218232671159392
"llr_colorhundreddigit_x_colorlastthreesum",0.0218232671159392
"llr_colorhundreddigit_x_extreme_size",0.0218232671159392
"llr_colorhundreddigit_x_pattern_paste_numofcolor_numofsize_by_article_productgroup",0.0218232671159392
"llr_colorlastthree_x_extreme_size",0.0218232671159392
"llr_colorlastthree_x_max_freq_paymeth_letters_by_custome",0.0218232671159392
"llr_colorlastthreesum_x_extreme_size",0.0218232671159392
"llr_colorlastthreesum_x_max_freq_paymeth_letters_by_custome",0.0218232671159392
"llr_colorlastthreesum_x_num_size_by_articleID_productgroup",0.0218232671159392
"llr_colorlasttwodigit_x_cluster_articleID_by_rrp_productgroup",0.0218232671159392
"llr_colorlasttwodigit_x_max_freq_paymeth_letters_by_custome",0.0218232671159392
"llr_customerID_x_colorlasttwodigit",0.0218232671159392
"llr_customerID_x_productGroup_rrp_of_1digit",0.0218232671159392
"llr_deviceID_x_any_holiday",0.0218232671159392
"llr_deviceID_x_colorlasttwodigit",0.0218232671159392
"llr_deviceID_x_repeat_size",0.0218232671159392
"llr_deviceID_x_sameArticleDiffSize",0.0218232671159392
"llr_dow_x_sameArticleDiffColor",0.0218232671159392
"llr_dow_x_voucher_Amount_coupon",0.0218232671159392
"llr_extreme_size_x_productGroup_rrp_of_1digit",0.0218232671159392
"llr_general_holiday_x_colorlastthreesum",0.0218232671159392
"llr_max_freq_paymeth_letters_by_custome_x_extreme_size",0.0218232671159392
"llr_month_x_cluster_articleID_by_rrp_productgroup",0.0218232671159392
"llr_month_x_colorlastthreesum",0.0218232671159392
"llr_month_x_unitprice_vary_within_month_by_articleID",0.0218232671159392
"llr_num_size_by_articleID_productgroup_x_cluster_articleID_by_rrp_productgroup",0.0218232671159392
"llr_paymentMethod_x_colorlastthreesum",0.0218232671159392
"llr_productGroup_x_colorhundreddigit",0.0218232671159392
"llr_productGroup_x_colorlastthreesum",0.0218232671159392
"llr_productGroup_x_dow",0.0218232671159392
"llr_productGroup_x_num_size_by_articleID_productgroup",0.0218232671159392
"llr_productGroup_x_repeatOrderSameSize",0.0218232671159392
"llr_productGroup_x_repeat_article",0.0218232671159392
"llr_productGroup_x_repeat_product",0.0218232671159392
"llr_productGroup_x_voucherID",0.0218232671159392
"llr_repeatOrderSameSize_x_productGroup_article_t_h",0.0218232671159392
"llr_repeatOrderSameSize_x_repeat_size",0.0218232671159392
"llr_repeatOrderSameSize_x_sameArticleDiffSize",0.0218232671159392
"llr_repeatOrderSameSize_x_voucher_Amount_coupon",0.0218232671159392
"llr_repeat_article_x_extreme_size",0.0218232671159392
"llr_repeat_article_x_max_freq_color_code",0.0218232671159392
"llr_repeat_article_x_pattern_paste_numofcolor_numofsize_by_article_productgroup",0.0218232671159392
"llr_repeat_article_x_productGroup_rrp_of_1digit",0.0218232671159392
"llr_repeat_color_x_colorlastthreesum",0.0218232671159392
"llr_repeat_color_x_extreme_size",0.0218232671159392
"llr_repeat_color_x_pattern_paste_numofcolor_numofsize_by_article_productgroup",0.0218232671159392
"llr_repeat_product_x_colorlasttwodigit",0.0218232671159392
"llr_repeat_product_x_max_freq_color_code",0.0218232671159392
"llr_repeat_size_x_newproductgrouprrptwodigits_1",0.0218232671159392
"llr_repeat_size_x_unitprice_vary_within_week_by_articleID",0.014602007728302
"llr_repeat_size_x_voucher_Amount_coupon",0.014602007728302
"llr_sameArticleDiffColor_x_pattern_paste_numofcolor_numofsize_by_article_productgroup",0.014602007728302
"llr_sameArticleDiffColor_x_voucher_Amount_coupon",0.014602007728302
"llr_sameArticleDiffSize_x_colorlasttwodigit",0.00681384573453257
"llr_sameArticleDiffSize_x_pattern_paste_numofcolor_numofsize_by_article_productgroup",0.00681384573453257
"llr_sameArticleDiffSize_x_repeat_article",0.00681384573453257
"llr_sameArticleDiffSize_x_repeat_product",0.00681384573453257
"llr_sameArticleDiffSize_x_voucher_Amount_coupon",0.00681384573453257
"llr_sameProductDiffSize_x_repeat_article",0.00681384573453257
"llr_sameProductDiffSize_x_voucher_Amount_coupon",0.00681384573453257
"llr_sizeCode_x_colorlastthree",0.00681384573453257
"llr_sizeCode_x_colorlasttwodigit",0.00681384573453257
"llr_sizeCode_x_num_color_by_articleID_productgroup",0.00681384573453257
"llr_sizeCode_x_repeat_color",0.00681384573453257
"llr_sizeCode_x_unitprice_vary_within_month_by_articleID",0.00681384573453257
"llr_unitprice_vary_within_month_by_articleID_x_productGroup_article_t_h",0.00681384573453257
"llr_unitprice_vary_within_week_by_articleID_x_newproductgrouprrptwodigits_1",0.00681384573453257
"llr_voucherID_x_newproductgrouprrptwodigits_1",0.00681384573453257
"llr_voucherID_x_num_color_by_articleID_productgroup",0.00681384573453257
"llr_voucher_Amount_coupon_x_max_freq_color_code",0.00681384573453257
"llr_voucher_Amount_coupon_x_max_freq_paymeth_letters_by_custome",0.00681384573453257
"llr_week_x_extreme_size",0.00681384573453257
"llr_week_x_newproductgrouprrptwodigits_1",0.00681384573453257
"llr_articleID_x_productGroup",0
"llr_articleID_x_repeatOrderSameSize",0
"llr_articleID_x_unitprice_vary_within_week_by_articleID",0
"llr_articleID_x_cluster_articleID_by_rrp_productgroup",0
"llr_articleID_x_max_freq_color_code",0
"llr_articleID_x_newproductgrouprrptwodigits_1",0
"llr_articleID_x_productGroup_rrp_of_1digit",0
"llr_colorCode_x_sizeCode",0
"llr_colorCode_x_paymentMethod",0
"llr_colorCode_x_week",0
"llr_colorCode_x_sameArticleDiffColor",0
"llr_colorCode_x_sameProductDiffSize",0
"llr_colorCode_x_general_holiday",0
"llr_colorCode_x_any_holiday",0
"llr_colorCode_x_repeat_color",0
"llr_colorCode_x_colorhundreddigit",0
"llr_colorCode_x_colorlastthree",0
"llr_colorCode_x_colorlastthreesum",0
"llr_colorCode_x_colorlasttwodigit",0
"llr_colorCode_x_num_color_by_articleID_productgroup",0
"llr_colorCode_x_pattern_paste_numofcolor_numofsize_by_article_productgroup",0
"llr_colorCode_x_unitprice_vary_within_week_by_articleID",0
"llr_colorCode_x_productGroup_article_t_h",0
"llr_sizeCode",0
"llr_sizeCode_x_productGroup",0
"llr_sizeCode_x_repeatOrderSameSize",0
"llr_sizeCode_x_legal_holiday",0
"llr_sizeCode_x_general_holiday",0
"llr_sizeCode_x_any_holiday",0
"llr_sizeCode_x_repeat_article",0
"llr_sizeCode_x_voucher_Amount_coupon",0
"llr_sizeCode_x_num_size_by_articleID_productgroup",0
"llr_sizeCode_x_pattern_paste_numofcolor_numofsize_by_article_productgroup",0
"llr_productGroup_x_month",0
"llr_productGroup_x_sameArticleDiffSize",0
"llr_productGroup_x_sameArticleDiffColor",0
"llr_productGroup_x_sameProductDiffSize",0
"llr_productGroup_x_legal_holiday",0
"llr_productGroup_x_general_holiday",0
"llr_productGroup_x_any_holiday",0
"llr_productGroup_x_repeat_color",0
"llr_productGroup_x_colorlastthree",0
"llr_productGroup_x_colorlasttwodigit",0
"llr_productGroup_x_voucher_Amount_coupon",0
"llr_productGroup_x_num_color_by_articleID_productgroup",0
"llr_productGroup_x_pattern_paste_numofcolor_numofsize_by_article_productgroup",0
"llr_productGroup_x_unitprice_vary_within_week_by_articleID",0
"llr_productGroup_x_unitprice_vary_within_month_by_articleID",0
"llr_productGroup_x_productGroup_article_t_h",0
"llr_productGroup_x_cluster_articleID_by_rrp_productgroup",0
"llr_productGroup_x_newproductgrouprrptwodigits_1",0
"llr_productGroup_x_productGroup_rrp_of_1digit",0
"llr_voucherID_x_general_holiday",0
"llr_voucherID_x_repeat_product",0
"llr_voucherID_x_repeat_article",0
"llr_voucherID_x_max_freq_paymeth_letters_by_custome",0
"llr_voucherID_x_max_freq_color_code",0
"llr_voucherID_x_productGroup_rrp_of_1digit",0
"llr_customerID_x_colorlastthree",0
"llr_customerID_x_max_freq_paymeth_letters_by_custome",0
"llr_deviceID_x_month",0
"llr_deviceID_x_repeatOrderSameSize",0
"llr_deviceID_x_legal_holiday",0
"llr_deviceID_x_general_holiday",0
"llr_deviceID_x_colorlastthreesum",0
"llr_deviceID_x_voucher_Amount_coupon",0
"llr_deviceID_x_num_size_by_articleID_productgroup",0
"llr_deviceID_x_cluster_articleID_by_rrp_productgroup",0
"llr_paymentMethod",0
"llr_paymentMethod_x_month",0
"llr_paymentMethod_x_repeatOrderSameSize",0
"llr_paymentMethod_x_sameArticleDiffSize",0
"llr_paymentMethod_x_legal_holiday",0
"llr_paymentMethod_x_general_holiday",0
"llr_paymentMethod_x_any_holiday",0
"llr_paymentMethod_x_colorhundreddigit",0
"llr_paymentMethod_x_num_size_by_articleID_productgroup",0
"llr_paymentMethod_x_unitprice_vary_within_week_by_articleID",0
"llr_paymentMethod_x_max_freq_paymeth_letters_by_custome",0
"llr_paymentMethod_x_extreme_size",0
"llr_month",0
"llr_month_x_dow",0
"llr_month_x_sameProductDiffSize",0
"llr_month_x_legal_holiday",0
"llr_month_x_general_holiday",0
"llr_month_x_any_holiday",0
"llr_month_x_repeat_color",0
"llr_month_x_repeat_product",0
"llr_month_x_repeat_article",0
"llr_month_x_colorhundreddigit",0
"llr_month_x_num_color_by_articleID_productgroup",0
"llr_month_x_num_size_by_articleID_productgroup",0
"llr_month_x_pattern_paste_numofcolor_numofsize_by_article_productgroup",0
"llr_month_x_extreme_size",0
"llr_month_x_productGroup_rrp_of_1digit",0
"llr_dow",0
"llr_dow_x_legal_holiday",0
"llr_dow_x_general_holiday",0
"llr_dow_x_any_holiday",0
"llr_dow_x_colorlasttwodigit",0
"llr_dow_x_num_size_by_articleID_productgroup",0
"llr_dow_x_pattern_paste_numofcolor_numofsize_by_article_productgroup",0
"llr_dow_x_extreme_size",0
"llr_dow_x_productGroup_rrp_of_1digit",0
"llr_week_x_legal_holiday",0
"llr_week_x_general_holiday",0
"llr_week_x_any_holiday",0
"llr_week_x_num_size_by_articleID_productgroup",0
"llr_week_x_productGroup_rrp_of_1digit",0
"llr_repeatOrderSameSize_x_sameProductDiffSize",0
"llr_repeatOrderSameSize_x_legal_holiday",0
"llr_repeatOrderSameSize_x_general_holiday",0
"llr_repeatOrderSameSize_x_any_holiday",0
"llr_repeatOrderSameSize_x_repeat_color",0
"llr_repeatOrderSameSize_x_colorlastthreesum",0
"llr_repeatOrderSameSize_x_colorlasttwodigit",0
"llr_repeatOrderSameSize_x_num_size_by_articleID_productgroup",0
"llr_repeatOrderSameSize_x_cluster_articleID_by_rrp_productgroup",0
"llr_repeatOrderSameSize_x_max_freq_color_code",0
"llr_repeatOrderSameSize_x_productGroup_rrp_of_1digit",0
"llr_sameArticleDiffSize_x_sameProductDiffSize",0
"llr_sameArticleDiffSize_x_legal_holiday",0
"llr_sameArticleDiffSize_x_general_holiday",0
"llr_sameArticleDiffSize_x_any_holiday",0
"llr_sameArticleDiffSize_x_repeat_color",0
"llr_sameArticleDiffSize_x_colorhundreddigit",0
"llr_sameArticleDiffSize_x_colorlastthree",0
"llr_sameArticleDiffSize_x_colorlastthreesum",0
"llr_sameArticleDiffColor_x_sameProductDiffSize",0
"llr_sameArticleDiffColor_x_legal_holiday",0
"llr_sameArticleDiffColor_x_general_holiday",0
"llr_sameArticleDiffColor_x_any_holiday",0
"llr_sameArticleDiffColor_x_colorlasttwodigit",0
"llr_sameArticleDiffColor_x_num_size_by_articleID_productgroup",0
"llr_sameArticleDiffColor_x_extreme_size",0
"llr_sameProductDiffSize_x_legal_holiday",0
"llr_sameProductDiffSize_x_general_holiday",0
"llr_sameProductDiffSize_x_any_holiday",0
"llr_sameProductDiffSize_x_repeat_color",0
"llr_sameProductDiffSize_x_num_size_by_articleID_productgroup",0
"llr_legal_holiday_x_general_holiday",0
"llr_legal_holiday_x_any_holiday",0
"llr_legal_holiday_x_repeat_color",0
"llr_legal_holiday_x_repeat_size",0
"llr_legal_holiday_x_repeat_product",0
"llr_legal_holiday_x_repeat_article",0
"llr_legal_holiday_x_colorhundreddigit",0
"llr_legal_holiday_x_colorlastthree",0
"llr_legal_holiday_x_colorlastthreesum",0
"llr_legal_holiday_x_colorlasttwodigit",0
"llr_legal_holiday_x_num_color_by_articleID_productgroup",0
"llr_legal_holiday_x_num_size_by_articleID_productgroup",0
"llr_legal_holiday_x_pattern_paste_numofcolor_numofsize_by_article_productgroup",0
"llr_legal_holiday_x_unitprice_vary_within_week_by_articleID",0
"llr_legal_holiday_x_productGroup_article_t_h",0
"llr_legal_holiday_x_cluster_articleID_by_rrp_productgroup",0
"llr_legal_holiday_x_max_freq_paymeth_letters_by_custome",0
"llr_legal_holiday_x_extreme_size",0
"llr_legal_holiday_x_max_freq_color_code",0
"llr_legal_holiday_x_newproductgrouprrptwodigits_1",0
"llr_legal_holiday_x_productGroup_rrp_of_1digit",0
"llr_general_holiday_x_any_holiday",0
"llr_general_holiday_x_repeat_color",0
"llr_general_holiday_x_repeat_size",0
"llr_general_holiday_x_repeat_product",0
"llr_general_holiday_x_repeat_article",0
"llr_general_holiday_x_colorhundreddigit",0
"llr_general_holiday_x_colorlastthree",0
"llr_general_holiday_x_colorlasttwodigit",0
"llr_general_holiday_x_num_color_by_articleID_productgroup",0
"llr_general_holiday_x_num_size_by_articleID_productgroup",0
"llr_general_holiday_x_pattern_paste_numofcolor_numofsize_by_article_productgroup",0
"llr_general_holiday_x_unitprice_vary_within_week_by_articleID",0
"llr_general_holiday_x_unitprice_vary_within_month_by_articleID",0
"llr_general_holiday_x_cluster_articleID_by_rrp_productgroup",0
"llr_general_holiday_x_max_freq_paymeth_letters_by_custome",0
"llr_general_holiday_x_extreme_size",0
"llr_general_holiday_x_max_freq_color_code",0
"llr_general_holiday_x_newproductgrouprrptwodigits_1",0
"llr_general_holiday_x_productGroup_rrp_of_1digit",0
"llr_any_holiday_x_repeat_color",0
"llr_any_holiday_x_repeat_size",0
"llr_any_holiday_x_repeat_product",0
"llr_any_holiday_x_repeat_article",0
"llr_any_holiday_x_colorhundreddigit",0
"llr_any_holiday_x_colorlastthree",0
"llr_any_holiday_x_colorlasttwodigit",0
"llr_any_holiday_x_voucher_Amount_coupon",0
"llr_any_holiday_x_num_size_by_articleID_productgroup",0
"llr_any_holiday_x_pattern_paste_numofcolor_numofsize_by_article_productgroup",0
"llr_any_holiday_x_unitprice_vary_within_week_by_articleID",0
"llr_any_holiday_x_unitprice_vary_within_month_by_articleID",0
"llr_any_holiday_x_cluster_articleID_by_rrp_productgroup",0
"llr_any_holiday_x_max_freq_paymeth_letters_by_custome",0
"llr_any_holiday_x_extreme_size",0
"llr_any_holiday_x_max_freq_color_code",0
"llr_any_holiday_x_newproductgrouprrptwodigits_1",0
"llr_any_holiday_x_productGroup_rrp_of_1digit",0
"llr_repeat_color_x_voucher_Amount_coupon",0
"llr_repeat_color_x_num_color_by_articleID_productgroup",0
"llr_repeat_color_x_num_size_by_articleID_productgroup",0
"llr_repeat_color_x_unitprice_vary_within_week_by_articleID",0
"llr_repeat_color_x_cluster_articleID_by_rrp_productgroup",0
"llr_repeat_color_x_newproductgrouprrptwodigits_1",0
"llr_repeat_size_x_colorlastthree",0
"llr_repeat_size_x_num_color_by_articleID_productgroup",0
"llr_repeat_size_x_num_size_by_articleID_productgroup",0
"llr_repeat_size_x_pattern_paste_numofcolor_numofsize_by_article_productgroup",0
"llr_repeat_size_x_cluster_articleID_by_rrp_productgroup",0
"llr_repeat_size_x_productGroup_rrp_of_1digit",0
"llr_repeat_product_x_repeat_article",0
"llr_repeat_product_x_colorlastthreesum",0
"llr_repeat_product_x_num_size_by_articleID_productgroup",0
"llr_repeat_product_x_cluster_articleID_by_rrp_productgroup",0
"llr_repeat_article_x_colorlastthree",0
"llr_repeat_article_x_num_size_by_articleID_productgroup",0
"llr_repeat_article_x_cluster_articleID_by_rrp_productgroup",0
"llr_colorhundreddigit",0
"llr_colorhundreddigit_x_colorlastthree",0
"llr_colorhundreddigit_x_colorlasttwodigit",0
"llr_colorhundreddigit_x_voucher_Amount_coupon",0
"llr_colorhundreddigit_x_unitprice_vary_within_week_by_articleID",0
"llr_colorhundreddigit_x_max_freq_paymeth_letters_by_custome",0
"llr_colorhundreddigit_x_productGroup_rrp_of_1digit",0
"llr_colorlastthree",0
"llr_colorlastthree_x_colorlastthreesum",0
"llr_colorlastthree_x_colorlasttwodigit",0
"llr_colorlastthree_x_num_color_by_articleID_productgroup",0
"llr_colorlastthree_x_pattern_paste_numofcolor_numofsize_by_article_productgroup",0
"llr_colorlastthree_x_unitprice_vary_within_week_by_articleID",0
"llr_colorlastthree_x_unitprice_vary_within_month_by_articleID",0
"llr_colorlastthree_x_max_freq_color_code",0
"llr_colorlastthreesum",0
"llr_colorlastthreesum_x_colorlasttwodigit",0
"llr_colorlastthreesum_x_pattern_paste_numofcolor_numofsize_by_article_productgroup",0
"llr_colorlastthreesum_x_unitprice_vary_within_month_by_articleID",0
"llr_colorlastthreesum_x_newproductgrouprrptwodigits_1",0
"llr_colorlasttwodigit",0
"llr_colorlasttwodigit_x_num_size_by_articleID_productgroup",0
"llr_colorlasttwodigit_x_unitprice_vary_within_week_by_articleID",0
"llr_colorlasttwodigit_x_unitprice_vary_within_month_by_articleID",0
"llr_colorlasttwodigit_x_extreme_size",0
"llr_colorlasttwodigit_x_productGroup_rrp_of_1digit",0
"llr_voucher_Amount_coupon_x_num_size_by_articleID_productgroup",0
"llr_voucher_Amount_coupon_x_pattern_paste_numofcolor_numofsize_by_article_productgroup",0
"llr_voucher_Amount_coupon_x_cluster_articleID_by_rrp_productgroup",0
"llr_voucher_Amount_coupon_x_newproductgrouprrptwodigits_1",0
"llr_voucher_Amount_coupon_x_productGroup_rrp_of_1digit",0
"llr_num_color_by_articleID_productgroup",0
"llr_num_color_by_articleID_productgroup_x_num_size_by_articleID_productgroup",0
"llr_num_color_by_articleID_productgroup_x_pattern_paste_numofcolor_numofsize_by_article_productgroup",0
"llr_num_color_by_articleID_productgroup_x_unitprice_vary_within_month_by_articleID",0
"llr_num_color_by_articleID_productgroup_x_max_freq_paymeth_letters_by_custome",0
"llr_num_color_by_articleID_productgroup_x_newproductgrouprrptwodigits_1",0
"llr_num_color_by_articleID_productgroup_x_productGroup_rrp_of_1digit",0
"llr_num_size_by_articleID_productgroup",0
"llr_num_size_by_articleID_productgroup_x_pattern_paste_numofcolor_numofsize_by_article_productgroup",0
"llr_num_size_by_articleID_productgroup_x_unitprice_vary_within_week_by_articleID",0
"llr_num_size_by_articleID_productgroup_x_max_freq_paymeth_letters_by_custome",0
"llr_num_size_by_articleID_productgroup_x_extreme_size",0
"llr_num_size_by_articleID_productgroup_x_newproductgrouprrptwodigits_1",0
"llr_num_size_by_articleID_productgroup_x_productGroup_rrp_of_1digit",0
"llr_pattern_paste_numofcolor_numofsize_by_article_productgroup",0
"llr_pattern_paste_numofcolor_numofsize_by_article_productgroup_x_productGroup_article_t_h",0
"llr_pattern_paste_numofcolor_numofsize_by_article_productgroup_x_newproductgrouprrptwodigits_1",0
"llr_unitprice_vary_within_week_by_articleID",0
"llr_unitprice_vary_within_week_by_articleID_x_productGroup_article_t_h",0
"llr_unitprice_vary_within_week_by_articleID_x_cluster_articleID_by_rrp_productgroup",0
"llr_unitprice_vary_within_week_by_articleID_x_productGroup_rrp_of_1digit",0
"llr_unitprice_vary_within_month_by_articleID",0
"llr_unitprice_vary_within_month_by_articleID_x_cluster_articleID_by_rrp_productgroup",0
"llr_unitprice_vary_within_month_by_articleID_x_max_freq_paymeth_letters_by_custome",0
"llr_unitprice_vary_within_month_by_articleID_x_productGroup_rrp_of_1digit",0
"llr_productGroup_article_t_h",0
"llr_cluster_articleID_by_rrp_productgroup",0
"llr_cluster_articleID_by_rrp_productgroup_x_newproductgrouprrptwodigits_1",0
"llr_cluster_articleID_by_rrp_productgroup_x_productGroup_rrp_of_1digit",0
"llr_max_freq_paymeth_letters_by_custome",0
"llr_max_freq_paymeth_letters_by_custome_x_max_freq_color_code",0
"llr_extreme_size_x_max_freq_color_code",0
"llr_max_freq_color_code",0
"llr_newproductgrouprrptwodigits_1",0
"llr_newproductgrouprrptwodigits_1_x_productGroup_rrp_of_1digit",0
"llr_productGroup_rrp_of_1digit",0
