Features,Overall
quantity,100
price,100
customer_order_product_prop,100
discountProp,99.97
llr_voucherID_x_customerID,98.78
llr_customerID_x_clustCustomer6,98.78
llr_customerID_x_sameArticleDiffSize,98.76
llr_customerID,98.76
llr_customerID_x_clustCustomer4,98.76
llr_paymentMethod_x_sameArticleDiffSize,98.19
llr_customerID_x_clustCustomer5,98.1
llr_sizeCode_x_customerID,97.68
llr_articleID_x_sameArticleDiffSize,97.07
llr_articleID_x_paymentMethod,96.89
total_price_by_orderID,95.8
llr_colorCode_x_clustCustomer5,94.95
llr_customerID_x_paymentMethod,94.85
llr_articleID_x_sameProductDiffSize,94.84
llr_colorCode_x_any_holiday,94.8
customer_article_quantity,94.02
total_price_by_customerID.1,93.44
llr_colorCode_x_businessCustomer,93.22
llr_customerID_x_month,93.07
llr_articleID_x_customerID,91.98
llr_articleID_x_colorCode,89.72
customer_mean_rrp,88.32
llr_customerID_x_legal_holiday,86.76
total_rrp0_by_customerID,85.01
llr_colorCode_x_sameProductDiffSize,83.49
size_num_train,81.65
total_rrp0_by_orderID,79.37
llr_productGroup_x_customerID,75.26
llr_deviceID_x_businessCustomer2,73.91
llr_customerID_x_repeatOrderSameSize,73.58
llr_paymentMethod_x_clustCustomer3,72.52
rrp,71.77
customer_color_counts,71.53
articleVsColor_per_order,71.16
llr_articleID_x_sameArticleDiffColor,71.12
llr_sizeCode_x_sameArticleDiffSize,70.88
llr_sizeCode_x_clustCustomer6,70.78
llr_sameArticleDiffSize_x_sameArticleDiffColor,70.4
llr_customerID_x_any_holiday,70.3
customer_median_rrp,67.33
llr_customerID_x_dow,66.69
llr_week_x_businessCustomer,66.56
customer_color_quantity,64.34
llr_customerID_x_week,63.69
llr_paymentMethod_x_clustCustomer4,62.82
llr_articleID_x_month,60.63
llr_businessCustomer2_x_sameArticleDiffColor,59.65
articleVsProduct_per_order,59.62
llr_productGroup_x_sameArticleDiffColor,58
max_price_per_size,57.46
total_quantity_per_order,57.23
runningTotalOrders,56.79
customer_std_price,55.4
customer_mean_voucherAmount,55.36
llr_articleID_x_clustCustomer4,54.47
sameArticleDiffSize,53.7
customer_median_price,53.68
total_price_by_customerID,53.55
productVsColor_per_order,53.46
llr_paymentMethod_x_week,53.42
uniqueColors_per_order,53
unit_price_min_avg,51.96
llr_articleID_x_clustCustomer3,50.94
llr_paymentMethod_x_clustCustomer5,50.51
llr_week,50.27
llr_paymentMethod_x_dow,49.91
llr_productGroup_x_clustCustomer4,49.38
llr_customerID_x_sameArticleDiffColor,49.32
llr_week_x_businessCustomer2,48.7
llr_productGroup_x_dow,47.1
llr_customerID_x_sameProductDiffSize,46.76
llr_paymentMethod_x_clustCustomer6,46.73
llr_articleID_x_week,46.69
llr_dow_x_clustCustomer4,45.74
llr_voucherID_x_month,45.53
llr_articleID,43.81
llr_sizeCode_x_sameProductDiffSize,43.15
median_price_per_article,43.08
total_price_by_colorCode,42.74
llr_deviceID_x_dow,42.26
llr_paymentMethod,41.96
llr_sameArticleDiffSize_x_general_holiday,41.45
llr_customerID_x_customer_total_custer3,41.24
productVsSize_per_order,39.65
total_voucherAmount_by_articleID.1,39.18
llr_sameArticleDiffColor_x_sameProductDiffSize,38.91
llr_customerID_x_general_holiday,37.92
llr_articleID_x_clustCustomer6,37.52
llr_voucherID_x_clustCustomer5,37.49
customer_order_article_prop,37.44
uniqueArticles_per_order,37.16
customer_art_counts,36.73
llr_articleID_x_clustCustomer5,36.47
llr_voucherID_x_repeatOrderSameSize,36.43
llr_paymentMethod_x_month,36.29
llr_voucherID_x_clustCustomer4,34.9
llr_deviceID_x_customer_total_custer3,34.66
llr_week_x_sameArticleDiffColor,34.62
customer_size_quantity,34.56
customer_order_color_prop,34.02
llr_sizeCode_x_paymentMethod,33.73
llr_week_x_clustCustomer6,33.27
llr_productGroup_x_sameProductDiffSize,32.92
llr_colorCode_x_sameArticleDiffColor,32.57
customer_std_rrp,32.47
llr_deviceID_x_paymentMethod,32.37
llr_colorCode_x_week,32.36
llr_general_holiday_x_clustCustomer4,32.31
llr_colorCode_x_productGroup,31.47
llr_articleID_x_sizeCode,30.81
llr_week_x_clustCustomer5,30.79
llr_legal_holiday_x_clustCustomer5,30.75
total_voucherAmount_by_orderID,30.65
llr_deviceID_x_week,30.23
llr_voucherID_x_clustCustomer6,29.96
llr_voucherID_x_sameArticleDiffColor,29.73
llr_week_x_sameProductDiffSize,29.7
llr_month_x_clustCustomer6,29.62
articleVsSize_per_order,29.45
llr_deviceID_x_legal_holiday,29.22
llr_sizeCode_x_general_holiday,29.05
voucherAmount,29.01
llr_productGroup_x_clustCustomer6,28.84
llr_customerID_x_clustCustomer3,28.31
runningTotalItems,27.2
llr_voucherID_x_dow,26.57
min_price_per_article,26.32
llr_clustCustomer4_x_customer_total_custer3,26.29
uniqueProducts_per_order,26.23
uniqueSizes_per_order,26.17
llr_month_x_clustCustomer5,26.01
llr_businessCustomer2_x_clustCustomer4,24.93
llr_clustCustomer5_x_clustCustomer6,24.82
llr_sameArticleDiffColor_x_clustCustomer3,24.1
total_rrp0_by_articleID,23.97
total_price_by_articleID,23.61
llr_deviceID_x_clustCustomer6,23.46
llr_week_x_clustCustomer3,23.18
llr_sameArticleDiffColor_x_any_holiday,23
llr_sameProductDiffSize_x_clustCustomer5,22.53
llr_colorCode_x_voucherID,22.35
llr_clustCustomer4_x_clustCustomer6,22.19
llr_customerID_x_deviceID,22.08
mean_time_between,21.81
customer_prod_counts,21.3
time_between2,20.72
llr_sizeCode_x_dow,20.44
median_price_per_color,20.43
llr_legal_holiday_x_general_holiday,20.4
llr_deviceID_x_sameArticleDiffSize,20.37
max_price_per_product,20.33
customer_size_counts,20.21
customer_median_voucherAmount,20.15
llr_voucherID_x_legal_holiday,20
customer_product_quantity,19.84
llr_articleID_x_repeatOrderSameSize,19.81
llr_sameArticleDiffColor_x_clustCustomer6,19.78
llr_sameArticleDiffColor_x_clustCustomer5,19.63
sizeVsColor_per_order,19.61
llr_month_x_sameArticleDiffColor,19.59
customer_mean_price,18.83
llr_deviceID_x_any_holiday,18.79
llr_dow_x_sameArticleDiffColor,18.69
mean_price_per_product,18.35
llr_productGroup_x_month,18.24
llr_week_x_customer_total_custer3,18.13
llr_paymentMethod_x_sameArticleDiffColor,17.85
llr_articleID_x_any_holiday,17.64
llr_voucherID_x_paymentMethod,17.62
llr_week_x_repeatOrderSameSize,17.58
quantity_per_customer,17.26
llr_productGroup_x_week,17.11
customer_visits,16.88
llr_dow_x_week,16.69
llr_voucherID_x_week,16.49
llr_articleID_x_deviceID,16.35
llr_month_x_sameArticleDiffSize,16.19
llr_businessCustomer_x_clustCustomer4,16.09
llr_articleID_x_legal_holiday,15.92
llr_clustCustomer6_x_customer_total_custer3,15.92
llr_sizeCode_x_month,15.88
llr_sizeCode_x_clustCustomer4,15.86
llr_month_x_legal_holiday,15.69
llr_businessCustomer2_x_sameArticleDiffSize,15.53
llr_voucherID_x_deviceID,15.47
llr_month_x_sameProductDiffSize,15.2
llr_month_x_customer_total_custer3,14.93
llr_deviceID_x_month,14.84
llr_paymentMethod_x_sameProductDiffSize,14.54
llr_colorCode_x_month,14.27
time_between,13.96
llr_week_x_general_holiday,13.92
llr_articleID_x_businessCustomer,13.9
llr_businessCustomer2_x_repeatOrderSameSize,13.85
llr_colorCode_x_clustCustomer6,13.83
llr_productGroup_x_paymentMethod,13.73
llr_productGroup_x_businessCustomer,13.4
llr_sizeCode_x_sameArticleDiffColor,13.32
llr_voucherID_x_any_holiday,13.27
llr_dow_x_clustCustomer3,12.94
llr_week_x_sameArticleDiffSize,12.91
total_voucherAmount_by_articleID,12.87
llr_any_holiday_x_clustCustomer3,12.58
llr_dow_x_clustCustomer5,12.17
llr_week_x_clustCustomer4,12.16
llr_deviceID_x_clustCustomer5,12
llr_colorCode_x_customerID,11.87
llr_articleID_x_voucherID,11.72
diff,11.7
llr_sameArticleDiffColor_x_general_holiday,11.61
llr_month_x_clustCustomer4,11.55
llr_deviceID_x_businessCustomer,11.45
llr_deviceID_x_sameArticleDiffColor,11.25
quantity_per_color,10.9
llr_articleID_x_businessCustomer2,10.87
llr_week_x_legal_holiday,10.49
total_voucherAmount_by_colorCode,10.42
mean_price_per_color,10.34
llr_month_x_repeatOrderSameSize,10.21
llr_month_x_week,10.18
llr_articleID_x_customer_total_custer3,9.98
llr_any_holiday_x_clustCustomer5,9.93
llr_dow_x_clustCustomer6,9.68
llr_sizeCode_x_week,9.61
llr_deviceID,9.22
llr_sizeCode_x_any_holiday,9.07
runningTotalVoucherAmount,8.95
llr_colorCode_x_paymentMethod,8.8
llr_voucherID_x_general_holiday,8.72
customer_std_voucherAmount,8.37
customer_order_size_prop,8.35
llr_sameArticleDiffSize_x_any_holiday,8.17
llr_voucherID_x_sameProductDiffSize,7.98
llr_sizeCode_x_customer_total_custer3,7.95
llr_sameProductDiffSize_x_customer_total_custer3,7.87
llr_articleID_x_general_holiday,7.84
llr_month_x_general_holiday,7.68
mean_price_per_article,7.63
extreme_size_train,7.62
median_price_per_size,7.49
llr_sameArticleDiffSize_x_clustCustomer6,7.42
total_price_by_productGroup0,7.41
llr_sizeCode_x_clustCustomer3,7.34
llr_deviceID_x_sameProductDiffSize,7.33
llr_sizeCode_x_clustCustomer5,7.29
llr_month_x_dow,7.15
llr_colorCode_x_general_holiday,7.1
llr_voucherID_x_clustCustomer3,7.05
llr_businessCustomer_x_any_holiday,6.84
llr_productGroup_x_sameArticleDiffSize,6.68
llr_sameProductDiffSize_x_general_holiday,6.67
llr_paymentMethod_x_businessCustomer,6.59
freqArticleID,6.53
llr_productGroup_x_clustCustomer5,6.53
llr_colorCode_x_repeatOrderSameSize,6.47
llr_dow_x_sameProductDiffSize,6.23
llr_paymentMethod_x_customer_total_custer3,6.15
llr_sameProductDiffSize_x_clustCustomer3,6.08
llr_voucherID_x_sameArticleDiffSize,6.04
max_price_per_article,5.73
llr_sizeCode_x_productGroup,5.68
total_voucherAmount_by_customerID,5.66
llr_legal_holiday_x_customer_total_custer3,5.64
llr_dow_x_businessCustomer,5.59
llr_voucherID_x_customer_total_custer3,5.46
llr_articleID_x_dow,5.36
mean_price_per_size,5.32
llr_businessCustomer_x_clustCustomer6,5.3
llr_repeatOrderSameSize_x_clustCustomer4,5.28
total_voucherAmount_by_customerID.1,5.18
llr_deviceID_x_clustCustomer3,5.15
llr_general_holiday_x_clustCustomer6,5.1
llr_general_holiday_x_customer_total_custer3,5.03
llr_repeatOrderSameSize_x_customer_total_custer3,4.92
llr_businessCustomer_x_sameArticleDiffColor,4.92
llr_deviceID_x_clustCustomer4,4.79
llr_sameProductDiffSize_x_clustCustomer6,4.77
llr_general_holiday_x_clustCustomer5,4.75
llr_dow_x_customer_total_custer3,4.58
llr_legal_holiday_x_any_holiday,4.57
llr_productGroup_x_clustCustomer3,4.33
llr_month_x_clustCustomer3,4.23
businessCustomer,4.22
llr_dow_x_repeatOrderSameSize,4.2
llr_dow_x_legal_holiday,4.18
llr_dow_x_businessCustomer2,4.03
llr_month_x_businessCustomer,4.03
llr_sameArticleDiffSize_x_clustCustomer3,3.99
clustCustomer2,3.94
quantity_per_article,3.9
llr_sizeCode_x_voucherID,3.87
llr_colorCode_x_businessCustomer2,3.85
llr_sameArticleDiffSize_x_customer_total_custer3,3.83
total_rrp0_by_colorCode,3.75
llr_businessCustomer_x_customer_total_custer3,3.65
max_price_per_color,3.64
freqProductGroup,3.43
llr_clustCustomer3_x_clustCustomer5,3.36
repeatOrderSameSize,3.31
llr_colorCode,3.2
median_price_per_product,3.2
llr_articleID_x_productGroup,3.13
llr_sizeCode_x_deviceID,2.9
llr_sameArticleDiffColor_x_legal_holiday,2.71
any_holiday,2.65
llr_colorCode_x_sizeCode,2.62
llr_sizeCode_x_businessCustomer,2.62
llr_businessCustomer2_x_clustCustomer3,2.59
llr_productGroup_x_general_holiday,2.52
llr_deviceID_x_repeatOrderSameSize,2.46
llr_productGroup_x_deviceID,2.4
llr_paymentMethod_x_legal_holiday,2.24
llr_repeatOrderSameSize_x_sameArticleDiffColor,2.24
llr_colorCode_x_deviceID,2.18
llr_week_x_any_holiday,2.03
llr_dow_x_sameArticleDiffSize,1.96
llr_businessCustomer2_x_customer_total_custer3,1.94
sameArticleDiffColor,1.92
llr_paymentMethod_x_businessCustomer2,1.91
llr_colorCode_x_sameArticleDiffSize,1.91
llr_sameProductDiffSize_x_legal_holiday,1.78
llr_sameProductDiffSize_x_any_holiday,1.77
total_voucherAmount_by_productGroup0,1.73
llr_dow_x_any_holiday,1.71
llr_legal_holiday_x_clustCustomer6,1.7
legal_holiday,1.69
llr_colorCode_x_dow,1.67
llr_deviceID_x_general_holiday,1.62
llr_sizeCode_x_repeatOrderSameSize,1.58
freqSizeCode,1.52
llr_repeatOrderSameSize_x_any_holiday,1.49
llr_repeatOrderSameSize_x_clustCustomer5,1.29
llr_colorCode_x_clustCustomer3,1.26
llr_repeatOrderSameSize_x_sameProductDiffSize,1
llr_sameProductDiffSize_x_clustCustomer4,0.9
llr_sameArticleDiffSize_x_clustCustomer4,0.89
llr_businessCustomer_x_clustCustomer3,0.88
llr_general_holiday_x_clustCustomer3,0.83
llr_businessCustomer_x_clustCustomer5,0.74
llr_any_holiday_x_customer_total_custer3,0.65
llr_businessCustomer2_x_general_holiday,0.64
llr_clustCustomer4_x_clustCustomer5,0.64
llr_productGroup_x_any_holiday,0.63
llr_clustCustomer5_x_customer_total_custer3,0.62
llr_sameArticleDiffSize_x_clustCustomer5,0.62
llr_colorCode_x_legal_holiday,0.61
llr_any_holiday_x_clustCustomer6,0.61
llr_clustCustomer3_x_clustCustomer4,0.58
llr_clustCustomer3_x_customer_total_custer3,0.57
total_price_by_articleID.1,0.56
llr_productGroup_x_voucherID,0.55
general_holiday,0.54
llr_any_holiday_x_clustCustomer4,0.53
llr_repeatOrderSameSize_x_legal_holiday,0.51
llr_businessCustomer_x_repeatOrderSameSize,0.51
llr_paymentMethod_x_any_holiday,0.45
llr_repeatOrderSameSize_x_clustCustomer3,0.42
llr_clustCustomer4,0.41
llr_businessCustomer_x_sameArticleDiffSize,0.13
total_rrp0_by_productGroup0,0
total_price_by_orderID.1,0
total_voucherAmount_by_orderID.1,0
discountProp.1,0
businessCustomer2,0
freqColorCode,0
min_price_per_color,0
sameProductDiffSize,0
quantity_per_size,0
quantity_per_product,0
min_price_per_product,0
min_price_per_size,0
llr_colorCode_x_clustCustomer4,0
llr_colorCode_x_customer_total_custer3,0
llr_sizeCode,0
llr_sizeCode_x_businessCustomer2,0
llr_sizeCode_x_legal_holiday,0
llr_productGroup,0
llr_productGroup_x_businessCustomer2,0
llr_productGroup_x_repeatOrderSameSize,0
llr_productGroup_x_legal_holiday,0
llr_productGroup_x_customer_total_custer3,0
llr_voucherID,0
llr_voucherID_x_businessCustomer,0
llr_voucherID_x_businessCustomer2,0
llr_customerID_x_businessCustomer,0
llr_customerID_x_businessCustomer2,0
llr_paymentMethod_x_repeatOrderSameSize,0
llr_paymentMethod_x_general_holiday,0
llr_month,0
llr_month_x_businessCustomer2,0
llr_month_x_any_holiday,0
llr_dow,0
llr_dow_x_general_holiday,0
llr_businessCustomer_x_businessCustomer2,0
llr_businessCustomer_x_sameProductDiffSize,0
llr_businessCustomer_x_legal_holiday,0
llr_businessCustomer_x_general_holiday,0
llr_businessCustomer2_x_sameProductDiffSize,0
llr_businessCustomer2_x_legal_holiday,0
llr_businessCustomer2_x_any_holiday,0
llr_businessCustomer2_x_clustCustomer5,0
llr_businessCustomer2_x_clustCustomer6,0
llr_repeatOrderSameSize_x_sameArticleDiffSize,0
llr_repeatOrderSameSize_x_general_holiday,0
llr_repeatOrderSameSize_x_clustCustomer6,0
llr_sameArticleDiffSize_x_sameProductDiffSize,0
llr_sameArticleDiffSize_x_legal_holiday,0
llr_sameArticleDiffColor_x_clustCustomer4,0
llr_sameArticleDiffColor_x_customer_total_custer3,0
llr_legal_holiday_x_clustCustomer3,0
llr_legal_holiday_x_clustCustomer4,0
llr_general_holiday_x_any_holiday,0
llr_clustCustomer3,0
llr_clustCustomer3_x_clustCustomer6,0
llr_clustCustomer5,0
llr_clustCustomer6,0
llr_customer_total_custer3,0
