"Features","Usage"
"quantity",100
"price",99.84
"discountProp",99.3
"llr_productGroup_x_paymentMethod",98.77
"total_quantity_per_order",98.72
"rrp",98.12
"sameArticleDiffSize",98.1
"llr_colorCode",98.1
"llr_productGroup",98.1
"llr_articleID",98.09
"llr_articleID_x_colorCode",97.8
"total_quantity_per_customer",97.49
"llr_articleID_x_paymentMethod",87.49
"sameProductDiffSize",85.59
"llr_paymentMethod",83.72
"llr_voucherID",80.02
"sameArticleDiffColor",77.67
"llr_paymentMethod_x_week",75.47
"llr_sizeCode_x_week",71.91
"llr_colorCode_x_productGroup",70.52
"llr_sizeCode_x_productGroup",70.18
"llr_articleID_x_productGroup",69.58
"voucherAmount",66.45
"total_quantity_per_article",65.18
"llr_deviceID_x_week",64.97
"llr_sizeCode_x_paymentMethod",63.87
"llr_paymentMethod_x_dow",62.4
"llr_sizeCode_x_voucherID",59.76
"llr_articleID_x_deviceID",57.37
"llr_voucherID_x_paymentMethod",56.19
"llr_articleID_x_dow",53.5
"llr_sizeCode",53.47
"llr_deviceID_x_dow",52.59
"llr_articleID_x_voucherID",52.51
"llr_sizeCode_x_deviceID",50.49
"llr_voucherID_x_deviceID",49.71
"llr_deviceID",45.1
"llr_voucherID_x_week",43.56
"llr_colorCode_x_sizeCode",42.73
"llr_dow",42.44
"llr_voucherID_x_dow",42.26
"llr_dow_x_week",40.75
"llr_deviceID_x_paymentMethod",40.23
"llr_articleID_x_sizeCode",39.17
"llr_productGroup_x_deviceID",38.9
"llr_productGroup_x_week",38.32
"llr_articleID_x_week",35.77
"repeatOrderSameSize",30.21
"llr_productGroup_x_dow",29.76
"llr_colorCode_x_voucherID",29.33
"llr_sizeCode_x_dow",26.59
"llr_colorCode_x_deviceID",24.42
"llr_colorCode_x_paymentMethod",23.25
"llr_productGroup_x_voucherID",21.53
"llr_colorCode_x_dow",20.98
"llr_week",18.93
"llr_colorCode_x_week",17.6
"llr_articleID_x_customerID",0
"llr_colorCode_x_customerID",0
"llr_sizeCode_x_customerID",0
"llr_productGroup_x_customerID",0
"llr_voucherID_x_customerID",0
"llr_customerID",0
"llr_customerID_x_deviceID",0
"llr_customerID_x_paymentMethod",0
"llr_customerID_x_dow",0
"llr_customerID_x_week",0
