"Features","Overall"
"total_price_by_orderID",4.993890453169
"llr_customerID",3.09727461084843
"llr_customerID_x_paymentMethod",3.06539871433884
"llr_articleID_x_colorCode",2.73601445040642
"llr_articleID_x_paymentMethod",1.93911703766668
"discountProp",1.92317908941189
"llr_articleID_x_sameProductDiffSize",1.82223875046486
"llr_productGroup_x_customerID",1.8009881527918
"quantity",1.70004781384476
"llr_articleID_x_sameArticleDiffSize",1.65223396908038
"total_quantity_per_order",1.45566594060458
"llr_paymentMethod_x_sameArticleDiffSize",1.35472560165755
"llr_articleID_x_repeat_product",1.33347500398449
"totalPrice_per_meanTime",1.31753705572969
"total_rrp0_by_orderID",1.29628645805663
"llr_sizeCode_x_customerID",1.14221962492695
"llr_customerID_x_sameArticleDiffSize",1.13159432609042
"llr_sameArticleDiffSize_x_sameArticleDiffColor",1.06252988365298
"llr_voucherID_x_customerID",1.03065398714339
"llr_repeat_color_x_repeat_article",1.00940338947033
"llr_customerID_x_repeat_article",0.993465441215534
"articleVsColor_per_order",0.950964245869415
"customer_mean_rrp",0.940338947032885
"total_rrp0_by_customerID",0.93502629761462
"unit_price_min_avg",0.913775699941561
"llr_articleID_x_repeat_size",0.903150401105031
"llr_productGroup_x_sameArticleDiffSize",0.881899803431971
"llr_articleID_x_customerID",0.865961855177177
"llr_customerID_x_legal_holiday",0.865961855177177
"articleVsProduct_per_order",0.802210062157998
"llr_customerID_x_month",0.743770918557084
"llr_customerID_x_repeat_product",0.648143229028316
"llr_customerID_x_sameArticleDiffColor",0.642830579610052
"runningTotalOrders",0.637517930191787
"llr_articleID_x_sameArticleDiffColor",0.621579981936992
"llr_articleID_x_businessCustomer2",0.616267332518727
"llr_customerID_x_deviceID",0.547202890081284
"productVsColor_per_order",0.541890240663019
"llr_customerID_x_repeatOrderSameSize",0.520639642989959
"llr_articleID_x_repeat_color",0.515326993571694
"llr_articleID_x_month",0.510014344153429
"llr_productGroup_x_sameProductDiffSize",0.510014344153429
"median_price_per_article",0.510014344153429
"customer_prod_counts",0.504701694735164
"llr_paymentMethod_x_repeat_size",0.48876374648037
"llr_repeat_size_x_repeat_article",0.483451097062105
"llr_sizeCode_x_sameArticleDiffSize",0.483451097062105
"size_num_train",0.483451097062105
"customer_article_quantity",0.472825798225575
"customer_median_rrp",0.45688784997078
"max_price_per_article",0.435637252297721
"llr_customerID_x_repeat_size",0.430324602879456
"time_between2",0.425011953461191
"unit_price",0.425011953461191
"llr_customerID_x_week",0.414386654624661
"llr_articleID",0.409074005206396
"llr_voucherID_x_dow",0.393136056951602
"llr_sameArticleDiffSize_x_repeat_article",0.387823407533337
"llr_week_x_businessCustomer",0.387823407533337
"productVsSize_per_order",0.387823407533337
"articleVsSize_per_order",0.377198108696807
"customer_order_product_prop",0.377198108696807
"llr_paymentMethod_x_week",0.371885459278542
"total_voucherAmount_by_orderID",0.371885459278542
"customer_mean_price",0.366572809860277
"llr_articleID_x_sizeCode",0.361260160442012
"total_voucherAmt_per_day",0.361260160442012
"llr_deviceID_x_dow",0.355947511023748
"llr_colorCode_x_customerID",0.345322212187218
"llr_customerID_x_dow",0.345322212187218
"uniqueArticles_per_order",0.345322212187218
"llr_deviceID_x_week",0.340009562768953
"llr_voucherID_x_sameArticleDiffColor",0.334696913350688
"mean_price_per_color",0.329384263932423
"llr_customerID_x_general_holiday",0.324071614514158
"runningTotalItems",0.324071614514158
"customer_std_rrp",0.318758965095893
"uniqueSizes_per_order",0.318758965095893
"avg_rrp_per_day",0.313446315677628
"customer_color_counts",0.313446315677628
"llr_articleID_x_general_holiday",0.313446315677628
"llr_articleID_x_week",0.308133666259364
"runningTotalVoucherAmount",0.308133666259364
"total_price_by_customerID",0.308133666259364
"customer_color_quantity",0.297508367422834
"total_voucherAmount_by_articleID",0.297508367422834
"vouchers_per_day",0.297508367422834
"llr_articleID_x_dow",0.292195718004569
"llr_colorCode_x_sameArticleDiffColor",0.292195718004569
"llr_colorCode_x_voucherID",0.292195718004569
"llr_sizeCode_x_week",0.286883068586304
"llr_week_x_sameProductDiffSize",0.286883068586304
"min_price_per_article",0.281570419168039
"price",0.281570419168039
"quantity_per_customer",0.281570419168039
"llr_sizeCode_x_month",0.276257769749774
"llr_voucherID_x_week",0.276257769749774
"paymentMethod_per_customer_train",0.276257769749774
"customer_median_price",0.270945120331509
"sizeVsColor_per_order",0.270945120331509
"customer_product_quantity",0.265632470913244
"customer_mean_voucherAmount",0.255007172076715
"llr_productGroup_x_sameArticleDiffColor",0.255007172076715
"max_price_per_size",0.255007172076715
"avg_voucherAmt_per_day",0.24969452265845
"customer_size_counts",0.24969452265845
"llr_articleID_x_repeat_article",0.24969452265845
"llr_paymentMethod_x_dow",0.24969452265845
"llr_paymentMethod_x_month",0.24969452265845
"rrp",0.24969452265845
"customer_art_counts",0.244381873240185
"llr_deviceID_x_repeat_article",0.244381873240185
"mean_time_between",0.244381873240185
"customer_std_price",0.23906922382192
"llr_deviceID_x_paymentMethod",0.23906922382192
"llr_colorCode_x_month",0.233756574403655
"llr_voucherID_x_month",0.233756574403655
"llr_week_x_repeat_article",0.233756574403655
"llr_productGroup_x_paymentMethod",0.22844392498539
"customer_visits",0.21781862614886
"llr_colorCode_x_sameProductDiffSize",0.21781862614886
"llr_paymentMethod_x_businessCustomer",0.21781862614886
"llr_colorCode_x_any_holiday",0.212505976730596
"llr_customerID_x_sameProductDiffSize",0.212505976730596
"llr_paymentMethod_x_repeat_color",0.212505976730596
"llr_paymentMethod_x_repeat_product",0.212505976730596
"llr_paymentMethod_x_sameProductDiffSize",0.212505976730596
"llr_sizeCode_x_productGroup",0.212505976730596
"llr_voucherID_x_repeat_size",0.212505976730596
"llr_voucherID_x_repeat_product",0.207193327312331
"llr_sizeCode_x_repeat_color",0.201880677894066
"llr_week_x_repeatOrderSameSize",0.201880677894066
"customer_median_voucherAmount",0.196568028475801
"llr_customerID_x_repeat_color",0.196568028475801
"llr_dow_x_businessCustomer",0.196568028475801
"total_price_by_colorCode",0.196568028475801
"llr_week_x_repeat_product",0.191255379057536
"price_minus_voucher",0.191255379057536
"llr_legal_holiday_x_general_holiday",0.185942729639271
"llr_dow_x_week",0.180630080221006
"llr_voucherID_x_repeat_color",0.180630080221006
"orders_per_meanTime",0.180630080221006
"uniqueProducts_per_order",0.180630080221006
"customer_order_color_prop",0.175317430802741
"llr_productGroup_x_week",0.175317430802741
"llr_sameArticleDiffColor_x_general_holiday",0.175317430802741
"median_price_per_size",0.175317430802741
"articles_per_day",0.170004781384476
"llr_articleID_x_any_holiday",0.170004781384476
"llr_deviceID_x_legal_holiday",0.170004781384476
"extreme_size_train",0.164692131966212
"llr_month_x_repeatOrderSameSize",0.164692131966212
"llr_sameArticleDiffColor_x_any_holiday",0.164692131966212
"llr_sameArticleDiffColor_x_repeat_article",0.164692131966212
"llr_week_x_repeat_size",0.164692131966212
"llr_paymentMethod_x_sameArticleDiffColor",0.159379482547947
"llr_sameArticleDiffColor_x_repeat_color",0.159379482547947
"totalVoucher_per_meanTime",0.159379482547947
"llr_articleID_x_deviceID",0.154066833129682
"llr_dow_x_repeat_color",0.154066833129682
"llr_dow_x_sameArticleDiffColor",0.154066833129682
"llr_productGroup_x_dow",0.154066833129682
"llr_repeatOrderSameSize_x_repeat_article",0.154066833129682
"llr_voucherID_x_paymentMethod",0.154066833129682
"llr_sameArticleDiffSize_x_repeat_product",0.148754183711417
"llr_sizeCode_x_general_holiday",0.148754183711417
"llr_sizeCode_x_voucherID",0.148754183711417
"median_price_per_color",0.148754183711417
"llr_articleID_x_legal_holiday",0.143441534293152
"llr_deviceID_x_sameProductDiffSize",0.143441534293152
"time_between",0.143441534293152
"freqSizeCode",0.138128884874887
"llr_repeatOrderSameSize_x_repeat_size",0.138128884874887
"llr_week_x_repeat_color",0.138128884874887
"total_price_per_day",0.138128884874887
"customer_size_quantity",0.132816235456622
"total_voucherAmount_by_customerID.1",0.132816235456622
"uniqueColors_per_order",0.132816235456622
"voucherAmount",0.132816235456622
"llr_colorCode_x_sizeCode",0.127503586038357
"llr_deviceID_x_businessCustomer",0.127503586038357
"llr_deviceID_x_month",0.127503586038357
"llr_month_x_sameArticleDiffColor",0.127503586038357
"llr_repeatOrderSameSize_x_sameArticleDiffColor",0.127503586038357
"total_rrp0_by_articleID",0.127503586038357
"avg_price_per_day",0.122190936620092
"llr_month_x_sameProductDiffSize",0.122190936620092
"llr_paymentMethod",0.122190936620092
"llr_sizeCode_x_repeat_product",0.122190936620092
"total_price_by_articleID",0.122190936620092
"llr_dow_x_repeat_product",0.116878287201828
"llr_productGroup_x_voucherID",0.116878287201828
"llr_sameProductDiffSize_x_repeat_article",0.116878287201828
"llr_voucherID_x_legal_holiday",0.116878287201828
"llr_week_x_general_holiday",0.116878287201828
"llr_week_x_sameArticleDiffColor",0.116878287201828
"mean_price_per_size",0.116878287201828
"llr_colorCode_x_deviceID",0.111565637783563
"llr_colorCode_x_repeat_article",0.111565637783563
"llr_colorCode_x_week",0.111565637783563
"llr_month_x_legal_holiday",0.111565637783563
"llr_month_x_repeat_product",0.111565637783563
"llr_sizeCode_x_dow",0.111565637783563
"llr_voucherID_x_repeatOrderSameSize",0.111565637783563
"llr_voucherID_x_sameProductDiffSize",0.111565637783563
"total_voucherAmount_by_customerID",0.111565637783563
"totalPrice_minus_voucher",0.111565637783563
"freqArticleID",0.106252988365298
"llr_deviceID_x_sameArticleDiffColor",0.106252988365298
"llr_dow_x_sameProductDiffSize",0.106252988365298
"llr_month_x_week",0.106252988365298
"llr_repeat_color_x_repeat_product",0.106252988365298
"llr_sameArticleDiffColor_x_repeat_size",0.106252988365298
"llr_customerID_x_any_holiday",0.100940338947033
"llr_dow_x_repeat_article",0.100940338947033
"llr_month_x_repeat_size",0.100940338947033
"llr_sizeCode_x_repeat_size",0.100940338947033
"llr_sizeCode_x_sameArticleDiffColor",0.100940338947033
"llr_sizeCode_x_sameProductDiffSize",0.100940338947033
"llr_businessCustomer_x_repeat_article",0.095627689528768
"llr_colorCode_x_repeat_color",0.095627689528768
"llr_deviceID_x_repeat_product",0.095627689528768
"llr_month_x_dow",0.095627689528768
"llr_sameArticleDiffSize_x_repeat_color",0.095627689528768
"llr_voucherID_x_any_holiday",0.095627689528768
"customer_order_size_prop",0.0903150401105031
"customer_std_voucherAmount",0.0903150401105031
"llr_articleID_x_voucherID",0.0903150401105031
"llr_businessCustomer2_x_repeat_article",0.0903150401105031
"llr_colorCode_x_businessCustomer",0.0903150401105031
"llr_productGroup_x_repeat_product",0.0903150401105031
"llr_sameArticleDiffSize_x_general_holiday",0.0903150401105031
"llr_week_x_sameArticleDiffSize",0.0903150401105031
"total_voucherAmount_by_articleID.1",0.0903150401105031
"llr_any_holiday_x_repeat_article",0.0850023906922382
"llr_colorCode_x_legal_holiday",0.0850023906922382
"llr_deviceID_x_repeat_color",0.0850023906922382
"llr_dow_x_businessCustomer2",0.0850023906922382
"llr_month_x_sameArticleDiffSize",0.0850023906922382
"total_voucherAmount_by_productGroup0",0.0850023906922382
"clustCustomer2",0.0796897412739733
"llr_businessCustomer_x_repeatOrderSameSize",0.0796897412739733
"llr_colorCode_x_productGroup",0.0796897412739733
"llr_legal_holiday_x_repeat_product",0.0796897412739733
"llr_sameProductDiffSize_x_general_holiday",0.0796897412739733
"llr_sameProductDiffSize_x_repeat_product",0.0796897412739733
"total_voucherAmount_by_colorCode",0.0796897412739733
"llr_businessCustomer2_x_sameArticleDiffColor",0.0743770918557084
"llr_deviceID_x_sameArticleDiffSize",0.0743770918557084
"llr_legal_holiday_x_repeat_article",0.0743770918557084
"llr_repeat_color_x_repeat_size",0.0743770918557084
"llr_week_x_businessCustomer2",0.0743770918557084
"mean_price_per_article",0.0743770918557084
"mean_price_per_product",0.0743770918557084
"customer_order_article_prop",0.0690644424374436
"llr_sameArticleDiffColor_x_sameProductDiffSize",0.0690644424374436
"llr_sameProductDiffSize_x_repeat_size",0.0690644424374436
"llr_sizeCode_x_deviceID",0.0690644424374436
"llr_voucherID_x_businessCustomer",0.0690644424374436
"llr_voucherID_x_deviceID",0.0690644424374436
"llr_week_x_legal_holiday",0.0690644424374436
"llr_deviceID_x_any_holiday",0.0637517930191787
"llr_dow_x_sameArticleDiffSize",0.0637517930191787
"llr_productGroup_x_businessCustomer",0.0637517930191787
"llr_sameArticleDiffColor_x_repeat_product",0.0637517930191787
"llr_voucherID_x_repeat_article",0.0637517930191787
"legal_holiday",0.0584391436009138
"llr_colorCode_x_repeat_product",0.0584391436009138
"llr_productGroup_x_any_holiday",0.0584391436009138
"llr_productGroup_x_month",0.0584391436009138
"llr_voucherID_x_general_holiday",0.0584391436009138
"n_orders",0.0584391436009138
"llr_deviceID_x_repeatOrderSameSize",0.0531264941826489
"llr_paymentMethod_x_repeat_article",0.0531264941826489
"llr_sameProductDiffSize_x_any_holiday",0.0531264941826489
"total_price_by_productGroup0",0.0531264941826489
"llr_deviceID_x_general_holiday",0.047813844764384
"llr_deviceID_x_repeat_size",0.047813844764384
"llr_legal_holiday_x_repeat_size",0.047813844764384
"llr_paymentMethod_x_any_holiday",0.047813844764384
"llr_paymentMethod_x_repeatOrderSameSize",0.047813844764384
"llr_productGroup_x_general_holiday",0.047813844764384
"llr_productGroup_x_repeat_color",0.047813844764384
"llr_voucherID_x_sameArticleDiffSize",0.047813844764384
"median_price_per_product",0.047813844764384
"llr_colorCode_x_paymentMethod",0.0425011953461191
"llr_general_holiday_x_repeat_product",0.0425011953461191
"llr_month_x_general_holiday",0.0425011953461191
"llr_month_x_repeat_article",0.0425011953461191
"llr_productGroup_x_deviceID",0.0425011953461191
"llr_sizeCode_x_businessCustomer",0.0425011953461191
"total_rrp_per_day",0.0425011953461191
"llr_articleID_x_businessCustomer",0.0371885459278542
"llr_colorCode_x_businessCustomer2",0.0371885459278542
"llr_colorCode_x_dow",0.0371885459278542
"llr_colorCode_x_general_holiday",0.0371885459278542
"llr_colorCode_x_repeat_size",0.0371885459278542
"llr_dow_x_repeat_size",0.0371885459278542
"llr_general_holiday_x_repeat_size",0.0371885459278542
"llr_productGroup_x_repeatOrderSameSize",0.0371885459278542
"llr_repeat_size_x_repeat_product",0.0371885459278542
"llr_sizeCode_x_repeat_article",0.0371885459278542
"quantity_per_article",0.0371885459278542
"freqProductGroup",0.0318758965095893
"llr_articleID_x_repeatOrderSameSize",0.0318758965095893
"llr_businessCustomer2_x_sameArticleDiffSize",0.0318758965095893
"llr_colorCode_x_sameArticleDiffSize",0.0318758965095893
"llr_deviceID",0.0318758965095893
"llr_dow_x_legal_holiday",0.0318758965095893
"llr_general_holiday_x_repeat_color",0.0318758965095893
"llr_month_x_businessCustomer",0.0318758965095893
"llr_month_x_repeat_color",0.0318758965095893
"llr_paymentMethod_x_general_holiday",0.0318758965095893
"llr_sameArticleDiffSize_x_any_holiday",0.0318758965095893
"llr_sizeCode_x_businessCustomer2",0.0318758965095893
"llr_voucherID",0.0318758965095893
"llr_week",0.0318758965095893
"max_price_per_color",0.0318758965095893
"sameArticleDiffSize",0.0318758965095893
"llr_any_holiday_x_repeat_size",0.0265632470913244
"llr_dow_x_any_holiday",0.0265632470913244
"llr_repeatOrderSameSize_x_sameProductDiffSize",0.0265632470913244
"llr_sameArticleDiffSize_x_repeat_size",0.0265632470913244
"max_price_per_product",0.0265632470913244
"quantity_per_color",0.0265632470913244
"any_holiday",0.0212505976730596
"customer_per_day",0.0212505976730596
"end_price",0.0212505976730596
"llr_businessCustomer_x_repeat_color",0.0212505976730596
"llr_businessCustomer_x_sameProductDiffSize",0.0212505976730596
"llr_businessCustomer2_x_any_holiday",0.0212505976730596
"llr_businessCustomer2_x_repeat_product",0.0212505976730596
"llr_legal_holiday_x_repeat_color",0.0212505976730596
"llr_sameProductDiffSize_x_repeat_color",0.0212505976730596
"llr_dow",0.0159379482547947
"llr_dow_x_repeatOrderSameSize",0.0159379482547947
"llr_general_holiday_x_repeat_article",0.0159379482547947
"llr_productGroup",0.0159379482547947
"llr_productGroup_x_legal_holiday",0.0159379482547947
"llr_productGroup_x_repeat_article",0.0159379482547947
"llr_productGroup_x_repeat_size",0.0159379482547947
"llr_sameArticleDiffColor_x_legal_holiday",0.0159379482547947
"llr_sizeCode_x_legal_holiday",0.0159379482547947
"llr_week_x_any_holiday",0.0159379482547947
"repeat_article",0.0159379482547947
"repeat_product",0.0159379482547947
"repeatOrderSameSize",0.0159379482547947
"total_price_by_articleID.1",0.0159379482547947
"llr_businessCustomer2_x_repeatOrderSameSize",0.0106252988365298
"llr_deviceID_x_businessCustomer2",0.0106252988365298
"llr_month_x_any_holiday",0.0106252988365298
"llr_repeatOrderSameSize_x_any_holiday",0.0106252988365298
"llr_repeatOrderSameSize_x_general_holiday",0.0106252988365298
"llr_repeatOrderSameSize_x_legal_holiday",0.0106252988365298
"llr_repeatOrderSameSize_x_repeat_product",0.0106252988365298
"llr_sameArticleDiffSize_x_legal_holiday",0.0106252988365298
"llr_sizeCode",0.0106252988365298
"llr_sizeCode_x_paymentMethod",0.0106252988365298
"llr_voucherID_x_businessCustomer2",0.0106252988365298
"repeat_size",0.0106252988365298
"businessCustomer",0.00531264941826489
"freqColorCode",0.00531264941826489
"llr_any_holiday_x_repeat_color",0.00531264941826489
"llr_businessCustomer_x_any_holiday",0.00531264941826489
"llr_businessCustomer_x_legal_holiday",0.00531264941826489
"llr_businessCustomer_x_repeat_size",0.00531264941826489
"llr_businessCustomer_x_sameArticleDiffColor",0.00531264941826489
"llr_businessCustomer_x_sameArticleDiffSize",0.00531264941826489
"llr_colorCode_x_repeatOrderSameSize",0.00531264941826489
"llr_paymentMethod_x_businessCustomer2",0.00531264941826489
"llr_sizeCode_x_any_holiday",0.00531264941826489
"quantity_per_size",0.00531264941826489
"total_rrp0_by_colorCode",0.00531264941826489
"total_rrp0_by_productGroup0",0
"total_voucherAmount_by_orderID.1",0
"discountProp.1",0
"businessCustomer2",0
"general_holiday",0
"min_price_per_color",0
"sameArticleDiffColor",0
"sameProductDiffSize",0
"quantity_per_product",0
"min_price_per_product",0
"repeat_color",0
"min_price_per_size",0
"size_num_train.1",0
"extreme_size_train.1",0
"llr_articleID_x_productGroup",0
"llr_colorCode",0
"llr_sizeCode_x_repeatOrderSameSize",0
"llr_productGroup_x_businessCustomer2",0
"llr_customerID_x_businessCustomer",0
"llr_customerID_x_businessCustomer2",0
"llr_paymentMethod_x_legal_holiday",0
"llr_month",0
"llr_month_x_businessCustomer2",0
"llr_dow_x_general_holiday",0
"llr_businessCustomer_x_businessCustomer2",0
"llr_businessCustomer_x_general_holiday",0
"llr_businessCustomer_x_repeat_product",0
"llr_businessCustomer2_x_sameProductDiffSize",0
"llr_businessCustomer2_x_legal_holiday",0
"llr_businessCustomer2_x_general_holiday",0
"llr_businessCustomer2_x_repeat_color",0
"llr_businessCustomer2_x_repeat_size",0
"llr_repeatOrderSameSize_x_sameArticleDiffSize",0
"llr_repeatOrderSameSize_x_repeat_color",0
"llr_sameArticleDiffSize_x_sameProductDiffSize",0
"llr_sameProductDiffSize_x_legal_holiday",0
"llr_legal_holiday_x_any_holiday",0
"llr_general_holiday_x_any_holiday",0
"llr_any_holiday_x_repeat_product",0
"llr_repeat_product_x_repeat_article",0
