"","Features","Overall"
"1","quantity",100
"2","price",100
"3","discountProp",99.98
"4","llr_colorCode",98.65
"5","llr_colorCode_x_deviceID",98.65
"6","llr_colorCode_x_businessCustomer",98.65
"7","llr_colorCode_x_businessCustomer2",98.65
"8","llr_voucherID_x_customerID",98.65
"9","llr_customerID",98.09
"10","llr_customerID_x_paymentMethod",98.06
"11","llr_customerID_x_deviceID",97.99
"12","llr_paymentMethod_x_sameArticleDiffSize",97.99
"13","llr_customerID_x_sameArticleDiffSize",97.97
"14","llr_productGroup_x_customerID",97.96
"15","llr_articleID_x_sameProductDiffSize",97.4
"16","llr_articleID_x_sameArticleDiffSize",97.06
"17","llr_productGroup_x_month",96.47
"18","total_price_by_orderID",95.92
"19","total_price_by_customerID",95.44
"20","llr_articleID_x_paymentMethod",93.49
"21","llr_articleID_x_colorCode",92.57
"22","llr_articleID_x_customerID",90.13
"23","llr_sizeCode_x_customerID",87.02
"24","llr_paymentMethod_x_sameProductDiffSize",84.33
"25","total_quantity_per_order",81.63
"26","llr_articleID_x_sameArticleDiffColor",80.73
"27","llr_customerID_x_repeatOrderSameSize",79.61
"28","llr_productGroup_x_sameProductDiffSize",75.7
"29","llr_productGroup_x_sameArticleDiffColor",75.26
"30","llr_articleID_x_month",74.44
"31","llr_productGroup_x_paymentMethod",74.43
"32","unit_price_min_avg",68.34
"33","llr_week_x_sameArticleDiffSize",67.18
"34","llr_articleID_x_sizeCode",66.66
"35","llr_customerID_x_dow",65.8
"36","llr_sameArticleDiffSize_x_sameArticleDiffColor",64.28
"37","llr_customerID_x_sameProductDiffSize",63.99
"38","llr_customerID_x_week",57.76
"39","llr_customerID_x_sameArticleDiffColor",57.41
"40","llr_articleID",50.25
"41","llr_customerID_x_month",48.88
"42","total_quantity_per_customer",48.67
"43","llr_week_x_sameArticleDiffColor",47.94
"44","llr_deviceID_x_sameArticleDiffColor",46.53
"45","llr_voucherID_x_businessCustomer2",46.42
"46","llr_paymentMethod_x_month",44.09
"47","llr_month_x_sameArticleDiffSize",42.9
"48","llr_week_x_repeatOrderSameSize",42.06
"49","llr_sameArticleDiffColor_x_sameProductDiffSize",40.85
"50","llr_dow_x_businessCustomer",39.86
"51","llr_deviceID_x_paymentMethod",39.59
"52","llr_paymentMethod_x_businessCustomer",38.44
"53","llr_articleID_x_repeatOrderSameSize",38.01
"54","llr_month_x_dow",37.22
"55","voucherAmount",36.94
"56","llr_deviceID_x_week",36.08
"57","llr_sizeCode_x_sameArticleDiffColor",35.47
"58","sameArticleDiffSize",35.12
"59","llr_sizeCode_x_sameArticleDiffSize",34.68
"60","llr_month_x_sameProductDiffSize",33.54
"61","total_voucherAmount_by_customerID",33.06
"62","total_voucherAmount_by_orderID",32.9
"63","llr_month_x_businessCustomer2",32.25
"64","llr_deviceID_x_businessCustomer",30.81
"65","rrp",29.11
"66","businessCustomer",28.81
"67","llr_deviceID_x_dow",28.65
"68","llr_week",28.31
"69","llr_sizeCode_x_paymentMethod",28.26
"70","llr_paymentMethod",28.07
"71","llr_month_x_businessCustomer",27.57
"72","llr_paymentMethod_x_sameArticleDiffColor",26.84
"73","llr_dow_x_businessCustomer2",26.68
"74","llr_month_x_sameArticleDiffColor",26.45
"75","llr_dow_x_sameArticleDiffColor",25.86
"76","llr_dow_x_sameProductDiffSize",25.22
"77","llr_sizeCode_x_voucherID",25.04
"78","llr_voucherID_x_businessCustomer",24.99
"79","llr_paymentMethod_x_dow",23.87
"80","llr_deviceID_x_month",22.31
"81","total_quantity_per_article",21.79
"82","llr_sizeCode_x_sameProductDiffSize",21.56
"83","llr_voucherID_x_sameArticleDiffColor",21.47
"84","llr_month_x_week",21.04
"85","llr_paymentMethod_x_week",20.93
"86","llr_sizeCode_x_month",20.86
"87","llr_week_x_sameProductDiffSize",20.57
"88","llr_dow",20.16
"89","llr_deviceID_x_sameProductDiffSize",19.91
"90","llr_dow_x_week",19.22
"91","businessCustomer2",18.84
"92","llr_week_x_businessCustomer",17.49
"93","llr_businessCustomer2_x_sameArticleDiffColor",17.39
"94","llr_sizeCode_x_deviceID",17.13
"95","llr_voucherID_x_sameArticleDiffSize",16.32
"96","llr_businessCustomer_x_sameArticleDiffSize",16.12
"97","llr_colorCode_x_repeatOrderSameSize",15.99
"98","llr_productGroup_x_businessCustomer",15.93
"99","llr_dow_x_repeatOrderSameSize",15.82
"100","llr_voucherID_x_sameProductDiffSize",15.61
"101","llr_sizeCode_x_repeatOrderSameSize",15.4
"102","llr_businessCustomer_x_sameArticleDiffColor",15.24
"103","llr_voucherID_x_dow",15.11
"104","llr_repeatOrderSameSize_x_sameArticleDiffColor",14.48
"105","llr_paymentMethod_x_repeatOrderSameSize",14.27
"106","llr_sizeCode_x_week",14.04
"107","sameArticleDiffColor",13.84
"108","llr_articleID_x_voucherID",13.64
"109","llr_voucherID_x_month",13.38
"110","llr_deviceID",13.31
"111","llr_sizeCode",12.98
"112","llr_productGroup",12.65
"113","total_price_by_articleID",12.5
"114","llr_sizeCode_x_dow",12.42
"115","llr_deviceID_x_sameArticleDiffSize",12.27
"116","llr_businessCustomer2_x_sameArticleDiffSize",12.22
"117","llr_articleID_x_dow",11.89
"118","llr_productGroup_x_deviceID",11.87
"119","llr_voucherID_x_week",11.44
"120","llr_month",11.16
"121","llr_productGroup_x_dow",10.81
"122","llr_businessCustomer_x_businessCustomer2",10.66
"123","llr_productGroup_x_voucherID",10.29
"124","llr_voucherID_x_deviceID",10
"125","llr_businessCustomer2_x_sameProductDiffSize",9.96
"126","llr_sizeCode_x_businessCustomer2",9.05
"127","llr_month_x_repeatOrderSameSize",8.96
"128","llr_voucherID_x_paymentMethod",8.37
"129","llr_deviceID_x_repeatOrderSameSize",7.29
"130","llr_articleID_x_deviceID",6.85
"131","llr_businessCustomer_x_repeatOrderSameSize",6.75
"132","llr_businessCustomer2_x_repeatOrderSameSize",6
"133","llr_voucherID_x_repeatOrderSameSize",5.74
"134","llr_productGroup_x_businessCustomer2",4.75
"135","llr_voucherID",3.63
"136","sameProductDiffSize",2.14
"137","llr_businessCustomer_x_sameProductDiffSize",1.89
"138","llr_paymentMethod_x_businessCustomer2",1.88
"139","total_voucherAmount_by_articleID",0
"140","discountProp.1",0
"141","repeatOrderSameSize",0
"142","llr_articleID_x_productGroup",0
"143","llr_articleID_x_week",0
"144","llr_articleID_x_businessCustomer",0
"145","llr_articleID_x_businessCustomer2",0
"146","llr_colorCode_x_sizeCode",0
"147","llr_colorCode_x_productGroup",0
"148","llr_colorCode_x_voucherID",0
"149","llr_colorCode_x_customerID",0
"150","llr_colorCode_x_paymentMethod",0
"151","llr_colorCode_x_month",0
"152","llr_colorCode_x_dow",0
"153","llr_colorCode_x_week",0
"154","llr_colorCode_x_sameArticleDiffSize",0
"155","llr_colorCode_x_sameArticleDiffColor",0
"156","llr_colorCode_x_sameProductDiffSize",0
"157","llr_sizeCode_x_productGroup",0
"158","llr_sizeCode_x_businessCustomer",0
"159","llr_productGroup_x_week",0
"160","llr_productGroup_x_repeatOrderSameSize",0
"161","llr_productGroup_x_sameArticleDiffSize",0
"162","llr_customerID_x_businessCustomer",0
"163","llr_customerID_x_businessCustomer2",0
"164","llr_deviceID_x_businessCustomer2",0
"165","llr_dow_x_sameArticleDiffSize",0
"166","llr_week_x_businessCustomer2",0
"167","llr_businessCustomer",0
"168","llr_businessCustomer2",0
"169","llr_repeatOrderSameSize",0
"170","llr_repeatOrderSameSize_x_sameArticleDiffSize",0
"171","llr_repeatOrderSameSize_x_sameProductDiffSize",0
"172","llr_sameArticleDiffSize",0
"173","llr_sameArticleDiffSize_x_sameProductDiffSize",0
"174","llr_sameArticleDiffColor",0
"175","llr_sameProductDiffSize",0
