"Features","splits"
"llr_customerID_x_paymentMethod",3.65655049762805
"llr_customerID",3.30857107391652
"total_price_by_orderID",2.83472109074022
"discountProp",2.71417866555177
"llr_sameProductDiffSize_x_productGroup_rrp_of_10digit",2.52274921531839
"totalPrice_per_meanTime",2.28837070319679
"llr_articleID_x_sameArticleDiffSize",1.9316769917368
"llr_customerID_x_sameArticleDiffSize",1.72798867488945
"quantity",1.61806010370251
"totalPrice_minus_voucher",1.51740985603125
"llr_articleID_x_customerID",1.33222325772921
"llr_sameArticleDiffSize_x_sameArticleDiffColor",1.21543287035762
"customer_mean_rrp",1.1796551067807
"llr_sameArticleDiffSize_x_cluster_articleID_by_rrp_productgroup",1.06761803665733
"unit_price",1.05363593374905
"llr_articleID_x_colorhundreddigit",1.02387271112272
"llr_sameProductDiffSize_x_newproductgrouprrptwodigits_1",1.00433955358781
"total_rrp0_by_customerID",0.970824293144613
"total_rrp0_by_orderID",0.954554918174788
"llr_customerID_x_sameProductDiffSize",0.938285543204963
"llr_sameArticleDiffSize_x_article_t_h",0.901994755448451
"llr_repeat_color_x_repeat_article",0.828974462539285
"llr_articleID_x_repeat_size",0.815968870134551
"llr_colorlasttwodigit_x_cluster_articleID_by_rrp_productgroup",0.799211239912954
"llr_articleID_x_paymentMethod",0.758729696943437
"llr_customerID_x_general_holiday",0.735469270519474
"llr_sameArticleDiffSize_x_binned_new_productGroup_option_1",0.718711640297877
"articleVsProduct_per_order",0.705217792641371
"llr_max_freq_paymeth_letters_by_custome_x_newproductgrouprrptwodigits_1",0.695451213873914
"colors_db_total_quantity",0.674966314763269
"llr_voucherID_x_customerID",0.674966314763269
"llr_sameArticleDiffColor_x_max_freq_color_code",0.651705888339306
"llr_customerID_x_deviceID",0.6382120406828
"llr_customerID_x_legal_holiday",0.631220989228661
"llr_productGroup_x_customerID",0.631220989228661
"llr_repeat_size_x_repeat_article",0.607960562804698
"llr_week_x_sameArticleDiffSize",0.594466715148192
"llr_customerID_x_newproductgrouprrptwodigits_1",0.561439709956771
"products_db_total_quantity",0.551673131189313
"llr_customerID_x_repeat_article",0.535403756219488
"llr_paymentMethod_x_repeat_color",0.514918857108844
"llr_paymentMethod_x_sameProductDiffSize",0.514918857108844
"llr_productGroup_article_t_h_x_max_freq_color_code",0.507927805654705
"llr_sameProductDiffSize_x_article_t_h",0.498161226887247
"llr_productGroup_x_sameProductDiffSize",0.49165843068488
"customer_median_voucherAmount",0.485155634482513
"llr_articleID_x_sizeCode",0.478652838280146
"revisit_in_one_week",0.478652838280146
"size_num",0.478652838280146
"llr_customerID_x_article_t_h",0.465158990623641
"llr_customerID_x_num_size_by_articleID_productgroup",0.455392411856183
"llr_customerID_x_productGroup_article_t_h",0.441898564199677
"customer_median_rrp",0.425629189229852
"llr_customerID_x_productGroup_rrp_of_100digit",0.419126393027485
"unit_price_minus_mean_price_by_articleID",0.419126393027485
"runningTotalOrders",0.412623596825118
"articleID_last4",0.396354221855294
"llr_customerID_x_dow",0.396354221855294
"llr_repeatOrderSameSize_x_num_color_by_articleID_productgroup",0.389363170401155
"llr_repeat_product_x_productGroup_rrp_of_10digit",0.389363170401155
"llr_articleID_x_extreme_size",0.382860374198788
"llr_repeat_color_x_max_freq_paymeth_letters_by_custome",0.37309379543133
"llr_sizeCode_x_extreme_size",0.366102743977191
"articleVsColor_per_order",0.359599947774824
"l",0.352608896320686
"llr_customerID_x_voucher_Amount_coupon",0.352608896320686
"llr_paymentMethod_x_colorlastthreesum",0.352608896320686
"llr_repeat_color_x_max_freq_color_code",0.352608896320686
"llr_customerID_x_repeat_color",0.346106100118319
"price",0.33911504866418
"llr_businessCustomer_x_repeat_article",0.332612252461813
"llr_sizeCode_x_dow",0.322845673694355
"runningTotalItems",0.322845673694355
"llr_articleID_x_productGroup_article_t_h",0.316342877491988
"llr_articleID_x_repeat_article",0.309351826037849
"llr_sameProductDiffSize_x_repeat_article",0.309351826037849
"llr_voucherID_x_sameProductDiffSize",0.309351826037849
"llr_week_x_colorlastthree",0.302360774583711
"n_days_articleSize",0.292594195816253
"time_since_article_first_appearance",0.292594195816253
"llr_customerID_x_colorhundreddigit",0.286091399613886
"llr_repeat_size_x_max_freq_color_code",0.286091399613886
"llr_sameArticleDiffColor_x_colorlastthree",0.286091399613886
"time_since_color_first_appearance",0.276324820846428
"uniqueSizes_per_order",0.276324820846428
"customer_std_price",0.269822024644061
"llr_deviceID_x_dow",0.269822024644061
"llr_deviceID_x_unitprice_vary_within_week_by_articleID",0.269822024644061
"n_days_articleColor",0.262830973189922
"customer_color_counts",0.256328176987556
"customer_order_size_prop",0.256328176987556
"customer_prod_counts",0.256328176987556
"llr_articleID_x_max_freq_paymeth_letters_by_custome",0.256328176987556
"llr_customerID_x_pattern_paste_numofcolor_numofsize_by_article_productgroup",0.256328176987556
"llr_sizeCode_x_customerID",0.256328176987556
"llr_voucherID_x_colorhundreddigit",0.256328176987556
"median_price_per_article",0.239570546765959
"clustCustomer2",0.233067750563592
"customer_mean_price",0.233067750563592
"customer_size_counts",0.233067750563592
"customer_std_rrp",0.233067750563592
"llr_articleID_x_repeat_product",0.233067750563592
"llr_article_t_h_x_max_freq_color_code",0.233067750563592
"llr_colorlastthreesum_x_max_freq_color_code",0.233067750563592
"llr_customerID_x_productGroup_rrp_of_1digit",0.233067750563592
"llr_customerID_x_sameArticleDiffColor",0.233067750563592
"llr_productGroup_article_t_h_x_productGroup_rrp_of_10digit",0.233067750563592
"llr_sameArticleDiffSize_x_num_color_by_articleID_productgroup",0.233067750563592
"mean_price_per_article",0.233067750563592
"sizes_db_total_quantity",0.226076699109453
"articles_db_total_quantity",0.219573902907086
"customer_product_quantity",0.219573902907086
"llr_businessCustomer_x_max_freq_color_code",0.209807324139629
"llr_colorlasttwodigit_x_max_freq_color_code",0.209807324139629
"llr_productGroup_x_week",0.209807324139629
"llr_week_x_unitprice_vary_within_week_by_articleID",0.209807324139629
"productVsSize_per_order",0.209807324139629
"time_between",0.209807324139629
"llr_articleID_x_repeat_color",0.203304527937262
"llr_colorlasttwodigit_x_productGroup_rrp_of_100digit",0.203304527937262
"llr_customerID_x_repeatOrderSameSize",0.196313476483123
"llr_deviceID_x_week",0.196313476483123
"llr_repeat_article_x_colorlasttwodigit",0.196313476483123
"llr_repeat_size_x_extreme_size",0.196313476483123
"llr_sameArticleDiffColor_x_cluster_articleID_by_rrp_productgroup",0.196313476483123
"llr_week_x_colorhundreddigit",0.196313476483123
"llr_week_x_sameArticleDiffColor",0.196313476483123
"n_orders",0.196313476483123
"customer_order_product_prop",0.189810680280756
"end_voucherAmount",0.180044101513298
"freqColorCode_last3",0.180044101513298
"llr_deviceID_x_sameArticleDiffColor",0.180044101513298
"llr_dow_x_businessCustomer2",0.180044101513298
"llr_paymentMethod_x_businessCustomer",0.180044101513298
"llr_paymentMethod_x_unitprice_vary_within_week_by_articleID",0.180044101513298
"llr_productGroup_x_sameArticleDiffSize",0.180044101513298
"llr_repeat_product_x_max_freq_paymeth_letters_by_custome",0.173053050059159
"llr_sameArticleDiffColor_x_newproductgrouprrptwodigits_1",0.173053050059159
"llr_sameProductDiffSize_x_productGroup_article_t_h",0.173053050059159
"llr_sizeCode_x_sameArticleDiffSize",0.173053050059159
"llr_voucherID_x_extreme_size",0.173053050059159
"llr_voucherID_x_num_color_by_articleID_productgroup",0.173053050059159
"llr_voucherID_x_week",0.173053050059159
"n_quantity_1w",0.173053050059159
"n_quantity_3m",0.173053050059159
"total_price_per_day",0.173053050059159
"articleID_hundreds",0.166550253856792
"articleVsSize_per_order",0.166550253856792
"customer_visits",0.166550253856792
"llr_colorCode_x_sameProductDiffSize",0.156783675089335
"llr_num_color_by_articleID_productgroup_x_unitprice_vary_within_week_by_articleID",0.156783675089335
"llr_paymentMethod_x_extreme_size",0.156783675089335
"llr_sameArticleDiffColor_x_colorlastthreesum",0.156783675089335
"llr_sameArticleDiffColor_x_productGroup_article_t_h",0.156783675089335
"llr_sameArticleDiffSize_x_unitprice_vary_within_month_by_articleID",0.156783675089335
"llr_sameProductDiffSize_x_max_freq_color_code",0.156783675089335
"llr_sizeCode_x_productGroup_rrp_of_1digit",0.156783675089335
"llr_sizeCode_x_sameProductDiffSize",0.149792623635196
"llr_unitprice_vary_within_week_by_articleID_x_extreme_size",0.149792623635196
"n_quantity_2w",0.149792623635196
"revisit_in_one_month",0.149792623635196
"rrp",0.149792623635196
"customer_art_counts",0.143289827432829
"customer_median_price",0.143289827432829
"customer_size_quantity",0.143289827432829
"l2",0.143289827432829
"llr_articleID_x_colorCode",0.143289827432829
"llr_articleID_x_deviceID",0.143289827432829
"llr_articleID_x_sameArticleDiffColor",0.143289827432829
"llr_articleID_x_sameProductDiffSize",0.143289827432829
"llr_colorCode_x_unitprice_vary_within_week_by_articleID",0.143289827432829
"llr_max_freq_paymeth_letters_by_custome_x_productGroup_rrp_of_10digit",0.143289827432829
"llr_pattern_paste_numofcolor_numofsize_by_article_productgroup_x_productGroup_article_t_h",0.143289827432829
"llr_paymentMethod_x_newproductgrouprrptwodigits_1",0.143289827432829
"llr_productGroup_x_deviceID",0.143289827432829
"llr_repeat_article_x_productGroup_rrp_of_1digit",0.143289827432829
"llr_sameProductDiffSize_x_legal_holiday",0.143289827432829
"llr_sameProductDiffSize_x_unitprice_vary_within_month_by_articleID",0.143289827432829
"llr_sameProductDiffSize_x_voucher_Amount_coupon",0.13629877597869
"llr_sizeCode_x_colorlasttwodigit",0.13629877597869
"llr_unitprice_vary_within_week_by_articleID_x_max_freq_paymeth_letters_by_custome",0.13629877597869
"llr_voucherID_x_max_freq_paymeth_letters_by_custome",0.13629877597869
"orders_per_meanTime",0.13629877597869
"uniqueColors_per_order",0.13629877597869
"freqColorCode_ones",0.120029401008865
"llr_businessCustomer2_x_voucher_Amount_coupon",0.120029401008865
"llr_colorlastthree_x_voucher_Amount_coupon",0.120029401008865
"llr_colorlasttwodigit_x_num_color_by_articleID_productgroup",0.120029401008865
"llr_customerID_x_any_holiday",0.120029401008865
"llr_customerID_x_max_freq_color_code",0.120029401008865
"llr_customerID_x_unitprice_vary_within_month_by_articleID",0.120029401008865
"llr_customerID_x_unitprice_vary_within_week_by_articleID",0.120029401008865
"llr_deviceID_x_max_freq_color_code",0.120029401008865
"llr_deviceID_x_newproductgrouprrptwodigits_1",0.120029401008865
"llr_deviceID_x_repeat_size",0.120029401008865
"llr_general_holiday_x_repeat_product",0.120029401008865
"llr_legal_holiday_x_unitprice_vary_within_month_by_articleID",0.120029401008865
"llr_paymentMethod_x_cluster_articleID_by_rrp_productgroup",0.120029401008865
"llr_paymentMethod_x_max_freq_color_code",0.120029401008865
"llr_paymentMethod_x_num_color_by_articleID_productgroup",0.120029401008865
"llr_productGroup_x_max_freq_paymeth_letters_by_custome",0.120029401008865
"llr_repeat_article_x_max_freq_color_code",0.120029401008865
"llr_sameArticleDiffColor_x_productGroup_rrp_of_10digit",0.120029401008865
"llr_sameArticleDiffSize_x_max_freq_paymeth_letters_by_custome",0.120029401008865
"llr_sizeCode_x_voucherID",0.120029401008865
"llr_unitprice_vary_within_month_by_articleID_x_article_t_h",0.113038349554727
"productVsColor_per_order",0.113038349554727
"sizeVsColor_per_order",0.113038349554727
"total_rrp0_by_colorCode",0.113038349554727
"customer_std_voucherAmount",0.10653555335236
"llr_businessCustomer2_x_pattern_paste_numofcolor_numofsize_by_article_productgroup",0.10653555335236
"llr_colorCode_x_article_t_h",0.10653555335236
"llr_colorlasttwodigit_x_num_size_by_articleID_productgroup",0.10653555335236
"llr_colorlasttwodigit_x_productGroup_rrp_of_1digit",0.10653555335236
"llr_customerID_x_extreme_size",0.10653555335236
"llr_customerID_x_repeat_size",0.10653555335236
"llr_dow_x_pattern_paste_numofcolor_numofsize_by_article_productgroup",0.10653555335236
"llr_dow_x_unitprice_vary_within_week_by_articleID",0.10653555335236
"llr_max_freq_color_code_x_productGroup_rrp_of_1digit",0.10653555335236
"llr_num_color_by_articleID_productgroup_x_productGroup_rrp_of_10digit",0.10653555335236
"llr_pattern_paste_numofcolor_numofsize_by_article_productgroup_x_max_freq_paymeth_letters_by_custome",0.10653555335236
"llr_pattern_paste_numofcolor_numofsize_by_article_productgroup_x_productGroup_rrp_of_100digit",0.10653555335236
"llr_paymentMethod_x_productGroup_rrp_of_100digit",0.10653555335236
"llr_repeatOrderSameSize_x_newproductgrouprrptwodigits_1",0.10653555335236
"llr_repeat_color_x_colorlastthreesum",0.10653555335236
"llr_sameArticleDiffColor_x_productGroup_rrp_of_1digit",0.10653555335236
"llr_sameArticleDiffColor_x_repeat_product",0.10653555335236
"llr_sameArticleDiffColor_x_unitprice_vary_within_week_by_articleID",0.0967689745849019
"llr_unitprice_vary_within_month_by_articleID_x_max_freq_color_code",0.0967689745849019
"llr_unitprice_vary_within_week_by_articleID_x_article_t_h",0.0897779231307632
"max_price_per_article",0.0897779231307632
"n_days_voucherArticle",0.0897779231307632
"quantity_prop",0.0897779231307632
"t.price",0.0897779231307632
"voucherID_last2",0.0897779231307632
"llr_any_holiday_x_num_color_by_articleID_productgroup",0.0832751269283962
"llr_colorCode_x_extreme_size",0.0832751269283962
"llr_colorhundreddigit_x_colorlastthree",0.0832751269283962
"llr_colorhundreddigit_x_max_freq_color_code",0.0832751269283962
"llr_colorlasttwodigit_x_max_freq_paymeth_letters_by_custome",0.0832751269283962
"llr_customerID_x_repeat_product",0.0832751269283962
"llr_deviceID_x_max_freq_paymeth_letters_by_custome",0.0832751269283962
"llr_deviceID_x_paymentMethod",0.0832751269283962
"llr_dow_x_businessCustomer",0.0832751269283962
"llr_dow_x_colorlastthreesum",0.0832751269283962
"llr_dow_x_extreme_size",0.0832751269283962
"llr_dow_x_repeat_color",0.0832751269283962
"llr_dow_x_repeat_size",0.0832751269283962
"llr_general_holiday_x_unitprice_vary_within_week_by_articleID",0.0832751269283962
"llr_legal_holiday_x_max_freq_color_code",0.0832751269283962
"llr_max_freq_paymeth_letters_by_custome_x_productGroup_rrp_of_1digit",0.0832751269283962
"llr_pattern_paste_numofcolor_numofsize_by_article_productgroup_x_unitprice_vary_within_month_by_articleID",0.0832751269283962
"llr_paymentMethod_x_productGroup_rrp_of_10digit",0.0832751269283962
"llr_paymentMethod_x_productGroup_rrp_of_1digit",0.0832751269283962
"llr_productGroup_x_voucherID",0.0832751269283962
"llr_repeatOrderSameSize_x_unitprice_vary_within_week_by_articleID",0.0832751269283962
"llr_repeat_article_x_max_freq_paymeth_letters_by_custome",0.0832751269283962
"llr_repeat_product_x_cluster_articleID_by_rrp_productgroup",0.0832751269283962
"llr_repeat_product_x_colorlastthree",0.0832751269283962
"llr_sameArticleDiffColor_x_num_color_by_articleID_productgroup",0.0832751269283962
"llr_sameArticleDiffSize_x_colorlasttwodigit",0.0762840754742575
"llr_sizeCode_x_businessCustomer",0.0762840754742575
"llr_sizeCode_x_pattern_paste_numofcolor_numofsize_by_article_productgroup",0.0762840754742575
"llr_voucherID_x_colorlastthree",0.0762840754742575
"llr_voucherID_x_colorlastthreesum",0.0762840754742575
"llr_voucherID_x_deviceID",0.0762840754742575
"llr_voucherID_x_repeat_size",0.0762840754742575
"llr_voucherID_x_sameArticleDiffColor",0.0762840754742575
"max_price_per_size",0.0762840754742575
"paymentMethod_per_customer",0.0762840754742575
"runningTotalVoucherAmount",0.0762840754742575
"total_price_by_articleID",0.0762840754742575
"any_holiday",0.0697812792718904
"articleID_last2",0.0697812792718904
"customer_article_quantity",0.0697812792718904
"customer_mean_voucherAmount",0.0697812792718904
"customer_order_article_prop",0.0697812792718904
"llr_any_holiday_x_colorlasttwodigit",0.0697812792718904
"llr_articleID_x_num_color_by_articleID_productgroup",0.0697812792718904
"llr_articleID_x_num_size_by_articleID_productgroup",0.0697812792718904
"llr_businessCustomer2_x_colorhundreddigit",0.0697812792718904
"llr_businessCustomer2_x_colorlastthreesum",0.0697812792718904
"llr_businessCustomer_x_repeat_color",0.0600147005044327
"llr_colorCode_x_customerID",0.0600147005044327
"llr_colorCode_x_num_color_by_articleID_productgroup",0.0600147005044327
"llr_colorCode_x_productGroup",0.0600147005044327
"llr_colorCode_x_week",0.0600147005044327
"llr_colorlastthree_x_productGroup_rrp_of_100digit",0.0600147005044327
"llr_colorlastthreesum_x_num_color_by_articleID_productgroup",0.0600147005044327
"llr_colorlasttwodigit_x_newproductgrouprrptwodigits_1",0.0600147005044327
"llr_colorlasttwodigit_x_pattern_paste_numofcolor_numofsize_by_article_productgroup",0.0600147005044327
"llr_colorlasttwodigit_x_voucher_Amount_coupon",0.0600147005044327
"llr_customerID_x_cluster_articleID_by_rrp_productgroup",0.0600147005044327
"llr_dow_x_article_t_h",0.0600147005044327
"llr_dow_x_repeat_product",0.0600147005044327
"llr_dow_x_sameArticleDiffColor",0.0600147005044327
"llr_dow_x_sameArticleDiffSize",0.0600147005044327
"llr_dow_x_sameProductDiffSize",0.0600147005044327
"llr_dow_x_week",0.0600147005044327
"llr_max_freq_color_code",0.0600147005044327
"llr_productGroup_x_max_freq_color_code",0.0600147005044327
"llr_productGroup_x_num_color_by_articleID_productgroup",0.0600147005044327
"llr_repeatOrderSameSize_x_repeat_product",0.0600147005044327
"llr_repeat_product_x_extreme_size",0.0600147005044327
"llr_repeat_product_x_num_color_by_articleID_productgroup",0.053023649050294
"llr_repeat_product_x_productGroup_rrp_of_1digit",0.053023649050294
"llr_repeat_size_x_article_t_h",0.053023649050294
"llr_repeat_size_x_productGroup_article_t_h",0.053023649050294
"llr_sameArticleDiffSize_x_extreme_size",0.053023649050294
"llr_sameProductDiffSize_x_any_holiday",0.053023649050294
"llr_sameProductDiffSize_x_unitprice_vary_within_week_by_articleID",0.053023649050294
"llr_sizeCode_x_cluster_articleID_by_rrp_productgroup",0.053023649050294
"llr_sizeCode_x_max_freq_color_code",0.053023649050294
"llr_sizeCode_x_newproductgrouprrptwodigits_1",0.053023649050294
"llr_sizeCode_x_repeat_color",0.053023649050294
"llr_sizeCode_x_unitprice_vary_within_week_by_articleID",0.053023649050294
"llr_unitprice_vary_within_month_by_articleID_x_productGroup_rrp_of_1digit",0.053023649050294
"llr_voucherID_x_pattern_paste_numofcolor_numofsize_by_article_productgroup",0.053023649050294
"llr_voucherID_x_repeat_product",0.053023649050294
"llr_week_x_repeat_color",0.053023649050294
"llr_week_x_sameProductDiffSize",0.053023649050294
"median_price_day",0.053023649050294
"median_price_per_color",0.053023649050294
"n_days_articleID",0.053023649050294
"n_days_voucherColor",0.053023649050294
"n_quantity_1m",0.053023649050294
"revisit_in_three_month",0.053023649050294
"total_voucherAmount_by_colorCode",0.053023649050294
"uniqueProducts_per_order",0.053023649050294
"articleID_last3",0.046520852847927
"end_unit_price",0.046520852847927
"llr_articleID_x_colorlastthreesum",0.046520852847927
"llr_articleID_x_colorlasttwodigit",0.046520852847927
"llr_articleID_x_dow",0.046520852847927
"llr_article_t_h_x_cluster_articleID_by_rrp_productgroup",0.046520852847927
"llr_businessCustomer2_x_repeat_article",0.046520852847927
"llr_cluster_articleID_by_rrp_productgroup_x_max_freq_color_code",0.046520852847927
"llr_colorCode_x_voucherID",0.046520852847927
"llr_colorhundreddigit_x_unitprice_vary_within_week_by_articleID",0.046520852847927
"llr_colorlastthreesum_x_unitprice_vary_within_week_by_articleID",0.046520852847927
"llr_colorlasttwodigit_x_unitprice_vary_within_month_by_articleID",0.046520852847927
"llr_deviceID_x_cluster_articleID_by_rrp_productgroup",0.046520852847927
"llr_deviceID_x_colorlastthree",0.046520852847927
"llr_deviceID_x_productGroup_rrp_of_1digit",0.046520852847927
"llr_general_holiday_x_max_freq_paymeth_letters_by_custome",0.0367542740804692
"llr_general_holiday_x_productGroup_article_t_h",0.0367542740804692
"llr_num_color_by_articleID_productgroup_x_max_freq_color_code",0.0367542740804692
"llr_num_color_by_articleID_productgroup_x_max_freq_paymeth_letters_by_custome",0.0367542740804692
"llr_pattern_paste_numofcolor_numofsize_by_article_productgroup_x_productGroup_rrp_of_1digit",0.0367542740804692
"llr_paymentMethod_x_dow",0.0367542740804692
"llr_paymentMethod_x_pattern_paste_numofcolor_numofsize_by_article_productgroup",0.0367542740804692
"llr_paymentMethod_x_repeatOrderSameSize",0.0367542740804692
"llr_paymentMethod_x_repeat_size",0.0367542740804692
"llr_productGroup_article_t_h_x_max_freq_paymeth_letters_by_custome",0.0367542740804692
"llr_productGroup_article_t_h_x_newproductgrouprrptwodigits_1",0.0367542740804692
"llr_productGroup_x_num_size_by_articleID_productgroup",0.0367542740804692
"llr_productGroup_x_repeatOrderSameSize",0.0367542740804692
"llr_productGroup_x_repeat_article",0.0367542740804692
"llr_productGroup_x_repeat_product",0.0367542740804692
"llr_productGroup_x_repeat_size",0.0367542740804692
"llr_repeatOrderSameSize_x_general_holiday",0.0367542740804692
"llr_repeat_article_x_colorlastthreesum",0.0367542740804692
"llr_repeat_color_x_pattern_paste_numofcolor_numofsize_by_article_productgroup",0.0367542740804692
"llr_repeat_color_x_unitprice_vary_within_week_by_articleID",0.0367542740804692
"llr_repeat_product_x_colorhundreddigit",0.0297632226263305
"llr_repeat_size_x_colorlastthreesum",0.0297632226263305
"llr_sameArticleDiffColor_x_productGroup_rrp_of_100digit",0.0297632226263305
"llr_sameProductDiffSize_x_colorhundreddigit",0.0297632226263305
"llr_sameProductDiffSize_x_num_color_by_articleID_productgroup",0.0297632226263305
"llr_sameProductDiffSize_x_repeat_size",0.0297632226263305
"llr_sizeCode_x_article_t_h",0.0297632226263305
"llr_sizeCode_x_colorlastthreesum",0.0297632226263305
"llr_sizeCode_x_sameArticleDiffColor",0.0297632226263305
"llr_unitprice_vary_within_month_by_articleID_x_max_freq_paymeth_letters_by_custome",0.0297632226263305
"llr_voucherID_x_article_t_h",0.0297632226263305
"llr_voucherID_x_dow",0.0297632226263305
"llr_voucherID_x_voucher_Amount_coupon",0.0297632226263305
"llr_week_x_num_color_by_articleID_productgroup",0.0297632226263305
"llr_week_x_repeat_article",0.0297632226263305
"median_price_per_product",0.0297632226263305
"min_price_per_article",0.0297632226263305
"total_rrp0_by_articleID",0.0297632226263305
"uniqueArticles_per_order",0.0297632226263305
"articles_per_day",0.0232604264239635
"avg_voucherAmt_per_day",0.0232604264239635
"customer_color_quantity",0.0232604264239635
"customer_order_color_prop",0.0232604264239635
"llr_any_holiday_x_repeat_color",0.0232604264239635
"llr_articleID_x_businessCustomer2",0.0232604264239635
"llr_articleID_x_legal_holiday",0.0232604264239635
"llr_articleID_x_unitprice_vary_within_month_by_articleID",0.0232604264239635
"llr_article_t_h_x_newproductgrouprrptwodigits_1",0.0232604264239635
"llr_businessCustomer_x_cluster_articleID_by_rrp_productgroup",0.0232604264239635
"llr_businessCustomer_x_max_freq_paymeth_letters_by_custome",0.0232604264239635
"llr_businessCustomer_x_num_size_by_articleID_productgroup",0.0232604264239635
"llr_colorCode_x_cluster_articleID_by_rrp_productgroup",0.0232604264239635
"llr_colorCode_x_dow",0.0232604264239635
"llr_colorCode_x_newproductgrouprrptwodigits_1",0.0232604264239635
"llr_colorCode_x_productGroup_rrp_of_1digit",0.0232604264239635
"llr_colorCode_x_sameArticleDiffColor",0.0232604264239635
"llr_colorhundreddigit_x_productGroup_rrp_of_1digit",0.0232604264239635
"llr_colorlastthree_x_cluster_articleID_by_rrp_productgroup",0.0232604264239635
"llr_colorlastthree_x_newproductgrouprrptwodigits_1",0.0232604264239635
"llr_colorlastthree_x_pattern_paste_numofcolor_numofsize_by_article_productgroup",0.0232604264239635
"llr_colorlastthree_x_unitprice_vary_within_month_by_articleID",0.0232604264239635
"llr_customerID_x_num_color_by_articleID_productgroup",0.0232604264239635
"llr_deviceID_x_general_holiday",0.0232604264239635
"llr_deviceID_x_repeat_product",0.0232604264239635
"llr_deviceID_x_unitprice_vary_within_month_by_articleID",0.0232604264239635
"llr_dow_x_max_freq_color_code",0.0232604264239635
"llr_dow_x_max_freq_paymeth_letters_by_custome",0.0232604264239635
"llr_extreme_size_x_newproductgrouprrptwodigits_1",0.0232604264239635
"llr_general_holiday_x_num_color_by_articleID_productgroup",0.0232604264239635
"llr_general_holiday_x_num_size_by_articleID_productgroup",0.0232604264239635
"llr_legal_holiday_x_article_t_h",0.0232604264239635
"llr_legal_holiday_x_extreme_size",0.0232604264239635
"llr_legal_holiday_x_newproductgrouprrptwodigits_1",0.0232604264239635
"llr_legal_holiday_x_unitprice_vary_within_week_by_articleID",0.0232604264239635
"llr_max_freq_paymeth_letters_by_custome",0.0232604264239635
"llr_num_color_by_articleID_productgroup_x_cluster_articleID_by_rrp_productgroup",0.0232604264239635
"llr_num_color_by_articleID_productgroup_x_extreme_size",0.0232604264239635
"llr_num_size_by_articleID_productgroup_x_max_freq_paymeth_letters_by_custome",0.0232604264239635
"llr_num_size_by_articleID_productgroup_x_productGroup_article_t_h",0.0232604264239635
"llr_paymentMethod",0.0232604264239635
"llr_paymentMethod_x_article_t_h",0.0232604264239635
"llr_paymentMethod_x_sameArticleDiffSize",0.0232604264239635
"llr_paymentMethod_x_voucher_Amount_coupon",0.0232604264239635
"llr_paymentMethod_x_week",0.0232604264239635
"llr_productGroup_article_t_h_x_extreme_size",0.0232604264239635
"llr_repeatOrderSameSize_x_colorhundreddigit",0.0232604264239635
"llr_repeatOrderSameSize_x_repeat_size",0.0232604264239635
"llr_repeatOrderSameSize_x_sameProductDiffSize",0.0232604264239635
"llr_repeat_article_x_colorlastthree",0.0232604264239635
"llr_repeat_article_x_unitprice_vary_within_month_by_articleID",0.0232604264239635
"llr_repeat_color_x_num_color_by_articleID_productgroup",0.0232604264239635
"llr_repeat_product_x_article_t_h",0.0232604264239635
"llr_repeat_product_x_max_freq_color_code",0.0232604264239635
"llr_repeat_product_x_voucher_Amount_coupon",0.0232604264239635
"llr_repeat_size_x_colorlastthree",0.0232604264239635
"llr_sameArticleDiffColor_x_colorhundreddigit",0.0232604264239635
"llr_sameArticleDiffColor_x_colorlasttwodigit",0.0232604264239635
"llr_sameArticleDiffColor_x_repeat_size",0.0232604264239635
"llr_sameArticleDiffColor_x_unitprice_vary_within_month_by_articleID",0.0232604264239635
"llr_sameArticleDiffSize_x_colorhundreddigit",0.0134938476565057
"llr_sameArticleDiffSize_x_newproductgrouprrptwodigits_1",0.0134938476565057
"llr_sameArticleDiffSize_x_productGroup_article_t_h",0.0134938476565057
"llr_sameArticleDiffSize_x_repeat_product",0.0134938476565057
"llr_sameArticleDiffSize_x_unitprice_vary_within_week_by_articleID",0.0134938476565057
"llr_sameProductDiffSize_x_productGroup_rrp_of_1digit",0.0134938476565057
"llr_sizeCode_x_productGroup_article_t_h",0.0134938476565057
"llr_sizeCode_x_productGroup_rrp_of_10digit",0.0134938476565057
"llr_sizeCode_x_repeat_product",0.0134938476565057
"llr_unitprice_vary_within_month_by_articleID_x_binned_new_productGroup_option_1",0.0134938476565057
"llr_unitprice_vary_within_month_by_articleID_x_productGroup_article_t_h",0.0134938476565057
"llr_voucherID_x_productGroup_article_t_h",0.0134938476565057
"llr_voucherID_x_repeat_article",0.0134938476565057
"llr_voucherID_x_repeat_color",0.0134938476565057
"llr_voucherID_x_unitprice_vary_within_month_by_articleID",0.0134938476565057
"llr_week_x_cluster_articleID_by_rrp_productgroup",0.00650279620236702
"llr_week_x_max_freq_color_code",0.00650279620236702
"llr_week_x_productGroup_rrp_of_1digit",0.00650279620236702
"mean_price_per_product",0.00650279620236702
"mean_price_per_size",0.00650279620236702
"mean_time_between",0.00650279620236702
"quantity_per_customer",0.00650279620236702
"sameArticleDiffSize",0.00650279620236702
"t.rrp",0.00650279620236702
"total_price_by_productGroup0",0.00650279620236702
"total_rrp_per_day",0.00650279620236702
"total_voucherAmount_by_articleID",0.00650279620236702
"total_voucherAmount_by_customerID",0.00650279620236702
"total_voucherAmount_by_orderID",0.00650279620236702
"total_voucherAmount_by_productGroup0",0.00650279620236702
"voucherAmount",0.00650279620236702
"vouchers_per_day",0.00650279620236702
"min_price_per_size",0
"median_price_per_size",0
"articleID_thousands",0
"articleID_tens",0
"articleID_ones",0
"businessCustomer",0
"extreme_size",0
"freqColorCode_last2",0
"freqColorCode_hundreds",0
"freqColorCode_tens",0
"end_price",0
"total_price_by_colorCode",0
"total_rrp0_by_productGroup0",0
"freqSizeCode",0
"freqColorCode",0
"freqArticleID",0
"freqProductGroup",0
"discountProp.1",0
"end_rrp",0
"n_days_voucherID",0
"n_days_voucherSize",0
"n_days_voucherProd",0
"legal_holiday",0
"general_holiday",0
"diff_rrp_min_unitprice",0
"ratio_unitprice_divide_rrp",0
"voucherAmount_divided_total_price_by_order",0
"voucherAmount_divided_ttal_rrp_by_order",0
"total_rrp_min_total_price_by_order",0
"min_price_per_product",0
"max_price_per_product",0
"businessCustomer2",0
"min_price_per_color",0
"max_price_per_color",0
"mean_price_per_color",0
"n_quantity_6m",0
"quantity_per_article",0
"quantity_per_size",0
"quantity_per_color",0
"quantity_per_product",0
"time_between2",0
"avg_price_per_day",0
"total_voucherAmt_per_day",0
"median_voucherAmt_per_day",0
"avg_rrp_per_day",0
"median_rrp_per_day",0
"customer_per_day",0
"repeatOrderSameSize",0
"sameArticleDiffColor",0
"sameProductDiffSize",0
"voucherID_last3",0
"voucherID_hundreds",0
"voucherID_tens",0
"voucherID_ones",0
"size_num_train",0
"extreme_size_train",0
"totalVoucher_per_meanTime",0
"repeat_color",0
"repeat_size",0
"repeat_product",0
"repeat_article",0
"total_quantity_per_order",0
"llr_articleID",0
"llr_articleID_x_productGroup",0
"llr_articleID_x_voucherID",0
"llr_articleID_x_month",0
"llr_articleID_x_week",0
"llr_articleID_x_businessCustomer",0
"llr_articleID_x_repeatOrderSameSize",0
"llr_articleID_x_general_holiday",0
"llr_articleID_x_any_holiday",0
"llr_articleID_x_colorlastthree",0
"llr_articleID_x_voucher_Amount_coupon",0
"llr_articleID_x_pattern_paste_numofcolor_numofsize_by_article_productgroup",0
"llr_articleID_x_unitprice_vary_within_week_by_articleID",0
"llr_articleID_x_article_t_h",0
"llr_articleID_x_cluster_articleID_by_rrp_productgroup",0
"llr_articleID_x_max_freq_color_code",0
"llr_articleID_x_newproductgrouprrptwodigits_1",0
"llr_articleID_x_newproductgrouprrptwodigits_2",0
"llr_articleID_x_newproductgrouprrptwodigits_3",0
"llr_articleID_x_newproductgrouprrptwodigits_4",0
"llr_articleID_x_binned_new_productGroup_option_1",0
"llr_articleID_x_binned_new_productGroup_option_2",0
"llr_articleID_x_binned_new_productGroup_option_3",0
"llr_articleID_x_binned_new_productGroup_option_4",0
"llr_articleID_x_productGroup_rrp",0
"llr_articleID_x_productGroup_rrp_of_10digit",0
"llr_articleID_x_productGroup_rrp_of_100digit",0
"llr_articleID_x_productGroup_rrp_of_1digit",0
"llr_colorCode",0
"llr_colorCode_x_sizeCode",0
"llr_colorCode_x_deviceID",0
"llr_colorCode_x_paymentMethod",0
"llr_colorCode_x_month",0
"llr_colorCode_x_businessCustomer",0
"llr_colorCode_x_businessCustomer2",0
"llr_colorCode_x_repeatOrderSameSize",0
"llr_colorCode_x_sameArticleDiffSize",0
"llr_colorCode_x_legal_holiday",0
"llr_colorCode_x_general_holiday",0
"llr_colorCode_x_any_holiday",0
"llr_colorCode_x_repeat_color",0
"llr_colorCode_x_repeat_size",0
"llr_colorCode_x_repeat_product",0
"llr_colorCode_x_repeat_article",0
"llr_colorCode_x_colorhundreddigit",0
"llr_colorCode_x_colorlastthree",0
"llr_colorCode_x_colorlastthreesum",0
"llr_colorCode_x_colorlasttwodigit",0
"llr_colorCode_x_voucher_Amount_coupon",0
"llr_colorCode_x_num_size_by_articleID_productgroup",0
"llr_colorCode_x_pattern_paste_numofcolor_numofsize_by_article_productgroup",0
"llr_colorCode_x_unitprice_vary_within_month_by_articleID",0
"llr_colorCode_x_productGroup_article_t_h",0
"llr_colorCode_x_max_freq_paymeth_letters_by_custome",0
"llr_colorCode_x_max_freq_color_code",0
"llr_colorCode_x_newproductgrouprrptwodigits_2",0
"llr_colorCode_x_newproductgrouprrptwodigits_3",0
"llr_colorCode_x_newproductgrouprrptwodigits_4",0
"llr_colorCode_x_binned_new_productGroup_option_1",0
"llr_colorCode_x_binned_new_productGroup_option_2",0
"llr_colorCode_x_binned_new_productGroup_option_3",0
"llr_colorCode_x_binned_new_productGroup_option_4",0
"llr_colorCode_x_productGroup_rrp",0
"llr_colorCode_x_productGroup_rrp_of_10digit",0
"llr_colorCode_x_productGroup_rrp_of_100digit",0
"llr_sizeCode",0
"llr_sizeCode_x_productGroup",0
"llr_sizeCode_x_deviceID",0
"llr_sizeCode_x_paymentMethod",0
"llr_sizeCode_x_month",0
"llr_sizeCode_x_week",0
"llr_sizeCode_x_businessCustomer2",0
"llr_sizeCode_x_repeatOrderSameSize",0
"llr_sizeCode_x_legal_holiday",0
"llr_sizeCode_x_general_holiday",0
"llr_sizeCode_x_any_holiday",0
"llr_sizeCode_x_repeat_size",0
"llr_sizeCode_x_repeat_article",0
"llr_sizeCode_x_colorhundreddigit",0
"llr_sizeCode_x_colorlastthree",0
"llr_sizeCode_x_voucher_Amount_coupon",0
"llr_sizeCode_x_num_color_by_articleID_productgroup",0
"llr_sizeCode_x_num_size_by_articleID_productgroup",0
"llr_sizeCode_x_unitprice_vary_within_month_by_articleID",0
"llr_sizeCode_x_max_freq_paymeth_letters_by_custome",0
"llr_sizeCode_x_newproductgrouprrptwodigits_2",0
"llr_sizeCode_x_newproductgrouprrptwodigits_3",0
"llr_sizeCode_x_newproductgrouprrptwodigits_4",0
"llr_sizeCode_x_binned_new_productGroup_option_1",0
"llr_sizeCode_x_binned_new_productGroup_option_2",0
"llr_sizeCode_x_binned_new_productGroup_option_3",0
"llr_sizeCode_x_binned_new_productGroup_option_4",0
"llr_sizeCode_x_productGroup_rrp",0
"llr_sizeCode_x_productGroup_rrp_of_100digit",0
"llr_productGroup",0
"llr_productGroup_x_paymentMethod",0
"llr_productGroup_x_month",0
"llr_productGroup_x_dow",0
"llr_productGroup_x_businessCustomer",0
"llr_productGroup_x_businessCustomer2",0
"llr_productGroup_x_sameArticleDiffColor",0
"llr_productGroup_x_legal_holiday",0
"llr_productGroup_x_general_holiday",0
"llr_productGroup_x_any_holiday",0
"llr_productGroup_x_repeat_color",0
"llr_productGroup_x_colorhundreddigit",0
"llr_productGroup_x_colorlastthree",0
"llr_productGroup_x_colorlastthreesum",0
"llr_productGroup_x_colorlasttwodigit",0
"llr_productGroup_x_voucher_Amount_coupon",0
"llr_productGroup_x_pattern_paste_numofcolor_numofsize_by_article_productgroup",0
"llr_productGroup_x_unitprice_vary_within_week_by_articleID",0
"llr_productGroup_x_unitprice_vary_within_month_by_articleID",0
"llr_productGroup_x_article_t_h",0
"llr_productGroup_x_productGroup_article_t_h",0
"llr_productGroup_x_cluster_articleID_by_rrp_productgroup",0
"llr_productGroup_x_extreme_size",0
"llr_productGroup_x_newproductgrouprrptwodigits_1",0
"llr_productGroup_x_newproductgrouprrptwodigits_2",0
"llr_productGroup_x_newproductgrouprrptwodigits_3",0
"llr_productGroup_x_newproductgrouprrptwodigits_4",0
"llr_productGroup_x_binned_new_productGroup_option_1",0
"llr_productGroup_x_binned_new_productGroup_option_2",0
"llr_productGroup_x_binned_new_productGroup_option_3",0
"llr_productGroup_x_binned_new_productGroup_option_4",0
"llr_productGroup_x_productGroup_rrp",0
"llr_productGroup_x_productGroup_rrp_of_10digit",0
"llr_productGroup_x_productGroup_rrp_of_100digit",0
"llr_productGroup_x_productGroup_rrp_of_1digit",0
"llr_voucherID",0
"llr_voucherID_x_paymentMethod",0
"llr_voucherID_x_month",0
"llr_voucherID_x_businessCustomer",0
"llr_voucherID_x_businessCustomer2",0
"llr_voucherID_x_repeatOrderSameSize",0
"llr_voucherID_x_sameArticleDiffSize",0
"llr_voucherID_x_legal_holiday",0
"llr_voucherID_x_general_holiday",0
"llr_voucherID_x_any_holiday",0
"llr_voucherID_x_colorlasttwodigit",0
"llr_voucherID_x_num_size_by_articleID_productgroup",0
"llr_voucherID_x_unitprice_vary_within_week_by_articleID",0
"llr_voucherID_x_cluster_articleID_by_rrp_productgroup",0
"llr_voucherID_x_max_freq_color_code",0
"llr_voucherID_x_newproductgrouprrptwodigits_1",0
"llr_voucherID_x_newproductgrouprrptwodigits_2",0
"llr_voucherID_x_newproductgrouprrptwodigits_3",0
"llr_voucherID_x_newproductgrouprrptwodigits_4",0
"llr_voucherID_x_binned_new_productGroup_option_1",0
"llr_voucherID_x_binned_new_productGroup_option_2",0
"llr_voucherID_x_binned_new_productGroup_option_3",0
"llr_voucherID_x_binned_new_productGroup_option_4",0
"llr_voucherID_x_productGroup_rrp",0
"llr_voucherID_x_productGroup_rrp_of_10digit",0
"llr_voucherID_x_productGroup_rrp_of_100digit",0
"llr_voucherID_x_productGroup_rrp_of_1digit",0
"llr_customerID_x_month",0
"llr_customerID_x_week",0
"llr_customerID_x_businessCustomer",0
"llr_customerID_x_businessCustomer2",0
"llr_customerID_x_colorlastthree",0
"llr_customerID_x_colorlastthreesum",0
"llr_customerID_x_colorlasttwodigit",0
"llr_customerID_x_max_freq_paymeth_letters_by_custome",0
"llr_customerID_x_newproductgrouprrptwodigits_2",0
"llr_customerID_x_newproductgrouprrptwodigits_3",0
"llr_customerID_x_newproductgrouprrptwodigits_4",0
"llr_customerID_x_binned_new_productGroup_option_1",0
"llr_customerID_x_binned_new_productGroup_option_2",0
"llr_customerID_x_binned_new_productGroup_option_3",0
"llr_customerID_x_binned_new_productGroup_option_4",0
"llr_customerID_x_productGroup_rrp",0
"llr_customerID_x_productGroup_rrp_of_10digit",0
"llr_deviceID",0
"llr_deviceID_x_month",0
"llr_deviceID_x_businessCustomer",0
"llr_deviceID_x_businessCustomer2",0
"llr_deviceID_x_repeatOrderSameSize",0
"llr_deviceID_x_sameArticleDiffSize",0
"llr_deviceID_x_sameProductDiffSize",0
"llr_deviceID_x_legal_holiday",0
"llr_deviceID_x_any_holiday",0
"llr_deviceID_x_repeat_color",0
"llr_deviceID_x_repeat_article",0
"llr_deviceID_x_colorhundreddigit",0
"llr_deviceID_x_colorlastthreesum",0
"llr_deviceID_x_colorlasttwodigit",0
"llr_deviceID_x_voucher_Amount_coupon",0
"llr_deviceID_x_num_color_by_articleID_productgroup",0
"llr_deviceID_x_num_size_by_articleID_productgroup",0
"llr_deviceID_x_pattern_paste_numofcolor_numofsize_by_article_productgroup",0
"llr_deviceID_x_article_t_h",0
"llr_deviceID_x_productGroup_article_t_h",0
"llr_deviceID_x_extreme_size",0
"llr_deviceID_x_newproductgrouprrptwodigits_2",0
"llr_deviceID_x_newproductgrouprrptwodigits_3",0
"llr_deviceID_x_newproductgrouprrptwodigits_4",0
"llr_deviceID_x_binned_new_productGroup_option_1",0
"llr_deviceID_x_binned_new_productGroup_option_2",0
"llr_deviceID_x_binned_new_productGroup_option_3",0
"llr_deviceID_x_binned_new_productGroup_option_4",0
"llr_deviceID_x_productGroup_rrp",0
"llr_deviceID_x_productGroup_rrp_of_10digit",0
"llr_deviceID_x_productGroup_rrp_of_100digit",0
"llr_paymentMethod_x_month",0
"llr_paymentMethod_x_businessCustomer2",0
"llr_paymentMethod_x_sameArticleDiffColor",0
"llr_paymentMethod_x_legal_holiday",0
"llr_paymentMethod_x_general_holiday",0
"llr_paymentMethod_x_any_holiday",0
"llr_paymentMethod_x_repeat_product",0
"llr_paymentMethod_x_repeat_article",0
"llr_paymentMethod_x_colorhundreddigit",0
"llr_paymentMethod_x_colorlastthree",0
"llr_paymentMethod_x_colorlasttwodigit",0
"llr_paymentMethod_x_num_size_by_articleID_productgroup",0
"llr_paymentMethod_x_unitprice_vary_within_month_by_articleID",0
"llr_paymentMethod_x_productGroup_article_t_h",0
"llr_paymentMethod_x_max_freq_paymeth_letters_by_custome",0
"llr_paymentMethod_x_newproductgrouprrptwodigits_2",0
"llr_paymentMethod_x_newproductgrouprrptwodigits_3",0
"llr_paymentMethod_x_newproductgrouprrptwodigits_4",0
"llr_paymentMethod_x_binned_new_productGroup_option_1",0
"llr_paymentMethod_x_binned_new_productGroup_option_2",0
"llr_paymentMethod_x_binned_new_productGroup_option_3",0
"llr_paymentMethod_x_binned_new_productGroup_option_4",0
"llr_paymentMethod_x_productGroup_rrp",0
"llr_month",0
"llr_month_x_dow",0
"llr_month_x_week",0
"llr_month_x_businessCustomer",0
"llr_month_x_businessCustomer2",0
"llr_month_x_repeatOrderSameSize",0
"llr_month_x_sameArticleDiffSize",0
"llr_month_x_sameArticleDiffColor",0
"llr_month_x_sameProductDiffSize",0
"llr_month_x_legal_holiday",0
"llr_month_x_general_holiday",0
"llr_month_x_any_holiday",0
"llr_month_x_repeat_color",0
"llr_month_x_repeat_size",0
"llr_month_x_repeat_product",0
"llr_month_x_repeat_article",0
"llr_month_x_colorhundreddigit",0
"llr_month_x_colorlastthree",0
"llr_month_x_colorlastthreesum",0
"llr_month_x_colorlasttwodigit",0
"llr_month_x_voucher_Amount_coupon",0
"llr_month_x_num_color_by_articleID_productgroup",0
"llr_month_x_num_size_by_articleID_productgroup",0
"llr_month_x_pattern_paste_numofcolor_numofsize_by_article_productgroup",0
"llr_month_x_unitprice_vary_within_week_by_articleID",0
"llr_month_x_unitprice_vary_within_month_by_articleID",0
"llr_month_x_article_t_h",0
"llr_month_x_productGroup_article_t_h",0
"llr_month_x_cluster_articleID_by_rrp_productgroup",0
"llr_month_x_max_freq_paymeth_letters_by_custome",0
"llr_month_x_extreme_size",0
"llr_month_x_max_freq_color_code",0
"llr_month_x_newproductgrouprrptwodigits_1",0
"llr_month_x_newproductgrouprrptwodigits_2",0
"llr_month_x_newproductgrouprrptwodigits_3",0
"llr_month_x_newproductgrouprrptwodigits_4",0
"llr_month_x_binned_new_productGroup_option_1",0
"llr_month_x_binned_new_productGroup_option_2",0
"llr_month_x_binned_new_productGroup_option_3",0
"llr_month_x_binned_new_productGroup_option_4",0
"llr_month_x_productGroup_rrp",0
"llr_month_x_productGroup_rrp_of_10digit",0
"llr_month_x_productGroup_rrp_of_100digit",0
"llr_month_x_productGroup_rrp_of_1digit",0
"llr_dow",0
"llr_dow_x_repeatOrderSameSize",0
"llr_dow_x_legal_holiday",0
"llr_dow_x_general_holiday",0
"llr_dow_x_any_holiday",0
"llr_dow_x_repeat_article",0
"llr_dow_x_colorhundreddigit",0
"llr_dow_x_colorlastthree",0
"llr_dow_x_colorlasttwodigit",0
"llr_dow_x_voucher_Amount_coupon",0
"llr_dow_x_num_color_by_articleID_productgroup",0
"llr_dow_x_num_size_by_articleID_productgroup",0
"llr_dow_x_unitprice_vary_within_month_by_articleID",0
"llr_dow_x_productGroup_article_t_h",0
"llr_dow_x_cluster_articleID_by_rrp_productgroup",0
"llr_dow_x_newproductgrouprrptwodigits_1",0
"llr_dow_x_newproductgrouprrptwodigits_2",0
"llr_dow_x_newproductgrouprrptwodigits_3",0
"llr_dow_x_newproductgrouprrptwodigits_4",0
"llr_dow_x_binned_new_productGroup_option_1",0
"llr_dow_x_binned_new_productGroup_option_2",0
"llr_dow_x_binned_new_productGroup_option_3",0
"llr_dow_x_binned_new_productGroup_option_4",0
"llr_dow_x_productGroup_rrp",0
"llr_dow_x_productGroup_rrp_of_10digit",0
"llr_dow_x_productGroup_rrp_of_100digit",0
"llr_dow_x_productGroup_rrp_of_1digit",0
"llr_week",0
"llr_week_x_businessCustomer",0
"llr_week_x_businessCustomer2",0
"llr_week_x_repeatOrderSameSize",0
"llr_week_x_legal_holiday",0
"llr_week_x_general_holiday",0
"llr_week_x_any_holiday",0
"llr_week_x_repeat_size",0
"llr_week_x_repeat_product",0
"llr_week_x_colorlastthreesum",0
"llr_week_x_colorlasttwodigit",0
"llr_week_x_voucher_Amount_coupon",0
"llr_week_x_num_size_by_articleID_productgroup",0
"llr_week_x_pattern_paste_numofcolor_numofsize_by_article_productgroup",0
"llr_week_x_unitprice_vary_within_month_by_articleID",0
"llr_week_x_article_t_h",0
"llr_week_x_productGroup_article_t_h",0
"llr_week_x_max_freq_paymeth_letters_by_custome",0
"llr_week_x_extreme_size",0
"llr_week_x_newproductgrouprrptwodigits_1",0
"llr_week_x_newproductgrouprrptwodigits_2",0
"llr_week_x_newproductgrouprrptwodigits_3",0
"llr_week_x_newproductgrouprrptwodigits_4",0
"llr_week_x_binned_new_productGroup_option_1",0
"llr_week_x_binned_new_productGroup_option_2",0
"llr_week_x_binned_new_productGroup_option_3",0
"llr_week_x_binned_new_productGroup_option_4",0
"llr_week_x_productGroup_rrp",0
"llr_week_x_productGroup_rrp_of_10digit",0
"llr_week_x_productGroup_rrp_of_100digit",0
"llr_businessCustomer_x_businessCustomer2",0
"llr_businessCustomer_x_repeatOrderSameSize",0
"llr_businessCustomer_x_sameArticleDiffSize",0
"llr_businessCustomer_x_sameArticleDiffColor",0
"llr_businessCustomer_x_sameProductDiffSize",0
"llr_businessCustomer_x_legal_holiday",0
"llr_businessCustomer_x_general_holiday",0
"llr_businessCustomer_x_any_holiday",0
"llr_businessCustomer_x_repeat_size",0
"llr_businessCustomer_x_repeat_product",0
"llr_businessCustomer_x_colorhundreddigit",0
"llr_businessCustomer_x_colorlastthree",0
"llr_businessCustomer_x_colorlastthreesum",0
"llr_businessCustomer_x_colorlasttwodigit",0
"llr_businessCustomer_x_voucher_Amount_coupon",0
"llr_businessCustomer_x_num_color_by_articleID_productgroup",0
"llr_businessCustomer_x_pattern_paste_numofcolor_numofsize_by_article_productgroup",0
"llr_businessCustomer_x_unitprice_vary_within_week_by_articleID",0
"llr_businessCustomer_x_unitprice_vary_within_month_by_articleID",0
"llr_businessCustomer_x_article_t_h",0
"llr_businessCustomer_x_productGroup_article_t_h",0
"llr_businessCustomer_x_extreme_size",0
"llr_businessCustomer_x_newproductgrouprrptwodigits_1",0
"llr_businessCustomer_x_newproductgrouprrptwodigits_2",0
"llr_businessCustomer_x_newproductgrouprrptwodigits_3",0
"llr_businessCustomer_x_newproductgrouprrptwodigits_4",0
"llr_businessCustomer_x_binned_new_productGroup_option_1",0
"llr_businessCustomer_x_binned_new_productGroup_option_2",0
"llr_businessCustomer_x_binned_new_productGroup_option_3",0
"llr_businessCustomer_x_binned_new_productGroup_option_4",0
"llr_businessCustomer_x_productGroup_rrp",0
"llr_businessCustomer_x_productGroup_rrp_of_10digit",0
"llr_businessCustomer_x_productGroup_rrp_of_100digit",0
"llr_businessCustomer_x_productGroup_rrp_of_1digit",0
"llr_businessCustomer2_x_repeatOrderSameSize",0
"llr_businessCustomer2_x_sameArticleDiffSize",0
"llr_businessCustomer2_x_sameArticleDiffColor",0
"llr_businessCustomer2_x_sameProductDiffSize",0
"llr_businessCustomer2_x_legal_holiday",0
"llr_businessCustomer2_x_general_holiday",0
"llr_businessCustomer2_x_any_holiday",0
"llr_businessCustomer2_x_repeat_color",0
"llr_businessCustomer2_x_repeat_size",0
"llr_businessCustomer2_x_repeat_product",0
"llr_businessCustomer2_x_colorlastthree",0
"llr_businessCustomer2_x_colorlasttwodigit",0
"llr_businessCustomer2_x_num_color_by_articleID_productgroup",0
"llr_businessCustomer2_x_num_size_by_articleID_productgroup",0
"llr_businessCustomer2_x_unitprice_vary_within_week_by_articleID",0
"llr_businessCustomer2_x_unitprice_vary_within_month_by_articleID",0
"llr_businessCustomer2_x_article_t_h",0
"llr_businessCustomer2_x_productGroup_article_t_h",0
"llr_businessCustomer2_x_cluster_articleID_by_rrp_productgroup",0
"llr_businessCustomer2_x_max_freq_paymeth_letters_by_custome",0
"llr_businessCustomer2_x_extreme_size",0
"llr_businessCustomer2_x_max_freq_color_code",0
"llr_businessCustomer2_x_newproductgrouprrptwodigits_1",0
"llr_businessCustomer2_x_newproductgrouprrptwodigits_2",0
"llr_businessCustomer2_x_newproductgrouprrptwodigits_3",0
"llr_businessCustomer2_x_newproductgrouprrptwodigits_4",0
"llr_businessCustomer2_x_binned_new_productGroup_option_1",0
"llr_businessCustomer2_x_binned_new_productGroup_option_2",0
"llr_businessCustomer2_x_binned_new_productGroup_option_3",0
"llr_businessCustomer2_x_binned_new_productGroup_option_4",0
"llr_businessCustomer2_x_productGroup_rrp",0
"llr_businessCustomer2_x_productGroup_rrp_of_10digit",0
"llr_businessCustomer2_x_productGroup_rrp_of_100digit",0
"llr_businessCustomer2_x_productGroup_rrp_of_1digit",0
"llr_repeatOrderSameSize_x_sameArticleDiffSize",0
"llr_repeatOrderSameSize_x_sameArticleDiffColor",0
"llr_repeatOrderSameSize_x_legal_holiday",0
"llr_repeatOrderSameSize_x_any_holiday",0
"llr_repeatOrderSameSize_x_repeat_color",0
"llr_repeatOrderSameSize_x_repeat_article",0
"llr_repeatOrderSameSize_x_colorlastthree",0
"llr_repeatOrderSameSize_x_colorlastthreesum",0
"llr_repeatOrderSameSize_x_colorlasttwodigit",0
"llr_repeatOrderSameSize_x_voucher_Amount_coupon",0
"llr_repeatOrderSameSize_x_num_size_by_articleID_productgroup",0
"llr_repeatOrderSameSize_x_pattern_paste_numofcolor_numofsize_by_article_productgroup",0
"llr_repeatOrderSameSize_x_unitprice_vary_within_month_by_articleID",0
"llr_repeatOrderSameSize_x_article_t_h",0
"llr_repeatOrderSameSize_x_productGroup_article_t_h",0
"llr_repeatOrderSameSize_x_cluster_articleID_by_rrp_productgroup",0
"llr_repeatOrderSameSize_x_max_freq_paymeth_letters_by_custome",0
"llr_repeatOrderSameSize_x_extreme_size",0
"llr_repeatOrderSameSize_x_max_freq_color_code",0
"llr_repeatOrderSameSize_x_newproductgrouprrptwodigits_2",0
"llr_repeatOrderSameSize_x_newproductgrouprrptwodigits_3",0
"llr_repeatOrderSameSize_x_newproductgrouprrptwodigits_4",0
"llr_repeatOrderSameSize_x_binned_new_productGroup_option_1",0
"llr_repeatOrderSameSize_x_binned_new_productGroup_option_2",0
"llr_repeatOrderSameSize_x_binned_new_productGroup_option_3",0
"llr_repeatOrderSameSize_x_binned_new_productGroup_option_4",0
"llr_repeatOrderSameSize_x_productGroup_rrp",0
"llr_repeatOrderSameSize_x_productGroup_rrp_of_10digit",0
"llr_repeatOrderSameSize_x_productGroup_rrp_of_100digit",0
"llr_repeatOrderSameSize_x_productGroup_rrp_of_1digit",0
"llr_sameArticleDiffSize_x_sameProductDiffSize",0
"llr_sameArticleDiffSize_x_legal_holiday",0
"llr_sameArticleDiffSize_x_general_holiday",0
"llr_sameArticleDiffSize_x_any_holiday",0
"llr_sameArticleDiffSize_x_repeat_color",0
"llr_sameArticleDiffSize_x_repeat_size",0
"llr_sameArticleDiffSize_x_repeat_article",0
"llr_sameArticleDiffSize_x_colorlastthree",0
"llr_sameArticleDiffSize_x_colorlastthreesum",0
"llr_sameArticleDiffSize_x_voucher_Amount_coupon",0
"llr_sameArticleDiffSize_x_num_size_by_articleID_productgroup",0
"llr_sameArticleDiffSize_x_pattern_paste_numofcolor_numofsize_by_article_productgroup",0
"llr_sameArticleDiffSize_x_max_freq_color_code",0
"llr_sameArticleDiffSize_x_newproductgrouprrptwodigits_2",0
"llr_sameArticleDiffSize_x_newproductgrouprrptwodigits_3",0
"llr_sameArticleDiffSize_x_newproductgrouprrptwodigits_4",0
"llr_sameArticleDiffSize_x_binned_new_productGroup_option_2",0
"llr_sameArticleDiffSize_x_binned_new_productGroup_option_3",0
"llr_sameArticleDiffSize_x_binned_new_productGroup_option_4",0
"llr_sameArticleDiffSize_x_productGroup_rrp",0
"llr_sameArticleDiffSize_x_productGroup_rrp_of_10digit",0
"llr_sameArticleDiffSize_x_productGroup_rrp_of_100digit",0
"llr_sameArticleDiffSize_x_productGroup_rrp_of_1digit",0
"llr_sameArticleDiffColor_x_sameProductDiffSize",0
"llr_sameArticleDiffColor_x_legal_holiday",0
"llr_sameArticleDiffColor_x_general_holiday",0
"llr_sameArticleDiffColor_x_any_holiday",0
"llr_sameArticleDiffColor_x_repeat_color",0
"llr_sameArticleDiffColor_x_repeat_article",0
"llr_sameArticleDiffColor_x_voucher_Amount_coupon",0
"llr_sameArticleDiffColor_x_num_size_by_articleID_productgroup",0
"llr_sameArticleDiffColor_x_pattern_paste_numofcolor_numofsize_by_article_productgroup",0
"llr_sameArticleDiffColor_x_article_t_h",0
"llr_sameArticleDiffColor_x_max_freq_paymeth_letters_by_custome",0
"llr_sameArticleDiffColor_x_extreme_size",0
"llr_sameArticleDiffColor_x_newproductgrouprrptwodigits_2",0
"llr_sameArticleDiffColor_x_newproductgrouprrptwodigits_3",0
"llr_sameArticleDiffColor_x_newproductgrouprrptwodigits_4",0
"llr_sameArticleDiffColor_x_binned_new_productGroup_option_1",0
"llr_sameArticleDiffColor_x_binned_new_productGroup_option_2",0
"llr_sameArticleDiffColor_x_binned_new_productGroup_option_3",0
"llr_sameArticleDiffColor_x_binned_new_productGroup_option_4",0
"llr_sameArticleDiffColor_x_productGroup_rrp",0
"llr_sameProductDiffSize_x_general_holiday",0
"llr_sameProductDiffSize_x_repeat_color",0
"llr_sameProductDiffSize_x_repeat_product",0
"llr_sameProductDiffSize_x_colorlastthree",0
"llr_sameProductDiffSize_x_colorlastthreesum",0
"llr_sameProductDiffSize_x_colorlasttwodigit",0
"llr_sameProductDiffSize_x_num_size_by_articleID_productgroup",0
"llr_sameProductDiffSize_x_pattern_paste_numofcolor_numofsize_by_article_productgroup",0
"llr_sameProductDiffSize_x_cluster_articleID_by_rrp_productgroup",0
"llr_sameProductDiffSize_x_max_freq_paymeth_letters_by_custome",0
"llr_sameProductDiffSize_x_extreme_size",0
"llr_sameProductDiffSize_x_newproductgrouprrptwodigits_2",0
"llr_sameProductDiffSize_x_newproductgrouprrptwodigits_3",0
"llr_sameProductDiffSize_x_newproductgrouprrptwodigits_4",0
"llr_sameProductDiffSize_x_binned_new_productGroup_option_1",0
"llr_sameProductDiffSize_x_binned_new_productGroup_option_2",0
"llr_sameProductDiffSize_x_binned_new_productGroup_option_3",0
"llr_sameProductDiffSize_x_binned_new_productGroup_option_4",0
"llr_sameProductDiffSize_x_productGroup_rrp",0
"llr_sameProductDiffSize_x_productGroup_rrp_of_100digit",0
"llr_legal_holiday_x_general_holiday",0
"llr_legal_holiday_x_any_holiday",0
"llr_legal_holiday_x_repeat_color",0
"llr_legal_holiday_x_repeat_size",0
"llr_legal_holiday_x_repeat_product",0
"llr_legal_holiday_x_repeat_article",0
"llr_legal_holiday_x_colorhundreddigit",0
"llr_legal_holiday_x_colorlastthree",0
"llr_legal_holiday_x_colorlastthreesum",0
"llr_legal_holiday_x_colorlasttwodigit",0
"llr_legal_holiday_x_voucher_Amount_coupon",0
"llr_legal_holiday_x_num_color_by_articleID_productgroup",0
"llr_legal_holiday_x_num_size_by_articleID_productgroup",0
"llr_legal_holiday_x_pattern_paste_numofcolor_numofsize_by_article_productgroup",0
"llr_legal_holiday_x_productGroup_article_t_h",0
"llr_legal_holiday_x_cluster_articleID_by_rrp_productgroup",0
"llr_legal_holiday_x_max_freq_paymeth_letters_by_custome",0
"llr_legal_holiday_x_newproductgrouprrptwodigits_2",0
"llr_legal_holiday_x_newproductgrouprrptwodigits_3",0
"llr_legal_holiday_x_newproductgrouprrptwodigits_4",0
"llr_legal_holiday_x_binned_new_productGroup_option_1",0
"llr_legal_holiday_x_binned_new_productGroup_option_2",0
"llr_legal_holiday_x_binned_new_productGroup_option_3",0
"llr_legal_holiday_x_binned_new_productGroup_option_4",0
"llr_legal_holiday_x_productGroup_rrp",0
"llr_legal_holiday_x_productGroup_rrp_of_10digit",0
"llr_legal_holiday_x_productGroup_rrp_of_100digit",0
"llr_legal_holiday_x_productGroup_rrp_of_1digit",0
"llr_general_holiday_x_any_holiday",0
"llr_general_holiday_x_repeat_color",0
"llr_general_holiday_x_repeat_size",0
"llr_general_holiday_x_repeat_article",0
"llr_general_holiday_x_colorhundreddigit",0
"llr_general_holiday_x_colorlastthree",0
"llr_general_holiday_x_colorlastthreesum",0
"llr_general_holiday_x_colorlasttwodigit",0
"llr_general_holiday_x_voucher_Amount_coupon",0
"llr_general_holiday_x_pattern_paste_numofcolor_numofsize_by_article_productgroup",0
"llr_general_holiday_x_unitprice_vary_within_month_by_articleID",0
"llr_general_holiday_x_article_t_h",0
"llr_general_holiday_x_cluster_articleID_by_rrp_productgroup",0
"llr_general_holiday_x_extreme_size",0
"llr_general_holiday_x_max_freq_color_code",0
"llr_general_holiday_x_newproductgrouprrptwodigits_1",0
"llr_general_holiday_x_newproductgrouprrptwodigits_2",0
"llr_general_holiday_x_newproductgrouprrptwodigits_3",0
"llr_general_holiday_x_newproductgrouprrptwodigits_4",0
"llr_general_holiday_x_binned_new_productGroup_option_1",0
"llr_general_holiday_x_binned_new_productGroup_option_2",0
"llr_general_holiday_x_binned_new_productGroup_option_3",0
"llr_general_holiday_x_binned_new_productGroup_option_4",0
"llr_general_holiday_x_productGroup_rrp",0
"llr_general_holiday_x_productGroup_rrp_of_10digit",0
"llr_general_holiday_x_productGroup_rrp_of_100digit",0
"llr_general_holiday_x_productGroup_rrp_of_1digit",0
"llr_any_holiday_x_repeat_size",0
"llr_any_holiday_x_repeat_product",0
"llr_any_holiday_x_repeat_article",0
"llr_any_holiday_x_colorhundreddigit",0
"llr_any_holiday_x_colorlastthree",0
"llr_any_holiday_x_colorlastthreesum",0
"llr_any_holiday_x_voucher_Amount_coupon",0
"llr_any_holiday_x_num_size_by_articleID_productgroup",0
"llr_any_holiday_x_pattern_paste_numofcolor_numofsize_by_article_productgroup",0
"llr_any_holiday_x_unitprice_vary_within_week_by_articleID",0
"llr_any_holiday_x_unitprice_vary_within_month_by_articleID",0
"llr_any_holiday_x_article_t_h",0
"llr_any_holiday_x_productGroup_article_t_h",0
"llr_any_holiday_x_cluster_articleID_by_rrp_productgroup",0
"llr_any_holiday_x_max_freq_paymeth_letters_by_custome",0
"llr_any_holiday_x_extreme_size",0
"llr_any_holiday_x_max_freq_color_code",0
"llr_any_holiday_x_newproductgrouprrptwodigits_1",0
"llr_any_holiday_x_newproductgrouprrptwodigits_2",0
"llr_any_holiday_x_newproductgrouprrptwodigits_3",0
"llr_any_holiday_x_newproductgrouprrptwodigits_4",0
"llr_any_holiday_x_binned_new_productGroup_option_1",0
"llr_any_holiday_x_binned_new_productGroup_option_2",0
"llr_any_holiday_x_binned_new_productGroup_option_3",0
"llr_any_holiday_x_binned_new_productGroup_option_4",0
"llr_any_holiday_x_productGroup_rrp",0
"llr_any_holiday_x_productGroup_rrp_of_10digit",0
"llr_any_holiday_x_productGroup_rrp_of_100digit",0
"llr_any_holiday_x_productGroup_rrp_of_1digit",0
"llr_repeat_color_x_repeat_size",0
"llr_repeat_color_x_repeat_product",0
"llr_repeat_color_x_colorhundreddigit",0
"llr_repeat_color_x_colorlastthree",0
"llr_repeat_color_x_colorlasttwodigit",0
"llr_repeat_color_x_voucher_Amount_coupon",0
"llr_repeat_color_x_num_size_by_articleID_productgroup",0
"llr_repeat_color_x_unitprice_vary_within_month_by_articleID",0
"llr_repeat_color_x_article_t_h",0
"llr_repeat_color_x_productGroup_article_t_h",0
"llr_repeat_color_x_cluster_articleID_by_rrp_productgroup",0
"llr_repeat_color_x_extreme_size",0
"llr_repeat_color_x_newproductgrouprrptwodigits_1",0
"llr_repeat_color_x_newproductgrouprrptwodigits_2",0
"llr_repeat_color_x_newproductgrouprrptwodigits_3",0
"llr_repeat_color_x_newproductgrouprrptwodigits_4",0
"llr_repeat_color_x_binned_new_productGroup_option_1",0
"llr_repeat_color_x_binned_new_productGroup_option_2",0
"llr_repeat_color_x_binned_new_productGroup_option_3",0
"llr_repeat_color_x_binned_new_productGroup_option_4",0
"llr_repeat_color_x_productGroup_rrp",0
"llr_repeat_color_x_productGroup_rrp_of_10digit",0
"llr_repeat_color_x_productGroup_rrp_of_100digit",0
"llr_repeat_color_x_productGroup_rrp_of_1digit",0
"llr_repeat_size_x_repeat_product",0
"llr_repeat_size_x_colorhundreddigit",0
"llr_repeat_size_x_colorlasttwodigit",0
"llr_repeat_size_x_voucher_Amount_coupon",0
"llr_repeat_size_x_num_color_by_articleID_productgroup",0
"llr_repeat_size_x_num_size_by_articleID_productgroup",0
"llr_repeat_size_x_pattern_paste_numofcolor_numofsize_by_article_productgroup",0
"llr_repeat_size_x_unitprice_vary_within_week_by_articleID",0
"llr_repeat_size_x_unitprice_vary_within_month_by_articleID",0
"llr_repeat_size_x_cluster_articleID_by_rrp_productgroup",0
"llr_repeat_size_x_max_freq_paymeth_letters_by_custome",0
"llr_repeat_size_x_newproductgrouprrptwodigits_1",0
"llr_repeat_size_x_newproductgrouprrptwodigits_2",0
"llr_repeat_size_x_newproductgrouprrptwodigits_3",0
"llr_repeat_size_x_newproductgrouprrptwodigits_4",0
"llr_repeat_size_x_binned_new_productGroup_option_1",0
"llr_repeat_size_x_binned_new_productGroup_option_2",0
"llr_repeat_size_x_binned_new_productGroup_option_3",0
"llr_repeat_size_x_binned_new_productGroup_option_4",0
"llr_repeat_size_x_productGroup_rrp",0
"llr_repeat_size_x_productGroup_rrp_of_10digit",0
"llr_repeat_size_x_productGroup_rrp_of_100digit",0
"llr_repeat_size_x_productGroup_rrp_of_1digit",0
"llr_repeat_product_x_repeat_article",0
"llr_repeat_product_x_colorlastthreesum",0
"llr_repeat_product_x_colorlasttwodigit",0
"llr_repeat_product_x_num_size_by_articleID_productgroup",0
"llr_repeat_product_x_pattern_paste_numofcolor_numofsize_by_article_productgroup",0
"llr_repeat_product_x_unitprice_vary_within_week_by_articleID",0
"llr_repeat_product_x_unitprice_vary_within_month_by_articleID",0
"llr_repeat_product_x_productGroup_article_t_h",0
"llr_repeat_product_x_newproductgrouprrptwodigits_1",0
"llr_repeat_product_x_newproductgrouprrptwodigits_2",0
"llr_repeat_product_x_newproductgrouprrptwodigits_3",0
"llr_repeat_product_x_newproductgrouprrptwodigits_4",0
"llr_repeat_product_x_binned_new_productGroup_option_1",0
"llr_repeat_product_x_binned_new_productGroup_option_2",0
"llr_repeat_product_x_binned_new_productGroup_option_3",0
"llr_repeat_product_x_binned_new_productGroup_option_4",0
"llr_repeat_product_x_productGroup_rrp",0
"llr_repeat_product_x_productGroup_rrp_of_100digit",0
"llr_repeat_article_x_colorhundreddigit",0
"llr_repeat_article_x_voucher_Amount_coupon",0
"llr_repeat_article_x_num_color_by_articleID_productgroup",0
"llr_repeat_article_x_num_size_by_articleID_productgroup",0
"llr_repeat_article_x_pattern_paste_numofcolor_numofsize_by_article_productgroup",0
"llr_repeat_article_x_unitprice_vary_within_week_by_articleID",0
"llr_repeat_article_x_article_t_h",0
"llr_repeat_article_x_productGroup_article_t_h",0
"llr_repeat_article_x_cluster_articleID_by_rrp_productgroup",0
"llr_repeat_article_x_extreme_size",0
"llr_repeat_article_x_newproductgrouprrptwodigits_1",0
"llr_repeat_article_x_newproductgrouprrptwodigits_2",0
"llr_repeat_article_x_newproductgrouprrptwodigits_3",0
"llr_repeat_article_x_newproductgrouprrptwodigits_4",0
"llr_repeat_article_x_binned_new_productGroup_option_1",0
"llr_repeat_article_x_binned_new_productGroup_option_2",0
"llr_repeat_article_x_binned_new_productGroup_option_3",0
"llr_repeat_article_x_binned_new_productGroup_option_4",0
"llr_repeat_article_x_productGroup_rrp",0
"llr_repeat_article_x_productGroup_rrp_of_10digit",0
"llr_repeat_article_x_productGroup_rrp_of_100digit",0
"llr_colorhundreddigit",0
"llr_colorhundreddigit_x_colorlastthreesum",0
"llr_colorhundreddigit_x_colorlasttwodigit",0
"llr_colorhundreddigit_x_voucher_Amount_coupon",0
"llr_colorhundreddigit_x_num_color_by_articleID_productgroup",0
"llr_colorhundreddigit_x_num_size_by_articleID_productgroup",0
"llr_colorhundreddigit_x_pattern_paste_numofcolor_numofsize_by_article_productgroup",0
"llr_colorhundreddigit_x_unitprice_vary_within_month_by_articleID",0
"llr_colorhundreddigit_x_article_t_h",0
"llr_colorhundreddigit_x_productGroup_article_t_h",0
"llr_colorhundreddigit_x_cluster_articleID_by_rrp_productgroup",0
"llr_colorhundreddigit_x_max_freq_paymeth_letters_by_custome",0
"llr_colorhundreddigit_x_extreme_size",0
"llr_colorhundreddigit_x_newproductgrouprrptwodigits_1",0
"llr_colorhundreddigit_x_newproductgrouprrptwodigits_2",0
"llr_colorhundreddigit_x_newproductgrouprrptwodigits_3",0
"llr_colorhundreddigit_x_newproductgrouprrptwodigits_4",0
"llr_colorhundreddigit_x_binned_new_productGroup_option_1",0
"llr_colorhundreddigit_x_binned_new_productGroup_option_2",0
"llr_colorhundreddigit_x_binned_new_productGroup_option_3",0
"llr_colorhundreddigit_x_binned_new_productGroup_option_4",0
"llr_colorhundreddigit_x_productGroup_rrp",0
"llr_colorhundreddigit_x_productGroup_rrp_of_10digit",0
"llr_colorhundreddigit_x_productGroup_rrp_of_100digit",0
"llr_colorlastthree",0
"llr_colorlastthree_x_colorlastthreesum",0
"llr_colorlastthree_x_colorlasttwodigit",0
"llr_colorlastthree_x_num_color_by_articleID_productgroup",0
"llr_colorlastthree_x_num_size_by_articleID_productgroup",0
"llr_colorlastthree_x_unitprice_vary_within_week_by_articleID",0
"llr_colorlastthree_x_article_t_h",0
"llr_colorlastthree_x_productGroup_article_t_h",0
"llr_colorlastthree_x_max_freq_paymeth_letters_by_custome",0
"llr_colorlastthree_x_extreme_size",0
"llr_colorlastthree_x_max_freq_color_code",0
"llr_colorlastthree_x_newproductgrouprrptwodigits_2",0
"llr_colorlastthree_x_newproductgrouprrptwodigits_3",0
"llr_colorlastthree_x_newproductgrouprrptwodigits_4",0
"llr_colorlastthree_x_binned_new_productGroup_option_1",0
"llr_colorlastthree_x_binned_new_productGroup_option_2",0
"llr_colorlastthree_x_binned_new_productGroup_option_3",0
"llr_colorlastthree_x_binned_new_productGroup_option_4",0
"llr_colorlastthree_x_productGroup_rrp",0
"llr_colorlastthree_x_productGroup_rrp_of_10digit",0
"llr_colorlastthree_x_productGroup_rrp_of_1digit",0
"llr_colorlastthreesum",0
"llr_colorlastthreesum_x_colorlasttwodigit",0
"llr_colorlastthreesum_x_voucher_Amount_coupon",0
"llr_colorlastthreesum_x_num_size_by_articleID_productgroup",0
"llr_colorlastthreesum_x_pattern_paste_numofcolor_numofsize_by_article_productgroup",0
"llr_colorlastthreesum_x_unitprice_vary_within_month_by_articleID",0
"llr_colorlastthreesum_x_article_t_h",0
"llr_colorlastthreesum_x_productGroup_article_t_h",0
"llr_colorlastthreesum_x_cluster_articleID_by_rrp_productgroup",0
"llr_colorlastthreesum_x_max_freq_paymeth_letters_by_custome",0
"llr_colorlastthreesum_x_extreme_size",0
"llr_colorlastthreesum_x_newproductgrouprrptwodigits_1",0
"llr_colorlastthreesum_x_newproductgrouprrptwodigits_2",0
"llr_colorlastthreesum_x_newproductgrouprrptwodigits_3",0
"llr_colorlastthreesum_x_newproductgrouprrptwodigits_4",0
"llr_colorlastthreesum_x_binned_new_productGroup_option_1",0
"llr_colorlastthreesum_x_binned_new_productGroup_option_2",0
"llr_colorlastthreesum_x_binned_new_productGroup_option_3",0
"llr_colorlastthreesum_x_binned_new_productGroup_option_4",0
"llr_colorlastthreesum_x_productGroup_rrp",0
"llr_colorlastthreesum_x_productGroup_rrp_of_10digit",0
"llr_colorlastthreesum_x_productGroup_rrp_of_100digit",0
"llr_colorlastthreesum_x_productGroup_rrp_of_1digit",0
"llr_colorlasttwodigit",0
"llr_colorlasttwodigit_x_unitprice_vary_within_week_by_articleID",0
"llr_colorlasttwodigit_x_article_t_h",0
"llr_colorlasttwodigit_x_productGroup_article_t_h",0
"llr_colorlasttwodigit_x_extreme_size",0
"llr_colorlasttwodigit_x_newproductgrouprrptwodigits_2",0
"llr_colorlasttwodigit_x_newproductgrouprrptwodigits_3",0
"llr_colorlasttwodigit_x_newproductgrouprrptwodigits_4",0
"llr_colorlasttwodigit_x_binned_new_productGroup_option_1",0
"llr_colorlasttwodigit_x_binned_new_productGroup_option_2",0
"llr_colorlasttwodigit_x_binned_new_productGroup_option_3",0
"llr_colorlasttwodigit_x_binned_new_productGroup_option_4",0
"llr_colorlasttwodigit_x_productGroup_rrp",0
"llr_colorlasttwodigit_x_productGroup_rrp_of_10digit",0
"llr_voucher_Amount_coupon",0
"llr_voucher_Amount_coupon_x_num_color_by_articleID_productgroup",0
"llr_voucher_Amount_coupon_x_num_size_by_articleID_productgroup",0
"llr_voucher_Amount_coupon_x_pattern_paste_numofcolor_numofsize_by_article_productgroup",0
"llr_voucher_Amount_coupon_x_unitprice_vary_within_week_by_articleID",0
"llr_voucher_Amount_coupon_x_unitprice_vary_within_month_by_articleID",0
"llr_voucher_Amount_coupon_x_article_t_h",0
"llr_voucher_Amount_coupon_x_productGroup_article_t_h",0
"llr_voucher_Amount_coupon_x_cluster_articleID_by_rrp_productgroup",0
"llr_voucher_Amount_coupon_x_max_freq_paymeth_letters_by_custome",0
"llr_voucher_Amount_coupon_x_extreme_size",0
"llr_voucher_Amount_coupon_x_max_freq_color_code",0
"llr_voucher_Amount_coupon_x_newproductgrouprrptwodigits_1",0
"llr_voucher_Amount_coupon_x_newproductgrouprrptwodigits_2",0
"llr_voucher_Amount_coupon_x_newproductgrouprrptwodigits_3",0
"llr_voucher_Amount_coupon_x_newproductgrouprrptwodigits_4",0
"llr_voucher_Amount_coupon_x_binned_new_productGroup_option_1",0
"llr_voucher_Amount_coupon_x_binned_new_productGroup_option_2",0
"llr_voucher_Amount_coupon_x_binned_new_productGroup_option_3",0
"llr_voucher_Amount_coupon_x_binned_new_productGroup_option_4",0
"llr_voucher_Amount_coupon_x_productGroup_rrp",0
"llr_voucher_Amount_coupon_x_productGroup_rrp_of_10digit",0
"llr_voucher_Amount_coupon_x_productGroup_rrp_of_100digit",0
"llr_voucher_Amount_coupon_x_productGroup_rrp_of_1digit",0
"llr_num_color_by_articleID_productgroup",0
"llr_num_color_by_articleID_productgroup_x_num_size_by_articleID_productgroup",0
"llr_num_color_by_articleID_productgroup_x_pattern_paste_numofcolor_numofsize_by_article_productgroup",0
"llr_num_color_by_articleID_productgroup_x_unitprice_vary_within_month_by_articleID",0
"llr_num_color_by_articleID_productgroup_x_article_t_h",0
"llr_num_color_by_articleID_productgroup_x_productGroup_article_t_h",0
"llr_num_color_by_articleID_productgroup_x_newproductgrouprrptwodigits_1",0
"llr_num_color_by_articleID_productgroup_x_newproductgrouprrptwodigits_2",0
"llr_num_color_by_articleID_productgroup_x_newproductgrouprrptwodigits_3",0
"llr_num_color_by_articleID_productgroup_x_newproductgrouprrptwodigits_4",0
"llr_num_color_by_articleID_productgroup_x_binned_new_productGroup_option_1",0
"llr_num_color_by_articleID_productgroup_x_binned_new_productGroup_option_2",0
"llr_num_color_by_articleID_productgroup_x_binned_new_productGroup_option_3",0
"llr_num_color_by_articleID_productgroup_x_binned_new_productGroup_option_4",0
"llr_num_color_by_articleID_productgroup_x_productGroup_rrp",0
"llr_num_color_by_articleID_productgroup_x_productGroup_rrp_of_100digit",0
"llr_num_color_by_articleID_productgroup_x_productGroup_rrp_of_1digit",0
"llr_num_size_by_articleID_productgroup",0
"llr_num_size_by_articleID_productgroup_x_pattern_paste_numofcolor_numofsize_by_article_productgroup",0
"llr_num_size_by_articleID_productgroup_x_unitprice_vary_within_week_by_articleID",0
"llr_num_size_by_articleID_productgroup_x_unitprice_vary_within_month_by_articleID",0
"llr_num_size_by_articleID_productgroup_x_article_t_h",0
"llr_num_size_by_articleID_productgroup_x_cluster_articleID_by_rrp_productgroup",0
"llr_num_size_by_articleID_productgroup_x_extreme_size",0
"llr_num_size_by_articleID_productgroup_x_max_freq_color_code",0
"llr_num_size_by_articleID_productgroup_x_newproductgrouprrptwodigits_1",0
"llr_num_size_by_articleID_productgroup_x_newproductgrouprrptwodigits_2",0
"llr_num_size_by_articleID_productgroup_x_newproductgrouprrptwodigits_3",0
"llr_num_size_by_articleID_productgroup_x_newproductgrouprrptwodigits_4",0
"llr_num_size_by_articleID_productgroup_x_binned_new_productGroup_option_1",0
"llr_num_size_by_articleID_productgroup_x_binned_new_productGroup_option_2",0
"llr_num_size_by_articleID_productgroup_x_binned_new_productGroup_option_3",0
"llr_num_size_by_articleID_productgroup_x_binned_new_productGroup_option_4",0
"llr_num_size_by_articleID_productgroup_x_productGroup_rrp",0
"llr_num_size_by_articleID_productgroup_x_productGroup_rrp_of_10digit",0
"llr_num_size_by_articleID_productgroup_x_productGroup_rrp_of_100digit",0
"llr_num_size_by_articleID_productgroup_x_productGroup_rrp_of_1digit",0
"llr_pattern_paste_numofcolor_numofsize_by_article_productgroup",0
"llr_pattern_paste_numofcolor_numofsize_by_article_productgroup_x_unitprice_vary_within_week_by_articleID",0
"llr_pattern_paste_numofcolor_numofsize_by_article_productgroup_x_article_t_h",0
"llr_pattern_paste_numofcolor_numofsize_by_article_productgroup_x_cluster_articleID_by_rrp_productgroup",0
"llr_pattern_paste_numofcolor_numofsize_by_article_productgroup_x_extreme_size",0
"llr_pattern_paste_numofcolor_numofsize_by_article_productgroup_x_max_freq_color_code",0
"llr_pattern_paste_numofcolor_numofsize_by_article_productgroup_x_newproductgrouprrptwodigits_1",0
"llr_pattern_paste_numofcolor_numofsize_by_article_productgroup_x_newproductgrouprrptwodigits_2",0
"llr_pattern_paste_numofcolor_numofsize_by_article_productgroup_x_newproductgrouprrptwodigits_3",0
"llr_pattern_paste_numofcolor_numofsize_by_article_productgroup_x_newproductgrouprrptwodigits_4",0
"llr_pattern_paste_numofcolor_numofsize_by_article_productgroup_x_binned_new_productGroup_option_1",0
"llr_pattern_paste_numofcolor_numofsize_by_article_productgroup_x_binned_new_productGroup_option_2",0
"llr_pattern_paste_numofcolor_numofsize_by_article_productgroup_x_binned_new_productGroup_option_3",0
"llr_pattern_paste_numofcolor_numofsize_by_article_productgroup_x_binned_new_productGroup_option_4",0
"llr_pattern_paste_numofcolor_numofsize_by_article_productgroup_x_productGroup_rrp",0
"llr_pattern_paste_numofcolor_numofsize_by_article_productgroup_x_productGroup_rrp_of_10digit",0
"llr_unitprice_vary_within_week_by_articleID",0
"llr_unitprice_vary_within_week_by_articleID_x_unitprice_vary_within_month_by_articleID",0
"llr_unitprice_vary_within_week_by_articleID_x_productGroup_article_t_h",0
"llr_unitprice_vary_within_week_by_articleID_x_cluster_articleID_by_rrp_productgroup",0
"llr_unitprice_vary_within_week_by_articleID_x_max_freq_color_code",0
"llr_unitprice_vary_within_week_by_articleID_x_newproductgrouprrptwodigits_1",0
"llr_unitprice_vary_within_week_by_articleID_x_newproductgrouprrptwodigits_2",0
"llr_unitprice_vary_within_week_by_articleID_x_newproductgrouprrptwodigits_3",0
"llr_unitprice_vary_within_week_by_articleID_x_newproductgrouprrptwodigits_4",0
"llr_unitprice_vary_within_week_by_articleID_x_binned_new_productGroup_option_1",0
"llr_unitprice_vary_within_week_by_articleID_x_binned_new_productGroup_option_2",0
"llr_unitprice_vary_within_week_by_articleID_x_binned_new_productGroup_option_3",0
"llr_unitprice_vary_within_week_by_articleID_x_binned_new_productGroup_option_4",0
"llr_unitprice_vary_within_week_by_articleID_x_productGroup_rrp",0
"llr_unitprice_vary_within_week_by_articleID_x_productGroup_rrp_of_10digit",0
"llr_unitprice_vary_within_week_by_articleID_x_productGroup_rrp_of_100digit",0
"llr_unitprice_vary_within_week_by_articleID_x_productGroup_rrp_of_1digit",0
"llr_unitprice_vary_within_month_by_articleID",0
"llr_unitprice_vary_within_month_by_articleID_x_cluster_articleID_by_rrp_productgroup",0
"llr_unitprice_vary_within_month_by_articleID_x_extreme_size",0
"llr_unitprice_vary_within_month_by_articleID_x_newproductgrouprrptwodigits_1",0
"llr_unitprice_vary_within_month_by_articleID_x_newproductgrouprrptwodigits_2",0
"llr_unitprice_vary_within_month_by_articleID_x_newproductgrouprrptwodigits_3",0
"llr_unitprice_vary_within_month_by_articleID_x_newproductgrouprrptwodigits_4",0
"llr_unitprice_vary_within_month_by_articleID_x_binned_new_productGroup_option_2",0
"llr_unitprice_vary_within_month_by_articleID_x_binned_new_productGroup_option_3",0
"llr_unitprice_vary_within_month_by_articleID_x_binned_new_productGroup_option_4",0
"llr_unitprice_vary_within_month_by_articleID_x_productGroup_rrp",0
"llr_unitprice_vary_within_month_by_articleID_x_productGroup_rrp_of_10digit",0
"llr_unitprice_vary_within_month_by_articleID_x_productGroup_rrp_of_100digit",0
"llr_article_t_h",0
"llr_article_t_h_x_productGroup_article_t_h",0
"llr_article_t_h_x_max_freq_paymeth_letters_by_custome",0
"llr_article_t_h_x_extreme_size",0
"llr_article_t_h_x_newproductgrouprrptwodigits_2",0
"llr_article_t_h_x_newproductgrouprrptwodigits_3",0
"llr_article_t_h_x_newproductgrouprrptwodigits_4",0
"llr_article_t_h_x_binned_new_productGroup_option_1",0
"llr_article_t_h_x_binned_new_productGroup_option_2",0
"llr_article_t_h_x_binned_new_productGroup_option_3",0
"llr_article_t_h_x_binned_new_productGroup_option_4",0
"llr_article_t_h_x_productGroup_rrp",0
"llr_article_t_h_x_productGroup_rrp_of_10digit",0
"llr_article_t_h_x_productGroup_rrp_of_100digit",0
"llr_article_t_h_x_productGroup_rrp_of_1digit",0
"llr_productGroup_article_t_h",0
"llr_productGroup_article_t_h_x_cluster_articleID_by_rrp_productgroup",0
"llr_productGroup_article_t_h_x_newproductgrouprrptwodigits_2",0
"llr_productGroup_article_t_h_x_newproductgrouprrptwodigits_3",0
"llr_productGroup_article_t_h_x_newproductgrouprrptwodigits_4",0
"llr_productGroup_article_t_h_x_binned_new_productGroup_option_1",0
"llr_productGroup_article_t_h_x_binned_new_productGroup_option_2",0
"llr_productGroup_article_t_h_x_binned_new_productGroup_option_3",0
"llr_productGroup_article_t_h_x_binned_new_productGroup_option_4",0
"llr_productGroup_article_t_h_x_productGroup_rrp",0
"llr_productGroup_article_t_h_x_productGroup_rrp_of_100digit",0
"llr_productGroup_article_t_h_x_productGroup_rrp_of_1digit",0
"llr_cluster_articleID_by_rrp_productgroup",0
"llr_cluster_articleID_by_rrp_productgroup_x_max_freq_paymeth_letters_by_custome",0
"llr_cluster_articleID_by_rrp_productgroup_x_extreme_size",0
"llr_cluster_articleID_by_rrp_productgroup_x_newproductgrouprrptwodigits_1",0
"llr_cluster_articleID_by_rrp_productgroup_x_newproductgrouprrptwodigits_2",0
"llr_cluster_articleID_by_rrp_productgroup_x_newproductgrouprrptwodigits_3",0
"llr_cluster_articleID_by_rrp_productgroup_x_newproductgrouprrptwodigits_4",0
"llr_cluster_articleID_by_rrp_productgroup_x_binned_new_productGroup_option_1",0
"llr_cluster_articleID_by_rrp_productgroup_x_binned_new_productGroup_option_2",0
"llr_cluster_articleID_by_rrp_productgroup_x_binned_new_productGroup_option_3",0
"llr_cluster_articleID_by_rrp_productgroup_x_binned_new_productGroup_option_4",0
"llr_cluster_articleID_by_rrp_productgroup_x_productGroup_rrp",0
"llr_cluster_articleID_by_rrp_productgroup_x_productGroup_rrp_of_10digit",0
"llr_cluster_articleID_by_rrp_productgroup_x_productGroup_rrp_of_100digit",0
"llr_cluster_articleID_by_rrp_productgroup_x_productGroup_rrp_of_1digit",0
"llr_max_freq_paymeth_letters_by_custome_x_extreme_size",0
"llr_max_freq_paymeth_letters_by_custome_x_max_freq_color_code",0
"llr_max_freq_paymeth_letters_by_custome_x_newproductgrouprrptwodigits_2",0
"llr_max_freq_paymeth_letters_by_custome_x_newproductgrouprrptwodigits_3",0
"llr_max_freq_paymeth_letters_by_custome_x_newproductgrouprrptwodigits_4",0
"llr_max_freq_paymeth_letters_by_custome_x_binned_new_productGroup_option_1",0
"llr_max_freq_paymeth_letters_by_custome_x_binned_new_productGroup_option_2",0
"llr_max_freq_paymeth_letters_by_custome_x_binned_new_productGroup_option_3",0
"llr_max_freq_paymeth_letters_by_custome_x_binned_new_productGroup_option_4",0
"llr_max_freq_paymeth_letters_by_custome_x_productGroup_rrp",0
"llr_max_freq_paymeth_letters_by_custome_x_productGroup_rrp_of_100digit",0
"llr_extreme_size_x_max_freq_color_code",0
"llr_extreme_size_x_newproductgrouprrptwodigits_2",0
"llr_extreme_size_x_newproductgrouprrptwodigits_3",0
"llr_extreme_size_x_newproductgrouprrptwodigits_4",0
"llr_extreme_size_x_binned_new_productGroup_option_1",0
"llr_extreme_size_x_binned_new_productGroup_option_2",0
"llr_extreme_size_x_binned_new_productGroup_option_3",0
"llr_extreme_size_x_binned_new_productGroup_option_4",0
"llr_extreme_size_x_productGroup_rrp",0
"llr_extreme_size_x_productGroup_rrp_of_10digit",0
"llr_extreme_size_x_productGroup_rrp_of_100digit",0
"llr_extreme_size_x_productGroup_rrp_of_1digit",0
"llr_max_freq_color_code_x_newproductgrouprrptwodigits_1",0
"llr_max_freq_color_code_x_newproductgrouprrptwodigits_2",0
"llr_max_freq_color_code_x_newproductgrouprrptwodigits_3",0
"llr_max_freq_color_code_x_newproductgrouprrptwodigits_4",0
"llr_max_freq_color_code_x_binned_new_productGroup_option_1",0
"llr_max_freq_color_code_x_binned_new_productGroup_option_2",0
"llr_max_freq_color_code_x_binned_new_productGroup_option_3",0
"llr_max_freq_color_code_x_binned_new_productGroup_option_4",0
"llr_max_freq_color_code_x_productGroup_rrp",0
"llr_max_freq_color_code_x_productGroup_rrp_of_10digit",0
"llr_max_freq_color_code_x_productGroup_rrp_of_100digit",0
"llr_newproductgrouprrptwodigits_1",0
"llr_newproductgrouprrptwodigits_1_x_newproductgrouprrptwodigits_2",0
"llr_newproductgrouprrptwodigits_1_x_newproductgrouprrptwodigits_3",0
"llr_newproductgrouprrptwodigits_1_x_newproductgrouprrptwodigits_4",0
"llr_newproductgrouprrptwodigits_1_x_binned_new_productGroup_option_1",0
"llr_newproductgrouprrptwodigits_1_x_binned_new_productGroup_option_2",0
"llr_newproductgrouprrptwodigits_1_x_binned_new_productGroup_option_3",0
"llr_newproductgrouprrptwodigits_1_x_binned_new_productGroup_option_4",0
"llr_newproductgrouprrptwodigits_1_x_productGroup_rrp",0
"llr_newproductgrouprrptwodigits_1_x_productGroup_rrp_of_10digit",0
"llr_newproductgrouprrptwodigits_1_x_productGroup_rrp_of_100digit",0
"llr_newproductgrouprrptwodigits_1_x_productGroup_rrp_of_1digit",0
"llr_newproductgrouprrptwodigits_2",0
"llr_newproductgrouprrptwodigits_2_x_newproductgrouprrptwodigits_3",0
"llr_newproductgrouprrptwodigits_2_x_newproductgrouprrptwodigits_4",0
"llr_newproductgrouprrptwodigits_2_x_binned_new_productGroup_option_1",0
"llr_newproductgrouprrptwodigits_2_x_binned_new_productGroup_option_2",0
"llr_newproductgrouprrptwodigits_2_x_binned_new_productGroup_option_3",0
"llr_newproductgrouprrptwodigits_2_x_binned_new_productGroup_option_4",0
"llr_newproductgrouprrptwodigits_2_x_productGroup_rrp",0
"llr_newproductgrouprrptwodigits_2_x_productGroup_rrp_of_10digit",0
"llr_newproductgrouprrptwodigits_2_x_productGroup_rrp_of_100digit",0
"llr_newproductgrouprrptwodigits_2_x_productGroup_rrp_of_1digit",0
"llr_newproductgrouprrptwodigits_3",0
"llr_newproductgrouprrptwodigits_3_x_newproductgrouprrptwodigits_4",0
"llr_newproductgrouprrptwodigits_3_x_binned_new_productGroup_option_1",0
"llr_newproductgrouprrptwodigits_3_x_binned_new_productGroup_option_2",0
"llr_newproductgrouprrptwodigits_3_x_binned_new_productGroup_option_3",0
"llr_newproductgrouprrptwodigits_3_x_binned_new_productGroup_option_4",0
"llr_newproductgrouprrptwodigits_3_x_productGroup_rrp",0
"llr_newproductgrouprrptwodigits_3_x_productGroup_rrp_of_10digit",0
"llr_newproductgrouprrptwodigits_3_x_productGroup_rrp_of_100digit",0
"llr_newproductgrouprrptwodigits_3_x_productGroup_rrp_of_1digit",0
"llr_newproductgrouprrptwodigits_4",0
"llr_newproductgrouprrptwodigits_4_x_binned_new_productGroup_option_1",0
"llr_newproductgrouprrptwodigits_4_x_binned_new_productGroup_option_2",0
"llr_newproductgrouprrptwodigits_4_x_binned_new_productGroup_option_3",0
"llr_newproductgrouprrptwodigits_4_x_binned_new_productGroup_option_4",0
"llr_newproductgrouprrptwodigits_4_x_productGroup_rrp",0
"llr_newproductgrouprrptwodigits_4_x_productGroup_rrp_of_10digit",0
"llr_newproductgrouprrptwodigits_4_x_productGroup_rrp_of_100digit",0
"llr_newproductgrouprrptwodigits_4_x_productGroup_rrp_of_1digit",0
"llr_binned_new_productGroup_option_1",0
"llr_binned_new_productGroup_option_1_x_binned_new_productGroup_option_2",0
"llr_binned_new_productGroup_option_1_x_binned_new_productGroup_option_3",0
"llr_binned_new_productGroup_option_1_x_binned_new_productGroup_option_4",0
"llr_binned_new_productGroup_option_1_x_productGroup_rrp",0
"llr_binned_new_productGroup_option_1_x_productGroup_rrp_of_10digit",0
"llr_binned_new_productGroup_option_1_x_productGroup_rrp_of_100digit",0
"llr_binned_new_productGroup_option_1_x_productGroup_rrp_of_1digit",0
"llr_binned_new_productGroup_option_2",0
"llr_binned_new_productGroup_option_2_x_binned_new_productGroup_option_3",0
"llr_binned_new_productGroup_option_2_x_binned_new_productGroup_option_4",0
"llr_binned_new_productGroup_option_2_x_productGroup_rrp",0
"llr_binned_new_productGroup_option_2_x_productGroup_rrp_of_10digit",0
"llr_binned_new_productGroup_option_2_x_productGroup_rrp_of_100digit",0
"llr_binned_new_productGroup_option_2_x_productGroup_rrp_of_1digit",0
"llr_binned_new_productGroup_option_3",0
"llr_binned_new_productGroup_option_3_x_binned_new_productGroup_option_4",0
"llr_binned_new_productGroup_option_3_x_productGroup_rrp",0
"llr_binned_new_productGroup_option_3_x_productGroup_rrp_of_10digit",0
"llr_binned_new_productGroup_option_3_x_productGroup_rrp_of_100digit",0
"llr_binned_new_productGroup_option_3_x_productGroup_rrp_of_1digit",0
"llr_binned_new_productGroup_option_4",0
"llr_binned_new_productGroup_option_4_x_productGroup_rrp",0
"llr_binned_new_productGroup_option_4_x_productGroup_rrp_of_10digit",0
"llr_binned_new_productGroup_option_4_x_productGroup_rrp_of_100digit",0
"llr_binned_new_productGroup_option_4_x_productGroup_rrp_of_1digit",0
"llr_productGroup_rrp",0
"llr_productGroup_rrp_x_productGroup_rrp_of_10digit",0
"llr_productGroup_rrp_x_productGroup_rrp_of_100digit",0
"llr_productGroup_rrp_x_productGroup_rrp_of_1digit",0
"llr_productGroup_rrp_of_10digit",0
"llr_productGroup_rrp_of_10digit_x_productGroup_rrp_of_100digit",0
"llr_productGroup_rrp_of_10digit_x_productGroup_rrp_of_1digit",0
"llr_productGroup_rrp_of_100digit",0
"llr_productGroup_rrp_of_100digit_x_productGroup_rrp_of_1digit",0
"llr_productGroup_rrp_of_1digit",0
